dataset,dataset_label,subject,n_classes,experiment_key,experiment,val_accuracy,val_Brier,val_ECE,val_NLL,heldout_accuracy,heldout_Brier,heldout_ECE,heldout_NLL,heldout_Brier_uncalibrated,heldout_ECE_uncalibrated,chance_accuracy,chance_Brier,temperature,temperature_at_clamp,n_patches,window_seconds,selection_split,eval_labels_used_for_selection,audit_json
lee2019_mi,Lee2019_MI,1,2,cbramod_finetune_randinit_sel,cbramod_finetune,0.625,0.4579661215829393,0.2545111694155668,0.6494726420104767,0.505,0.5451078413825284,0.1787892220837265,0.7481765824759825,0.9341451508988874,0.4615483160013824,0.5,0.5,20.0,True,4,4.0,A0xT_validation,False,"{""adaptation"": ""finetune_end_to_end"", ""selected_epoch"": 22, ""selection_Brier_at_selected_epoch"": 0.7189376126086106, ""val_brier_curve"": [1.008850127791888, 0.7539147693336808, 1.0119801239473503, 1.0734804266739841, 0.8054545482757968, 1.043413929135396, 1.2956361091952553, 0.9280345829227606, 0.7982208509161569, 1.0759568891534241, 0.9177922711181201, 1.117907339086743, 1.0757176100437018, 0.917550241334293, 1.130662629161289, 1.0317686198765958, 0.7902366810971857, 0.7266892926048413, 0.9773183359206744, 0.8418819230650154, 1.182272806691048, 1.1806485873706833, 0.7189376126086106, 0.8620336399909461, 0.8268545956386688, 0.9542226174784554, 1.032803218819141, 1.0993183894124745, 1.2752363689112935, 1.07713794132199, 0.9879243486150824, 1.0683712026017207, 1.0183012170149772, 0.993680085086123, 0.9948047928314526, 1.0394407996186357, 0.9299438439390066, 0.9355461125918783, 1.045791394085387, 0.9183151629551263, 0.8137413768260263, 0.8503978575789046, 0.8688083561489857, 0.9123488263198777, 0.931717805033645, 0.9344517270436791, 0.8874488898435949, 0.9506256664626201, 0.9602482438593558, 1.0060563395541464, 0.903049426320934, 0.9041370961084155, 0.907346858362647, 0.9305078594263787, 0.9397035546884209, 0.9351047794696971, 0.9307578720077391, 0.9286632232952542, 0.927690347948668, 0.9279462540081982], ""epochs"": 60, ""lr"": 0.0005, ""layer_decay"": 0.9, ""weight_decay"": 0.05, ""label_smoothing"": 0.1, ""finetune_batch_size"": 16, ""steps_per_epoch"": 10, ""total_steps"": 600, ""warmup_steps"": 60, ""freeze_blocks"": 0, ""n_frozen_tensors"": 0, ""n_frozen_modules_in_eval"": 0, ""head_warmup_epochs"": 0, ""n_trainable_parameters"": 5023002, ""model"": ""cbramod"", ""builder"": ""CBraMod"", ""checkpoint"": ""random_init"", ""pretrained"": false, ""n_parameters"": 5023202, ""n_times"": 800, ""n_chans"": 62, ""amplitude_divisor"": 100.0}"
lee2019_mi,Lee2019_MI,2,2,cbramod_finetune_randinit_sel,cbramod_finetune,0.7,0.48475552120547966,0.3548390273093708,0.683302744805221,0.595,0.47445314421538215,0.12285343211538184,0.6669481240015922,0.7471081719399854,0.3686022573585939,0.5,0.5,20.0,True,4,4.0,A0xT_validation,False,"{""adaptation"": ""finetune_end_to_end"", ""selected_epoch"": 31, ""selection_Brier_at_selected_epoch"": 0.6140259729765897, ""val_brier_curve"": [0.9947033396590206, 0.9031735792094249, 0.8187858610530739, 1.0018218906627658, 1.009287032490096, 0.7671987609744284, 0.8210824929111309, 0.9999999871237136, 1.0882559028067509, 0.9394324389564975, 1.0000000498118333, 0.7964266846062713, 0.8013811074316006, 0.8580563478777045, 0.9580860722276858, 0.9005741966166962, 0.7748872606752805, 0.7505999849297103, 0.7932532265947632, 0.71793313444786, 0.9502874153955476, 0.8777599809162826, 0.7976761193435454, 0.8251072744351214, 0.7916946304544475, 0.6946161908029276, 0.8907518590383645, 0.9622408272491991, 0.801252666339893, 0.7958790627519639, 0.8684470963055297, 0.6140259729765897, 0.6882084605815468, 0.8584757203718067, 0.9409751273523501, 0.7461386159994625, 0.8897449884272788, 0.7774976356612529, 0.7331486835974185, 0.6666267301130269, 0.7637707330731753, 0.7434188058321988, 0.7456510688689404, 0.7767761590062594, 0.7385455611605861, 0.7326948018219464, 0.8112698131744306, 0.7380327228221806, 0.7801174984471448, 0.7318571788356346, 0.7727149211853004, 0.7663592782131703, 0.7717821135180548, 0.764784190129013, 0.7728821549846786, 0.770289958716333, 0.7650046534524975, 0.7616414121481406, 0.7613344029739401, 0.761098387455814], ""epochs"": 60, ""lr"": 0.0005, ""layer_decay"": 0.9, ""weight_decay"": 0.05, ""label_smoothing"": 0.1, ""finetune_batch_size"": 16, ""steps_per_epoch"": 10, ""total_steps"": 600, ""warmup_steps"": 60, ""freeze_blocks"": 0, ""n_frozen_tensors"": 0, ""n_frozen_modules_in_eval"": 0, ""head_warmup_epochs"": 0, ""n_trainable_parameters"": 5023002, ""model"": ""cbramod"", ""builder"": ""CBraMod"", ""checkpoint"": ""random_init"", ""pretrained"": false, ""n_parameters"": 5023202, ""n_times"": 800, ""n_chans"": 62, ""amplitude_divisor"": 100.0}"
lee2019_mi,Lee2019_MI,3,2,cbramod_finetune_randinit_sel,cbramod_finetune,0.65,0.4731893524662027,0.219695114617673,0.6835158577656282,0.58,0.5428881181312033,0.18351336045182265,0.7519163829607698,0.8215218165848018,0.39478936693932287,0.5,0.5,20.0,True,4,4.0,A0xT_validation,False,"{""adaptation"": ""finetune_end_to_end"", ""selected_epoch"": 25, ""selection_Brier_at_selected_epoch"": 0.6635939234975637, ""val_brier_curve"": [0.9320967476632276, 0.8898485224430089, 0.8665573227189138, 1.0338607928205665, 1.079499419300769, 1.0342302964798087, 0.8759629879521398, 1.1327201653182348, 0.9879665768098143, 1.2451870496055397, 0.8522408384732983, 0.9475578658358323, 0.9478244977870858, 0.9000550963798609, 0.9500671677034014, 0.8720530889415347, 0.9788381241888405, 0.8887642758855978, 0.7448673509868897, 0.886205651984849, 0.9945346250348648, 0.9096961828594381, 0.9490087875376411, 0.9090060409908315, 0.9799262631340799, 0.6635939234975637, 0.9227265428733478, 0.9078548767205878, 0.8621608894209922, 0.9126517277597543, 0.8330813634286602, 0.8458442509500275, 0.8009741200677049, 0.9597744614500192, 0.9497353815328358, 0.8325270593875876, 0.9367659305457913, 0.8359404382946345, 0.779103070260095, 0.7881448699237417, 0.8524248006856279, 0.8142036175626544, 0.8614231433910469, 0.8483971787984561, 0.8656103009709719, 0.8244563180387733, 0.826839253237303, 0.7731131778187292, 0.8051358006752249, 0.7516154015973333, 0.8286679956872607, 0.6945666867003043, 0.6997321263457915, 0.6874463262316525, 0.7631912934570206, 0.7768071092520037, 0.7411670013065408, 0.729170077039535, 0.7303322420251563, 0.7293034264788391], ""epochs"": 60, ""lr"": 0.0005, ""layer_decay"": 0.9, ""weight_decay"": 0.05, ""label_smoothing"": 0.1, ""finetune_batch_size"": 16, ""steps_per_epoch"": 10, ""total_steps"": 600, ""warmup_steps"": 60, ""freeze_blocks"": 0, ""n_frozen_tensors"": 0, ""n_frozen_modules_in_eval"": 0, ""head_warmup_epochs"": 0, ""n_trainable_parameters"": 5023002, ""model"": ""cbramod"", ""builder"": ""CBraMod"", ""checkpoint"": ""random_init"", ""pretrained"": false, ""n_parameters"": 5023202, ""n_times"": 800, ""n_chans"": 62, ""amplitude_divisor"": 100.0}"
lee2019_mi,Lee2019_MI,4,2,cbramod_finetune_randinit_sel,cbramod_finetune,0.825,0.24599037023444498,0.1198994590962503,0.394013964361479,0.825,0.24013774980042235,0.08606999593893752,0.3708142779133166,0.32121979438907533,0.14396857824816844,0.5,0.5,5.461169242858887,False,4,4.0,A0xT_validation,False,"{""adaptation"": ""finetune_end_to_end"", ""selected_epoch"": 32, ""selection_Brier_at_selected_epoch"": 0.3184496068779083, ""val_brier_curve"": [0.8349276839967723, 0.6588407822199669, 0.5884243984238765, 0.504097655151102, 0.4757583318525153, 0.7345067469059631, 0.40953991392666955, 0.5159798438760385, 0.8151367230029543, 0.7556933990230374, 0.39879486606805437, 0.5849798049538568, 0.7402218694531626, 0.5319601161967139, 0.7617170784709237, 0.3830064388628469, 0.5577884488286994, 0.6436060264011987, 0.5221398334983072, 0.5528604576113267, 0.6959484249914631, 0.49228860071740266, 0.5511472312735304, 0.33721487685061036, 0.5206328917943963, 0.4709042424313248, 0.4802791281969264, 0.8615406708987823, 0.4465992271326572, 0.3294471003330155, 0.3770877961383456, 0.3211886773915726, 0.3184496068779083, 0.3263212274665566, 0.5682891902950461, 0.5439214204842082, 0.3955195458274301, 0.4961223989215252, 0.39615244932494137, 0.46419076992959774, 0.48697723175235985, 0.4793175019101653, 0.428980729689454, 0.4219012412713522, 0.69635560920227, 0.4526291419134708, 0.3397294143288098, 0.4532946840609265, 0.43755507241548647, 0.3502118547208984, 0.43055358918449105, 0.37062460047138857, 0.36275489085989593, 0.4034872001021371, 0.41739033590548835, 0.3534512960934871, 0.3435990771606542, 0.3568306072646668, 0.35682912411763434, 0.3571544681247186], ""epochs"": 60, ""lr"": 0.0005, ""layer_decay"": 0.9, ""weight_decay"": 0.05, ""label_smoothing"": 0.1, ""finetune_batch_size"": 16, ""steps_per_epoch"": 10, ""total_steps"": 600, ""warmup_steps"": 60, ""freeze_blocks"": 0, ""n_frozen_tensors"": 0, ""n_frozen_modules_in_eval"": 0, ""head_warmup_epochs"": 0, ""n_trainable_parameters"": 5023002, ""model"": ""cbramod"", ""builder"": ""CBraMod"", ""checkpoint"": ""random_init"", ""pretrained"": false, ""n_parameters"": 5023202, ""n_times"": 800, ""n_chans"": 62, ""amplitude_divisor"": 100.0}"
lee2019_mi,Lee2019_MI,5,2,cbramod_finetune_randinit_sel,cbramod_finetune,0.775,0.30567197415864394,0.2036494464700087,0.48913397881240783,0.595,0.5686404065870225,0.18916784456623265,0.8511805459923336,0.7651514643925073,0.3778933365863779,0.5,0.5,9.130431175231934,False,4,4.0,A0xT_validation,False,"{""adaptation"": ""finetune_end_to_end"", ""selected_epoch"": 23, ""selection_Brier_at_selected_epoch"": 0.3660191692362435, ""val_brier_curve"": [0.7582224939536534, 0.6050774226618711, 0.9407772067090061, 0.6930280753330111, 0.8932648516317911, 0.7499789182338968, 0.9999999812128572, 0.83724710225667, 0.7286739471969921, 0.46144924945778476, 0.9045965157027622, 0.7495414363843034, 0.9024927699561858, 0.7004032768110944, 0.70178235243532, 0.6378839195221258, 0.7110558418453593, 0.8702515397441204, 0.9896096250405476, 0.5605658536455653, 0.49280116161263, 0.791347952646978, 0.5366782080155625, 0.3660191692362435, 0.6128918855268772, 0.4611804041409119, 0.7478021580370253, 0.7798478342424385, 0.8273392167054308, 0.7900529536075633, 0.4862830814687146, 0.5993315923631997, 0.5697121614841517, 0.8282545325858672, 0.6341472413547214, 0.6716047707183087, 0.5274530469330896, 0.6680399077470014, 0.618898850483487, 0.4853199092699188, 0.6155986144320771, 0.464614489944298, 0.5149806213456245, 0.44811790356017395, 0.6151236997893859, 0.4861734664996458, 0.5299955818036315, 0.48695645581099267, 0.48088479613273616, 0.494172179922597, 0.5113799552967121, 0.49637749310030727, 0.504259907890092, 0.5060290408035445, 0.5005054420398167, 0.4994650325370703, 0.49735850625971006, 0.4946459183412196, 0.49507386103938733, 0.4952953446464733], ""epochs"": 60, ""lr"": 0.0005, ""layer_decay"": 0.9, ""weight_decay"": 0.05, ""label_smoothing"": 0.1, ""finetune_batch_size"": 16, ""steps_per_epoch"": 10, ""total_steps"": 600, ""warmup_steps"": 60, ""freeze_blocks"": 0, ""n_frozen_tensors"": 0, ""n_frozen_modules_in_eval"": 0, ""head_warmup_epochs"": 0, ""n_trainable_parameters"": 5023002, ""model"": ""cbramod"", ""builder"": ""CBraMod"", ""checkpoint"": ""random_init"", ""pretrained"": false, ""n_parameters"": 5023202, ""n_times"": 800, ""n_chans"": 62, ""amplitude_divisor"": 100.0}"
lee2019_mi,Lee2019_MI,6,2,cbramod_finetune_randinit_sel,cbramod_finetune,0.95,0.08861430645594297,0.07572908862153267,0.14185616381156962,0.84,0.2054125698420718,0.09887329887575116,0.33390802043560597,0.2473582333710805,0.12952323363306184,0.5,0.5,2.0441734790802,False,4,4.0,A0xT_validation,False,"{""adaptation"": ""finetune_end_to_end"", ""selected_epoch"": 41, ""selection_Brier_at_selected_epoch"": 0.09698861776436883, ""val_brier_curve"": [0.6536851188780339, 0.5080285116282384, 0.44225336598267023, 0.8265425011989838, 0.9605072953742125, 0.8852644911737413, 0.5411104139856965, 0.33099536952468467, 0.4085192476284051, 0.7999192618624307, 0.40158324871893586, 0.49986628374516356, 0.4135441312633074, 0.5468777168181436, 0.7367064706470972, 0.6446191945960112, 0.8551852883127488, 0.3823966558891547, 0.2700177060161737, 0.3952710800455308, 0.5254238635693078, 0.15233922035150918, 0.1994451358871408, 0.5726350921749322, 0.5568967607621778, 0.27686099278960535, 0.7496722310384863, 0.7869763996297732, 0.22644874466151954, 0.2740700702108283, 0.5140588858571349, 0.2589269655082993, 0.3460536185646538, 0.256721062765402, 0.1778356841353736, 0.3347398908409263, 0.35884555152850456, 0.30417888796503495, 0.2187451737710627, 0.4592636285234617, 0.12272063260152821, 0.09698861776436883, 0.18015498112438294, 0.15243313971210065, 0.1060970216159669, 0.09817801149896553, 0.147843466477049, 0.12439591070078349, 0.1236637329731642, 0.14401531302834025, 0.20039459296016884, 0.1279970226618357, 0.1474135669560263, 0.16972753240662014, 0.17169227686037725, 0.178867433722458, 0.17810055227708776, 0.18032819325740557, 0.18116466112865487, 0.18100133007349625], ""epochs"": 60, ""lr"": 0.0005, ""layer_decay"": 0.9, ""weight_decay"": 0.05, ""label_smoothing"": 0.1, ""finetune_batch_size"": 16, ""steps_per_epoch"": 10, ""total_steps"": 600, ""warmup_steps"": 60, ""freeze_blocks"": 0, ""n_frozen_tensors"": 0, ""n_frozen_modules_in_eval"": 0, ""head_warmup_epochs"": 0, ""n_trainable_parameters"": 5023002, ""model"": ""cbramod"", ""builder"": ""CBraMod"", ""checkpoint"": ""random_init"", ""pretrained"": false, ""n_parameters"": 5023202, ""n_times"": 800, ""n_chans"": 62, ""amplitude_divisor"": 100.0}"
lee2019_mi,Lee2019_MI,7,2,cbramod_finetune_randinit_sel,cbramod_finetune,0.825,0.29499209207514693,0.17047647649191694,0.4422462630238191,0.6,0.5490196652979242,0.18178804526154663,0.8161150319006325,0.7202037382313498,0.3491301837242166,0.5,0.5,4.974560260772705,False,4,4.0,A0xT_validation,False,"{""adaptation"": ""finetune_end_to_end"", ""selected_epoch"": 37, ""selection_Brier_at_selected_epoch"": 0.3345353135167205, ""val_brier_curve"": [0.9760557563246607, 0.5966449214570376, 0.8733514240524809, 0.5552336147699781, 0.6480438663241793, 0.9999052188062603, 0.48027037911298837, 0.49524159455840044, 0.5292934801587379, 0.7969151922461759, 0.6474056267312395, 1.0, 0.6994560992556604, 0.5414153851083761, 0.7270940651604526, 0.8512248555177357, 0.7361648210546798, 0.5854963450112296, 0.5054967913532126, 0.49750034813219746, 0.49695895831661385, 0.5881444939864261, 0.7561611845890593, 0.44349239067797663, 0.48470793270885737, 0.4561751564165374, 0.4830257398005582, 0.65368213996529, 0.3682205601373508, 0.37227184730027946, 0.5780885471435062, 0.800306412700684, 0.43931779939981086, 0.46132363786477343, 0.39640017393548216, 0.5928115650502906, 0.4216619059327056, 0.3345353135167205, 0.37165836227532856, 0.5657389551981575, 0.4513500416719536, 0.43526970696941225, 0.41823059943552005, 0.42418139351472595, 0.37563229071086945, 0.556349682995112, 0.5015827426665492, 0.4114056075977043, 0.37042833619032806, 0.3799363649008085, 0.3728749317127591, 0.42430332778959823, 0.40571644633136766, 0.3848318835818264, 0.40703478852038283, 0.4220461272807148, 0.4152527365739722, 0.4103367906029908, 0.4119275422928661, 0.4123476082810395], ""epochs"": 60, ""lr"": 0.0005, ""layer_decay"": 0.9, ""weight_decay"": 0.05, ""label_smoothing"": 0.1, ""finetune_batch_size"": 16, ""steps_per_epoch"": 10, ""total_steps"": 600, ""warmup_steps"": 60, ""freeze_blocks"": 0, ""n_frozen_tensors"": 0, ""n_frozen_modules_in_eval"": 0, ""head_warmup_epochs"": 0, ""n_trainable_parameters"": 5023002, ""model"": ""cbramod"", ""builder"": ""CBraMod"", ""checkpoint"": ""random_init"", ""pretrained"": false, ""n_parameters"": 5023202, ""n_times"": 800, ""n_chans"": 62, ""amplitude_divisor"": 100.0}"
lee2019_mi,Lee2019_MI,8,2,cbramod_finetune_randinit_sel,cbramod_finetune,0.85,0.29555972228496236,0.1799299943979375,0.4611229097053192,0.64,0.4750067806023568,0.1268582176314397,0.6893760721018708,0.6661427020644922,0.319426883757808,0.5,0.5,7.843562126159668,False,4,4.0,A0xT_validation,False,"{""adaptation"": ""finetune_end_to_end"", ""selected_epoch"": 36, ""selection_Brier_at_selected_epoch"": 0.31193500161674004, ""val_brier_curve"": [0.984346155936208, 0.9080867225522951, 1.0029024826421753, 0.9180303075711074, 0.5361395731266846, 0.7354027177935681, 0.751054338326975, 0.6494883335878177, 0.7423563889621907, 0.8915836168006688, 0.93430755154792, 0.599462390284123, 1.0498955325530626, 0.5092096392483579, 0.4791189660725797, 0.6219471655327162, 0.8037037980367041, 0.6030885970629475, 0.699510642798352, 0.43491331840181074, 0.740595289852275, 0.6173459192736871, 0.7285865383074217, 0.5685922247224781, 0.8782956273546135, 0.48991825331476396, 0.48507282020122505, 0.5759171302367367, 0.5443729677938056, 0.40559042274174945, 0.47076810698234917, 0.646246676247174, 0.3676783853185891, 0.39965204607059823, 0.46677273891830656, 0.3564533151284894, 0.31193500161674004, 0.33636601532959265, 0.5236346860657067, 0.6196811625889681, 0.5956219836982098, 0.4023480144459274, 0.5825375476232394, 0.41158162606498994, 0.5354708799243897, 0.39551740592951135, 0.4467139868492632, 0.5869339866678739, 0.5287208308967469, 0.42928921424831296, 0.4073088829672068, 0.4297164022734433, 0.5062812038182535, 0.49746822812874925, 0.48961214950792814, 0.4549489179419881, 0.4400433911540885, 0.44747714186504056, 0.449438313991676, 0.4498705094469087], ""epochs"": 60, ""lr"": 0.0005, ""layer_decay"": 0.9, ""weight_decay"": 0.05, ""label_smoothing"": 0.1, ""finetune_batch_size"": 16, ""steps_per_epoch"": 10, ""total_steps"": 600, ""warmup_steps"": 60, ""freeze_blocks"": 0, ""n_frozen_tensors"": 0, ""n_frozen_modules_in_eval"": 0, ""head_warmup_epochs"": 0, ""n_trainable_parameters"": 5023002, ""model"": ""cbramod"", ""builder"": ""CBraMod"", ""checkpoint"": ""random_init"", ""pretrained"": false, ""n_parameters"": 5023202, ""n_times"": 800, ""n_chans"": 62, ""amplitude_divisor"": 100.0}"
lee2019_mi,Lee2019_MI,9,2,cbramod_finetune_randinit_sel,cbramod_finetune,0.55,0.4923894116911914,0.2813721799039067,0.6854393634982943,0.485,0.5030880663501459,0.10213888812069055,0.6962927351810628,0.8408154499404471,0.4025400373703084,0.5,0.5,15.627821922302246,False,4,4.0,A0xT_validation,False,"{""adaptation"": ""finetune_end_to_end"", ""selected_epoch"": 0, ""selection_Brier_at_selected_epoch"": 0.7074043768411544, ""val_brier_curve"": [0.7074043768411544, 0.9156180427374396, 0.8846881451762398, 0.9869684929864585, 0.995588511566298, 0.9317833830573843, 1.0730020291761384, 0.9443491931711451, 0.9522931600614752, 0.904482552226545, 0.8499156377716691, 1.0470351521884216, 1.0400902296194527, 0.8457900958144989, 1.1143921749922427, 0.8580687978861968, 1.0482542118579188, 0.9316760212284585, 1.07695633261667, 0.9160100058207717, 1.0737320922283071, 1.1158636746857475, 1.0971960604027464, 1.0246478271407544, 1.0642937646129844, 0.9419875665579805, 0.9713028188360523, 1.1147605161138419, 0.9547711045777183, 0.9594728500891133, 0.9379472110779966, 0.8651878029667174, 0.7756587458186657, 0.991293051473994, 0.9594666327302619, 0.8477994517920611, 1.0784197429626516, 1.0044161571092523, 0.8229300050776507, 0.7561234568616746, 0.7327427921371843, 0.864596424773812, 0.8154465392394229, 0.8231126349802178, 0.8033701344293969, 0.9043222968758065, 0.7680972398231479, 0.8824352395536588, 0.943749337461583, 0.8826273102431031, 0.9424506242232678, 0.8977378989155728, 0.9108609798233449, 0.9287814027388362, 0.9136535873736225, 0.9030489754857882, 0.9104582544548443, 0.9127115324745521, 0.9170842533208254, 0.9175360247755876], ""epochs"": 60, ""lr"": 0.0005, ""layer_decay"": 0.9, ""weight_decay"": 0.05, ""label_smoothing"": 0.1, ""finetune_batch_size"": 16, ""steps_per_epoch"": 10, ""total_steps"": 600, ""warmup_steps"": 60, ""freeze_blocks"": 0, ""n_frozen_tensors"": 0, ""n_frozen_modules_in_eval"": 0, ""head_warmup_epochs"": 0, ""n_trainable_parameters"": 5023002, ""model"": ""cbramod"", ""builder"": ""CBraMod"", ""checkpoint"": ""random_init"", ""pretrained"": false, ""n_parameters"": 5023202, ""n_times"": 800, ""n_chans"": 62, ""amplitude_divisor"": 100.0}"
lee2019_mi,Lee2019_MI,10,2,cbramod_finetune_randinit_sel,cbramod_finetune,0.7,0.43486158263278724,0.22903295000691412,0.6209406986193897,0.445,0.6709819500047013,0.27645435694040055,0.9247594802778373,1.0837797349821179,0.5400227238161377,0.5,0.5,20.0,True,4,4.0,A0xT_validation,False,"{""adaptation"": ""finetune_end_to_end"", ""selected_epoch"": 6, ""selection_Brier_at_selected_epoch"": 0.5915949526978851, ""val_brier_curve"": [0.9270258155011153, 0.9302790253498621, 0.9030492766562404, 0.9974454866175856, 0.9371991339684144, 0.8750597956320967, 0.5915949526978851, 0.7959357297611772, 0.955895659452428, 0.7729759506016849, 0.8561136119288626, 0.9499936586045885, 0.8532632455034743, 0.9165914202419456, 0.9419427377530937, 0.8680882765404985, 0.7814092067195468, 0.6728104765809588, 0.7381236678103347, 0.9123734869371273, 0.8855185148349012, 0.895195316146981, 0.7294327185103174, 0.8819419950696334, 0.9443132900864037, 0.8091448270270043, 0.7759241443355542, 0.94316695503901, 0.8573422307553447, 0.8352502593769335, 0.816712200384228, 0.7623879051608405, 0.7639673187473518, 0.8300978247309615, 0.680687622007795, 0.8294213796182722, 0.9427615009105856, 0.6806002788559038, 0.6912409016136245, 0.8511683617984437, 0.767740826923391, 0.765424444404524, 0.7927965149769125, 0.7054020849740212, 0.7987259278674065, 0.6796456282924904, 0.7740426890813501, 0.7373836728328053, 0.7171179163538267, 0.7148768279437153, 0.7251886781280698, 0.7061745059888802, 0.7221568942511418, 0.7144387591227339, 0.7205102668901118, 0.7211943719873842, 0.7060857738022615, 0.7047998697664628, 0.7014304949259123, 0.7015428633951177], ""epochs"": 60, ""lr"": 0.0005, ""layer_decay"": 0.9, ""weight_decay"": 0.05, ""label_smoothing"": 0.1, ""finetune_batch_size"": 16, ""steps_per_epoch"": 10, ""total_steps"": 600, ""warmup_steps"": 60, ""freeze_blocks"": 0, ""n_frozen_tensors"": 0, ""n_frozen_modules_in_eval"": 0, ""head_warmup_epochs"": 0, ""n_trainable_parameters"": 5023002, ""model"": ""cbramod"", ""builder"": ""CBraMod"", ""checkpoint"": ""random_init"", ""pretrained"": false, ""n_parameters"": 5023202, ""n_times"": 800, ""n_chans"": 62, ""amplitude_divisor"": 100.0}"
lee2019_mi,Lee2019_MI,11,2,cbramod_finetune_randinit_sel,cbramod_finetune,0.575,0.4886164227353909,0.18594917538178668,0.6813768245831288,0.55,0.5055147508202368,0.15264261302569807,0.6993045693413665,0.728902249692016,0.32940090856245174,0.5,0.5,11.393610954284668,False,4,4.0,A0xT_validation,False,"{""adaptation"": ""finetune_end_to_end"", ""selected_epoch"": 0, ""selection_Brier_at_selected_epoch"": 0.6787920856494515, ""val_brier_curve"": [0.6787920856494515, 0.7822232831221038, 0.9742103209373031, 0.7099472024758934, 1.0257639001649337, 1.0632014178104598, 0.9497087605070444, 0.7201223893599533, 1.0000107461063776, 0.8130732474313523, 1.1534719851338107, 0.8908944674649577, 0.7255655106838705, 0.8346994239497425, 0.9752277973591335, 0.8892464937472834, 1.0058259607369133, 0.9947321860105237, 0.8044554266809371, 0.8710323672998506, 0.8330933169092273, 0.8333813686283076, 0.8792422665574715, 0.8826131138065414, 0.9788769263363054, 0.9763784278393512, 0.965943178299187, 0.8588507452966878, 0.8632552584142248, 0.8518784616191134, 0.9436000637667121, 0.8821966360460216, 0.8261661961820155, 0.9074362993948247, 0.7542716590560741, 0.7792728373993898, 0.7592338475165545, 1.0584324325186387, 0.8536125934376952, 0.8988083207339814, 0.8917624592585478, 0.8540444630316131, 0.8534115723015357, 0.8311272493506277, 0.7686365778180961, 0.7990278629610339, 0.7886574062441275, 0.8200470005685284, 0.7419815419804097, 0.7677032938196642, 0.7969961404834577, 0.7990867556547421, 0.7825380640766666, 0.7773683707811714, 0.7750066692707513, 0.7722513092730793, 0.7733663007360175, 0.7752293232978453, 0.7758551577332871, 0.7758848440753636], ""epochs"": 60, ""lr"": 0.0005, ""layer_decay"": 0.9, ""weight_decay"": 0.05, ""label_smoothing"": 0.1, ""finetune_batch_size"": 16, ""steps_per_epoch"": 10, ""total_steps"": 600, ""warmup_steps"": 60, ""freeze_blocks"": 0, ""n_frozen_tensors"": 0, ""n_frozen_modules_in_eval"": 0, ""head_warmup_epochs"": 0, ""n_trainable_parameters"": 5023002, ""model"": ""cbramod"", ""builder"": ""CBraMod"", ""checkpoint"": ""random_init"", ""pretrained"": false, ""n_parameters"": 5023202, ""n_times"": 800, ""n_chans"": 62, ""amplitude_divisor"": 100.0}"
lee2019_mi,Lee2019_MI,12,2,cbramod_finetune_randinit_sel,cbramod_finetune,0.75,0.403170256820591,0.2934359397834249,0.6061313654885334,0.575,0.5136136610403131,0.17361913027597373,0.7144199968821533,0.8258018863432335,0.40429562051990725,0.5,0.5,15.408823013305664,False,4,4.0,A0xT_validation,False,"{""adaptation"": ""finetune_end_to_end"", ""selected_epoch"": 32, ""selection_Brier_at_selected_epoch"": 0.4416819566188913, ""val_brier_curve"": [0.9168714419273325, 0.8322487077972817, 0.8366029469030891, 1.0684037597233529, 0.9256196039782031, 1.0000016520730237, 0.7594694192021615, 0.8561489443896946, 0.7626523166832265, 0.8853094186848871, 0.784682819945386, 0.7845140171889264, 0.8742514723650585, 0.8706825171085271, 0.6412392553244055, 0.9435880010735005, 0.6559321033780232, 0.526450013704096, 0.8425117310527679, 0.5460347783382945, 0.6929407482660193, 0.7083456996243399, 0.7328250474645304, 0.68203310993639, 0.5000778756724709, 0.6883958308692456, 0.5816343999788627, 0.945396556040806, 0.6707943119379337, 0.7413355515321572, 0.8003086599092007, 0.7787451298874162, 0.4416819566188913, 0.7260621508434648, 0.8003466396661627, 0.6506865010374608, 0.6209750792673462, 0.7016265086929371, 0.5811069532784122, 0.4930145768490511, 0.8878776227565506, 0.6133673351172326, 0.5223362346882613, 0.46587350162581487, 0.5188330854104575, 0.4731577290169392, 0.5800905915645644, 0.6614165045178974, 0.46856940828723614, 0.6587902307899741, 0.691898328212132, 0.5615168729432528, 0.6205779157640225, 0.6568727963628482, 0.6231227691238986, 0.5906526709619075, 0.603569997807317, 0.5932719250787923, 0.588945848704425, 0.5888114597990413], ""epochs"": 60, ""lr"": 0.0005, ""layer_decay"": 0.9, ""weight_decay"": 0.05, ""label_smoothing"": 0.1, ""finetune_batch_size"": 16, ""steps_per_epoch"": 10, ""total_steps"": 600, ""warmup_steps"": 60, ""freeze_blocks"": 0, ""n_frozen_tensors"": 0, ""n_frozen_modules_in_eval"": 0, ""head_warmup_epochs"": 0, ""n_trainable_parameters"": 5023002, ""model"": ""cbramod"", ""builder"": ""CBraMod"", ""checkpoint"": ""random_init"", ""pretrained"": false, ""n_parameters"": 5023202, ""n_times"": 800, ""n_chans"": 62, ""amplitude_divisor"": 100.0}"
lee2019_mi,Lee2019_MI,13,2,cbramod_finetune_randinit_sel,cbramod_finetune,0.75,0.42643081525320986,0.2110243264562942,0.6202629593407936,0.64,0.4569897601021697,0.11531715476964537,0.6477515189894565,0.6540495739173781,0.3107141491427445,0.5,0.5,7.847752094268799,False,4,4.0,A0xT_validation,False,"{""adaptation"": ""finetune_end_to_end"", ""selected_epoch"": 57, ""selection_Brier_at_selected_epoch"": 0.46969679415232185, ""val_brier_curve"": [0.8460823230250198, 0.7890695559272464, 1.0326058723409435, 0.744154762304875, 0.8768115739659486, 0.9999997895437087, 0.8648300450970593, 0.8476103313693996, 0.9092318253911771, 0.7267920227508767, 1.0770152042818368, 0.901934297854476, 0.799175257983603, 0.9713983085996976, 1.0496065365289913, 0.5418993339661522, 0.9999675946815693, 0.7844618549410834, 0.9249726513796922, 0.9733695750434412, 0.985902515245305, 0.960445549148434, 0.9999785127071661, 0.8639416180891478, 0.8496027977211892, 0.5145184108254838, 0.6749976888203485, 0.7259291726950453, 0.5447242391820635, 0.47438864981799556, 0.673737280089979, 0.6324993764380709, 0.6262030561669742, 0.7235468013352959, 0.7941587933700145, 0.6717776436481231, 0.6532815496033928, 0.8637543396551299, 0.5986544459886134, 0.554716961325341, 0.6114407946691072, 0.7141632764558974, 0.5285660131310986, 0.7884186985632631, 0.6878521456120279, 0.8222342614847096, 0.611671043765381, 0.6084724659728875, 0.5695367122912772, 0.52960034007978, 0.5077320133298086, 0.498125358828782, 0.4901862687606543, 0.5214476050898588, 0.49757641360083654, 0.4698490752773673, 0.47047415882069715, 0.46969679415232185, 0.46977701614657263, 0.4697646264303422], ""epochs"": 60, ""lr"": 0.0005, ""layer_decay"": 0.9, ""weight_decay"": 0.05, ""label_smoothing"": 0.1, ""finetune_batch_size"": 16, ""steps_per_epoch"": 10, ""total_steps"": 600, ""warmup_steps"": 60, ""freeze_blocks"": 0, ""n_frozen_tensors"": 0, ""n_frozen_modules_in_eval"": 0, ""head_warmup_epochs"": 0, ""n_trainable_parameters"": 5023002, ""model"": ""cbramod"", ""builder"": ""CBraMod"", ""checkpoint"": ""random_init"", ""pretrained"": false, ""n_parameters"": 5023202, ""n_times"": 800, ""n_chans"": 62, ""amplitude_divisor"": 100.0}"
lee2019_mi,Lee2019_MI,14,2,cbramod_finetune_randinit_sel,cbramod_finetune,0.525,0.5085153701524047,0.3177569346711936,0.7021878992542645,0.51,0.5094728980441603,0.09452062531476835,0.7029514290092231,0.8797287189235246,0.4211691594588807,0.5,0.5,20.0,True,4,4.0,A0xT_validation,False,"{""adaptation"": ""finetune_end_to_end"", ""selected_epoch"": 0, ""selection_Brier_at_selected_epoch"": 0.8394889398578214, ""val_brier_curve"": [0.8394889398578214, 0.931848898657959, 1.0047685480620399, 1.0785149291432776, 1.2568051037428316, 0.9461911329064364, 0.9670916837291624, 0.9999037016728582, 0.9483590398000512, 0.9507471453441102, 1.126673704702035, 1.0655966446375562, 0.9921712280612718, 1.0540518456849084, 1.109625646870843, 1.238258790384035, 1.3273932367100523, 0.999440713635764, 1.2458513049648787, 1.1967559729030897, 1.0952312243270816, 1.062204407156749, 1.132832531307585, 1.1806937255593335, 0.9886700865144945, 1.0248920209039516, 0.9795721521030586, 0.8939751126232627, 1.0425879427994187, 1.0826593909606044, 0.9582959704218688, 0.9665542415674327, 1.0255730825516967, 1.0475645755794587, 1.012590530024664, 0.9744819379834706, 1.030724638994865, 1.0725145360642503, 1.0982545456083164, 0.9712352681630302, 1.0459477501961936, 1.0965670149416638, 1.182160989841498, 1.1259215183847728, 1.0769631418194634, 1.0071657195178634, 1.0428412748225648, 0.9358770575156514, 1.0692209597584383, 1.1050361196933516, 1.0210403534051777, 0.9631617187864585, 0.9665972875429938, 0.961337783198557, 0.9892129153645743, 1.0198430253929633, 1.0508609843404766, 1.0502833080796763, 1.046764659945157, 1.0467327892436669], ""epochs"": 60, ""lr"": 0.0005, ""layer_decay"": 0.9, ""weight_decay"": 0.05, ""label_smoothing"": 0.1, ""finetune_batch_size"": 16, ""steps_per_epoch"": 10, ""total_steps"": 600, ""warmup_steps"": 60, ""freeze_blocks"": 0, ""n_frozen_tensors"": 0, ""n_frozen_modules_in_eval"": 0, ""head_warmup_epochs"": 0, ""n_trainable_parameters"": 5023002, ""model"": ""cbramod"", ""builder"": ""CBraMod"", ""checkpoint"": ""random_init"", ""pretrained"": false, ""n_parameters"": 5023202, ""n_times"": 800, ""n_chans"": 62, ""amplitude_divisor"": 100.0}"
lee2019_mi,Lee2019_MI,15,2,cbramod_finetune_randinit_sel,cbramod_finetune,0.9,0.15426906102895033,0.06837702826798682,0.24502339237571885,0.725,0.3948850773576726,0.12709040650502743,0.636290608005781,0.4782120233044643,0.2176252397682106,0.5,0.5,3.470383405685425,False,4,4.0,A0xT_validation,False,"{""adaptation"": ""finetune_end_to_end"", ""selected_epoch"": 35, ""selection_Brier_at_selected_epoch"": 0.16936228043409782, ""val_brier_curve"": [0.6731905973044963, 0.6940429925707711, 0.25910132504319616, 0.5626397516845092, 0.30068422752717, 0.7995364232695215, 0.4990230515249097, 0.4325991576886519, 0.39753119971043127, 0.5365854312726748, 0.8398393395777036, 0.34965885598708774, 0.2849983283304104, 0.43212047137288395, 0.9537567901109305, 0.19381998547375423, 0.49104057076322344, 0.3667770056300359, 0.3490481376509559, 0.38122286711711234, 0.3635471875226328, 0.3284336347291772, 0.28478578661123405, 0.9477885531738339, 0.17744949937386084, 0.37324638876754385, 0.3487182536671366, 0.2973067666596388, 0.26059869949608905, 0.2958072605655867, 0.33373686703932637, 0.31257568576049877, 0.35855197291475943, 0.1853648919830512, 0.24998545074846268, 0.16936228043409782, 0.1810679029166057, 0.22271714013288105, 0.22013039101169732, 0.2963684303138522, 0.30227454400399695, 0.3240773142181811, 0.31474155471605114, 0.22225271008632755, 0.3446000988734597, 0.20827228830229974, 0.2370983952146835, 0.18229412076161483, 0.18798756722604626, 0.24279350632203292, 0.21448362461893472, 0.17807464708376036, 0.1932367806021656, 0.22814739663745282, 0.20835500154800446, 0.18685678180842696, 0.17389646120655528, 0.17075101364271322, 0.1706671519502365, 0.17064951774322362], ""epochs"": 60, ""lr"": 0.0005, ""layer_decay"": 0.9, ""weight_decay"": 0.05, ""label_smoothing"": 0.1, ""finetune_batch_size"": 16, ""steps_per_epoch"": 10, ""total_steps"": 600, ""warmup_steps"": 60, ""freeze_blocks"": 0, ""n_frozen_tensors"": 0, ""n_frozen_modules_in_eval"": 0, ""head_warmup_epochs"": 0, ""n_trainable_parameters"": 5023002, ""model"": ""cbramod"", ""builder"": ""CBraMod"", ""checkpoint"": ""random_init"", ""pretrained"": false, ""n_parameters"": 5023202, ""n_times"": 800, ""n_chans"": 62, ""amplitude_divisor"": 100.0}"
lee2019_mi,Lee2019_MI,16,2,cbramod_finetune_randinit_sel,cbramod_finetune,0.6,0.5769313069198202,0.29389849871321144,0.800709605271118,0.49,0.6513448813294577,0.28147907552049806,0.8986768199043482,1.0149668671972771,0.500753969671408,0.5,0.5,20.0,True,4,4.0,A0xT_validation,False,"{""adaptation"": ""finetune_end_to_end"", ""selected_epoch"": 17, ""selection_Brier_at_selected_epoch"": 0.774932053739904, ""val_brier_curve"": [0.9990189443894846, 0.8400180810415007, 0.9254881491029296, 0.8310861578810075, 0.8515995825177699, 1.0872389615530207, 0.7999454082476054, 0.9710591726719187, 0.981207737514809, 0.84795095056355, 0.8811988033474621, 0.8961538187106617, 0.9279814405444972, 0.9425668726084762, 0.9222454786074772, 0.9911543542000902, 0.9721820041749204, 0.774932053739904, 1.0685037329289555, 1.1160166380318883, 0.8885080465632973, 0.8391501504896969, 0.9498793185902737, 0.91981808814317, 0.9856595804907033, 1.0626156482229288, 1.0849782150178064, 0.9460061110174143, 0.9396936511905831, 0.9396283954502792, 0.9002250530555702, 0.9032884658390203, 0.9314192177745891, 0.8485203953357514, 0.8747661131236495, 0.8663086841689083, 0.9414033633409536, 0.876130494419618, 0.9911559833061808, 0.9979010288545129, 1.0516960902387018, 1.0271550518853236, 0.8349882955552023, 0.8208733099032454, 0.9321516419875892, 0.936688806774937, 0.8000778140427312, 0.8668329025850774, 0.8512516820514773, 0.8290193837156858, 0.8935083176800032, 0.8372859535555375, 0.8038299365864848, 0.8027985572699107, 0.8183346603678217, 0.8097047242795046, 0.8115783455343244, 0.8218384498391276, 0.8241010569448157, 0.8243905087981027], ""epochs"": 60, ""lr"": 0.0005, ""layer_decay"": 0.9, ""weight_decay"": 0.05, ""label_smoothing"": 0.1, ""finetune_batch_size"": 16, ""steps_per_epoch"": 10, ""total_steps"": 600, ""warmup_steps"": 60, ""freeze_blocks"": 0, ""n_frozen_tensors"": 0, ""n_frozen_modules_in_eval"": 0, ""head_warmup_epochs"": 0, ""n_trainable_parameters"": 5023002, ""model"": ""cbramod"", ""builder"": ""CBraMod"", ""checkpoint"": ""random_init"", ""pretrained"": false, ""n_parameters"": 5023202, ""n_times"": 800, ""n_chans"": 62, ""amplitude_divisor"": 100.0}"
lee2019_mi,Lee2019_MI,17,2,cbramod_finetune_randinit_sel,cbramod_finetune,0.65,0.5059595957530449,0.31787671050294924,0.7058944539035494,0.5,0.5612513226097073,0.15698444440308934,0.7645305665696163,0.9335315936885457,0.4674538566796264,0.5,0.5,20.0,True,4,4.0,A0xT_validation,False,"{""adaptation"": ""finetune_end_to_end"", ""selected_epoch"": 3, ""selection_Brier_at_selected_epoch"": 0.6976432358816329, ""val_brier_curve"": [0.8549503145741928, 1.061404160247547, 0.9157479150110902, 0.6976432358816329, 0.810922917065948, 1.0608500562963499, 0.9002701419903698, 1.2857200829714601, 0.9075366804858211, 1.0481131625782243, 1.0956249829194946, 0.8090656157563473, 0.9894464886041622, 0.9932714700430301, 1.016728894345844, 0.9999999771029632, 0.8158241567537996, 1.022596502497909, 1.0568822601798042, 1.0480498718658506, 1.007529256296039, 1.0931229976587713, 0.8160072389997882, 0.978778655836755, 0.9375871632333016, 1.0812273717708876, 0.9491124580539999, 0.8122257248997959, 0.983976243951823, 0.9096701898689981, 0.9181737180570281, 1.0953106722649917, 0.982517204089205, 1.0041667967250079, 0.9866368765026818, 1.139212817272512, 1.0289982684554926, 0.885726684391139, 0.8080452902948551, 0.9913600624920031, 0.9269302846416618, 1.0363005994323913, 0.8266489096855704, 0.827508685686389, 0.903957164325832, 0.964993720387157, 0.9556722517450635, 1.0044738048441322, 1.047629326131382, 0.9424388551113525, 0.9824498400197623, 0.9776752854323115, 0.9793736363420255, 0.9607556125446785, 0.9676222238713313, 0.9733515468872564, 0.9803561343804091, 0.980260047198105, 0.9817168130397995, 0.9820174552733396], ""epochs"": 60, ""lr"": 0.0005, ""layer_decay"": 0.9, ""weight_decay"": 0.05, ""label_smoothing"": 0.1, ""finetune_batch_size"": 16, ""steps_per_epoch"": 10, ""total_steps"": 600, ""warmup_steps"": 60, ""freeze_blocks"": 0, ""n_frozen_tensors"": 0, ""n_frozen_modules_in_eval"": 0, ""head_warmup_epochs"": 0, ""n_trainable_parameters"": 5023002, ""model"": ""cbramod"", ""builder"": ""CBraMod"", ""checkpoint"": ""random_init"", ""pretrained"": false, ""n_parameters"": 5023202, ""n_times"": 800, ""n_chans"": 62, ""amplitude_divisor"": 100.0}"
lee2019_mi,Lee2019_MI,18,2,cbramod_finetune_randinit_sel,cbramod_finetune,0.65,0.5326395940979328,0.2795098834912895,0.7530320479548431,0.48,0.6363539664859401,0.2696118757730109,0.8774594240207404,1.0060311954795447,0.5043307129451802,0.5,0.5,20.0,True,4,4.0,A0xT_validation,False,"{""adaptation"": ""finetune_end_to_end"", ""selected_epoch"": 12, ""selection_Brier_at_selected_epoch"": 0.6866669761694526, ""val_brier_curve"": [1.0780307955784334, 1.1532010401774058, 0.8575382961171052, 1.0102963316648008, 0.9863116975745687, 1.1999356421838017, 1.1999555587315915, 1.0362059257159408, 0.9042094946998585, 0.8613696383813065, 1.0973980858084769, 0.851251839466215, 0.6866669761694526, 0.8299520513559571, 1.074511984102586, 1.023343864227962, 0.9642279947105876, 0.9945971479792831, 0.9198270665229232, 0.9546575883744051, 1.130558419505205, 0.9097955355465286, 0.7609144368888463, 0.8806519367301249, 0.998217513998837, 1.1698527600572581, 0.9385807095912245, 1.0854841140184273, 1.0499234079447763, 1.006612525695303, 1.1962642592794512, 1.0738207018923926, 1.1164948763801914, 1.0481447363324607, 1.054586342134691, 1.0968241550842257, 1.1357136030810735, 1.0548820265776928, 0.9813317759935998, 1.0532947511300654, 1.0763132147377348, 0.9527581098875848, 0.9424859620846601, 1.071140676399009, 1.0622423725348327, 1.065884525991112, 1.0602031820169597, 1.0643760840153784, 1.0228462480867828, 1.029887897826691, 1.0842117827840492, 1.0909972599963038, 1.1023448833045089, 1.073500153135454, 1.0662908538486182, 1.0829748791366072, 1.0865225205915432, 1.0872170840394215, 1.0854017582104638, 1.085275811997779], ""epochs"": 60, ""lr"": 0.0005, ""layer_decay"": 0.9, ""weight_decay"": 0.05, ""label_smoothing"": 0.1, ""finetune_batch_size"": 16, ""steps_per_epoch"": 10, ""total_steps"": 600, ""warmup_steps"": 60, ""freeze_blocks"": 0, ""n_frozen_tensors"": 0, ""n_frozen_modules_in_eval"": 0, ""head_warmup_epochs"": 0, ""n_trainable_parameters"": 5023002, ""model"": ""cbramod"", ""builder"": ""CBraMod"", ""checkpoint"": ""random_init"", ""pretrained"": false, ""n_parameters"": 5023202, ""n_times"": 800, ""n_chans"": 62, ""amplitude_divisor"": 100.0}"
lee2019_mi,Lee2019_MI,19,2,cbramod_finetune_randinit_sel,cbramod_finetune,0.625,0.5305418966071371,0.33236256058702485,0.7423454845141803,0.5,0.5522697209051148,0.18192768992763117,0.7515936086643441,0.9376766983655458,0.4561766753959815,0.5,0.5,20.0,True,4,4.0,A0xT_validation,False,"{""adaptation"": ""finetune_end_to_end"", ""selected_epoch"": 5, ""selection_Brier_at_selected_epoch"": 0.7691536691531434, ""val_brier_curve"": [0.9493964875643609, 0.9508282649045301, 0.9024983743006769, 1.0541621466873743, 1.065728623093576, 0.7691536691531434, 0.8405241668047931, 1.0124879316868391, 1.1156126238154027, 0.8701140927755254, 0.9957021166895297, 1.0340255909326272, 1.0409386906097975, 0.9645370643034188, 1.0506407244343563, 0.9730264905778266, 0.9413736709754442, 1.1013499170115337, 1.0669480538659937, 0.8874155979699723, 0.8924740387884981, 0.9604373846081167, 1.0370597240416757, 0.9663734519466847, 0.9993254889508906, 1.0814249734054613, 1.051793969669797, 1.0061341154681127, 1.0209598897240386, 0.9455077290694245, 0.968402069638951, 0.9010912530380182, 0.886419040428249, 1.0017815140219217, 1.1310469474482756, 1.2679845241655356, 1.042973543582448, 1.156192770103328, 1.0815731813567007, 1.0148492556088835, 1.1136350136001527, 1.0118391445425658, 1.0264849855246483, 0.9083381564071538, 1.0426925702049474, 0.8962733827145792, 0.8965088068212121, 1.0229715321665436, 0.8529238299261206, 0.9225325991188381, 0.9844290003195368, 1.0040715231210275, 0.9844698784433927, 0.9917123574479485, 0.9935876492306417, 0.9838130264637048, 0.9786899478014239, 0.9785292896362556, 0.9782284839359996, 0.9782999306677486], ""epochs"": 60, ""lr"": 0.0005, ""layer_decay"": 0.9, ""weight_decay"": 0.05, ""label_smoothing"": 0.1, ""finetune_batch_size"": 16, ""steps_per_epoch"": 10, ""total_steps"": 600, ""warmup_steps"": 60, ""freeze_blocks"": 0, ""n_frozen_tensors"": 0, ""n_frozen_modules_in_eval"": 0, ""head_warmup_epochs"": 0, ""n_trainable_parameters"": 5023002, ""model"": ""cbramod"", ""builder"": ""CBraMod"", ""checkpoint"": ""random_init"", ""pretrained"": false, ""n_parameters"": 5023202, ""n_times"": 800, ""n_chans"": 62, ""amplitude_divisor"": 100.0}"
lee2019_mi,Lee2019_MI,20,2,cbramod_finetune_randinit_sel,cbramod_finetune,0.675,0.4652833259534127,0.19783744148079682,0.6611088674778923,0.505,0.588781244066733,0.20084748929383825,0.8080213360417626,0.9420901815684576,0.4679932875041747,0.5,0.5,20.0,True,4,4.0,A0xT_validation,False,"{""adaptation"": ""finetune_end_to_end"", ""selected_epoch"": 15, ""selection_Brier_at_selected_epoch"": 0.6450969082116157, ""val_brier_curve"": [0.7542642511975147, 1.0319050692283822, 0.9268535854770384, 0.8527893631276173, 0.7730032518268413, 0.9998887084442538, 0.889193294934023, 0.9509101086094314, 0.8528997129684907, 0.9500444168505366, 0.9484772615231669, 0.9000000100594343, 0.779144871383464, 0.771667556077314, 0.9163976397318739, 0.6450969082116157, 0.9870449614778938, 0.7791271147086712, 0.7895660576392188, 0.8910473377698709, 0.8548645192199787, 1.007181077676369, 1.0387279362954802, 0.8506839584454591, 0.888602982348701, 1.0141125551562937, 0.8344080151871578, 0.9969343590567437, 0.8684553452326178, 0.9866996321530366, 0.9689275224168817, 0.8827788099457543, 0.9209565993531672, 0.8676239465666207, 0.9604529895274585, 0.9008372510036565, 0.9074528907600496, 0.8690979486261015, 0.7953843009494332, 0.8088767262016668, 0.8128111494782472, 0.8420567195487312, 0.8886856633189641, 0.8013997967006888, 0.8092658289709922, 0.8608850168973934, 0.8898838776145382, 0.9275807517575558, 0.8927825653396815, 0.8586405039534075, 0.7891380938607044, 0.7547579159847679, 0.7774924726809167, 0.8128446048400907, 0.7523839335068289, 0.7538330036388019, 0.7576227806220045, 0.7570729572198891, 0.7571681272900481, 0.7572293009101013], ""epochs"": 60, ""lr"": 0.0005, ""layer_decay"": 0.9, ""weight_decay"": 0.05, ""label_smoothing"": 0.1, ""finetune_batch_size"": 16, ""steps_per_epoch"": 10, ""total_steps"": 600, ""warmup_steps"": 60, ""freeze_blocks"": 0, ""n_frozen_tensors"": 0, ""n_frozen_modules_in_eval"": 0, ""head_warmup_epochs"": 0, ""n_trainable_parameters"": 5023002, ""model"": ""cbramod"", ""builder"": ""CBraMod"", ""checkpoint"": ""random_init"", ""pretrained"": false, ""n_parameters"": 5023202, ""n_times"": 800, ""n_chans"": 62, ""amplitude_divisor"": 100.0}"
lee2019_mi,Lee2019_MI,21,2,cbramod_finetune_randinit_sel,cbramod_finetune,0.625,0.4439856903034001,0.20103167210761616,0.637666440240564,0.54,0.5407148741768916,0.18148399480841831,0.7451083574457013,0.7966912362640934,0.38458454744746157,0.5,0.5,6.863770961761475,False,4,4.0,A0xT_validation,False,"{""adaptation"": ""finetune_end_to_end"", ""selected_epoch"": 1, ""selection_Brier_at_selected_epoch"": 0.555024730888887, ""val_brier_curve"": [0.6760306954509835, 0.555024730888887, 0.68720665400588, 0.5670014031100841, 0.6307130223139165, 0.5661206892419737, 0.9440328276996839, 0.7203939718134726, 0.8138809727962553, 0.7537680384760104, 0.7369284875908167, 0.8079848671247234, 0.8206850985578859, 0.8045723433674634, 0.6079117624087426, 0.9772391778971521, 0.8860367306135633, 0.7225620185264459, 0.8923556925224435, 0.6771601277145838, 0.7091067912146944, 0.6963826863027522, 0.7206476678281859, 0.6599668135465645, 0.6968852334603615, 0.5871018241972366, 0.7496842485059902, 0.766473274135001, 0.8020477710041167, 0.761376842336851, 0.8309176359166651, 0.6980793451857764, 0.6097679097445322, 0.6541402400448618, 0.644609392202615, 0.6239098569680335, 0.6585703507418901, 0.7325873563636407, 0.7961977938510668, 0.5874145753770772, 0.5942146356461586, 0.7572194520689308, 0.6004982915537618, 0.7234170354821021, 0.5850227805703538, 0.7483042701379812, 0.6951749765248837, 0.7070717901663823, 0.7118883425374287, 0.6583058125303286, 0.6633364868792881, 0.6400987397973434, 0.6443273613688726, 0.6586734533460359, 0.6853172941965788, 0.6691361600780833, 0.6670288415647405, 0.6652980540590241, 0.6698519371535543, 0.6697090780096161], ""epochs"": 60, ""lr"": 0.0005, ""layer_decay"": 0.9, ""weight_decay"": 0.05, ""label_smoothing"": 0.1, ""finetune_batch_size"": 16, ""steps_per_epoch"": 10, ""total_steps"": 600, ""warmup_steps"": 60, ""freeze_blocks"": 0, ""n_frozen_tensors"": 0, ""n_frozen_modules_in_eval"": 0, ""head_warmup_epochs"": 0, ""n_trainable_parameters"": 5023002, ""model"": ""cbramod"", ""builder"": ""CBraMod"", ""checkpoint"": ""random_init"", ""pretrained"": false, ""n_parameters"": 5023202, ""n_times"": 800, ""n_chans"": 62, ""amplitude_divisor"": 100.0}"
lee2019_mi,Lee2019_MI,22,2,cbramod_finetune_randinit_sel,cbramod_finetune,0.6,0.508682617273348,0.23895537236885758,0.7053843663167136,0.53,0.5205435888298422,0.14524056169767635,0.7159162774957243,0.8751701965447879,0.42349680693268416,0.5,0.5,20.0,True,4,4.0,A0xT_validation,False,"{""adaptation"": ""finetune_end_to_end"", ""selected_epoch"": 2, ""selection_Brier_at_selected_epoch"": 0.7278069440542325, ""val_brier_curve"": [0.992266398702764, 1.0641658171949069, 0.7278069440542325, 1.0234422598426236, 0.7415007815629073, 0.9828558345117802, 1.060635152252402, 0.9842352057128767, 0.928773108476603, 1.13777025041492, 1.127497266936317, 1.0149456275050035, 1.0062319378600006, 0.8624919264563224, 1.0938184255262362, 0.9146091472853228, 0.9921581850919712, 0.7914000768869318, 1.0341180969837813, 1.1496599490096424, 0.9042176656304057, 1.1873838513579638, 0.9657111209327904, 0.9010937987755213, 1.0530346847954524, 1.0060407956651183, 1.0231622370165276, 0.9270258074762981, 0.9909719914465736, 1.1793466070900838, 1.1534313598740489, 0.9191303593953315, 0.9552153798836021, 0.9776828983687459, 1.0401850042671401, 0.9906183831454609, 0.7989788551516748, 0.7830281483328835, 0.9227733104011138, 0.971502630163745, 0.9401244114564467, 1.0321558269399764, 0.8915847737930133, 1.061400350551947, 0.9372968496718024, 0.9280487402327239, 1.0111170682292054, 1.005175268275711, 0.9725514929220482, 0.9293695060187485, 0.9699643271225366, 0.9844290392650439, 0.9513697647596866, 0.9237539439133116, 0.919729823187535, 0.9241596225467615, 0.9296574678953716, 0.929707506683943, 0.9288529265324869, 0.9287224784961415], ""epochs"": 60, ""lr"": 0.0005, ""layer_decay"": 0.9, ""weight_decay"": 0.05, ""label_smoothing"": 0.1, ""finetune_batch_size"": 16, ""steps_per_epoch"": 10, ""total_steps"": 600, ""warmup_steps"": 60, ""freeze_blocks"": 0, ""n_frozen_tensors"": 0, ""n_frozen_modules_in_eval"": 0, ""head_warmup_epochs"": 0, ""n_trainable_parameters"": 5023002, ""model"": ""cbramod"", ""builder"": ""CBraMod"", ""checkpoint"": ""random_init"", ""pretrained"": false, ""n_parameters"": 5023202, ""n_times"": 800, ""n_chans"": 62, ""amplitude_divisor"": 100.0}"
lee2019_mi,Lee2019_MI,23,2,cbramod_finetune_randinit_sel,cbramod_finetune,0.65,0.513713911088641,0.33218695106494833,0.7150815771267175,0.485,0.5527270773274047,0.17406141308984652,0.7551626436632489,0.9619073996452375,0.48131214747656725,0.5,0.5,20.0,True,4,4.0,A0xT_validation,False,"{""adaptation"": ""finetune_end_to_end"", ""selected_epoch"": 19, ""selection_Brier_at_selected_epoch"": 0.6791722755836964, ""val_brier_curve"": [0.8953780743990436, 1.0501396078692804, 1.0696013696132194, 0.8500657266039149, 1.064866268601202, 1.1358003964834698, 0.9607752559661137, 0.8286466198225853, 0.8334126743385635, 0.9485951310130872, 0.8472403830295331, 0.8482754936154322, 0.9713999170633638, 0.6947356915854983, 0.8780484199695069, 0.9363088022227452, 0.9247432821858576, 0.9338664645370157, 0.9425806189723289, 0.6791722755836964, 0.9548161011525526, 0.9915189291905305, 0.9981226496497306, 0.9367879623024559, 0.8665339159182468, 1.0026997028577267, 0.9136432826070655, 0.9321106493427325, 0.8244938204933453, 0.9977151699003901, 1.043549395680619, 0.7397184996417729, 0.8061639161136197, 0.9919086130012186, 0.9469295469102839, 1.1035265795116092, 0.8596970228325116, 0.8713576748253244, 0.9212691513427312, 1.1049132003953996, 1.1333486279255565, 1.1830261852663626, 0.8816200689499338, 1.1233736677419082, 0.8565948184180462, 0.893826765797105, 0.8256842628941474, 0.9760529183569122, 0.867828544120602, 0.8647508152287446, 0.8364896452221373, 0.8297766764351154, 0.8677739606783288, 0.8999691197297326, 0.874515630325346, 0.8456683563268793, 0.8439269296801385, 0.8503012458321425, 0.8529003647736699, 0.8535392454903068], ""epochs"": 60, ""lr"": 0.0005, ""layer_decay"": 0.9, ""weight_decay"": 0.05, ""label_smoothing"": 0.1, ""finetune_batch_size"": 16, ""steps_per_epoch"": 10, ""total_steps"": 600, ""warmup_steps"": 60, ""freeze_blocks"": 0, ""n_frozen_tensors"": 0, ""n_frozen_modules_in_eval"": 0, ""head_warmup_epochs"": 0, ""n_trainable_parameters"": 5023002, ""model"": ""cbramod"", ""builder"": ""CBraMod"", ""checkpoint"": ""random_init"", ""pretrained"": false, ""n_parameters"": 5023202, ""n_times"": 800, ""n_chans"": 62, ""amplitude_divisor"": 100.0}"
lee2019_mi,Lee2019_MI,24,2,cbramod_finetune_randinit_sel,cbramod_finetune,0.65,0.4407773592731745,0.2774362480709387,0.6285918431405213,0.53,0.5637968705706785,0.1881187445906842,0.7719594369018539,0.8987596891756122,0.43206605396975173,0.5,0.5,12.477035522460938,False,4,4.0,A0xT_validation,False,"{""adaptation"": ""finetune_end_to_end"", ""selected_epoch"": 2, ""selection_Brier_at_selected_epoch"": 0.5831542263827665, ""val_brier_curve"": [0.7444538667253647, 0.9133068518741911, 0.5831542263827665, 0.9102844094267958, 0.8027740542150454, 0.717208927446168, 0.8255573884274157, 0.7831377461572531, 0.7418590307781487, 0.9897364413412664, 0.7096563292881399, 0.8279509666347554, 0.8554222910659799, 0.9865053759909614, 0.749193262899176, 0.8081700216779248, 0.9499968549987257, 0.7824315742561035, 0.7965494024127896, 0.9145365102381628, 0.8325292664856271, 0.9499829642745257, 1.0135829939639271, 1.0032856050965564, 0.7800262242943623, 0.7239074787065458, 0.6964346637535785, 0.7668141268783095, 0.775091583815159, 0.8979075622977881, 0.9619090042138421, 0.8911978000787129, 0.8239808359152339, 0.7379765264077449, 0.6708869004577973, 0.9504754165459899, 0.9012772983602279, 0.763815126757397, 0.7045170626112383, 0.785587393446768, 0.7554368819202786, 0.6285197943075086, 0.8224736859567555, 0.6360361493994429, 0.7867444230107502, 0.7326624506130492, 0.7108327064987138, 0.6851555503126578, 0.7079281645974232, 0.7249375533945461, 0.7316817226933603, 0.7160230439166385, 0.7010680863588586, 0.6198586350694899, 0.600559073321483, 0.6068623170776796, 0.6151491470483403, 0.628250162507934, 0.6338863144579948, 0.6339552998434795], ""epochs"": 60, ""lr"": 0.0005, ""layer_decay"": 0.9, ""weight_decay"": 0.05, ""label_smoothing"": 0.1, ""finetune_batch_size"": 16, ""steps_per_epoch"": 10, ""total_steps"": 600, ""warmup_steps"": 60, ""freeze_blocks"": 0, ""n_frozen_tensors"": 0, ""n_frozen_modules_in_eval"": 0, ""head_warmup_epochs"": 0, ""n_trainable_parameters"": 5023002, ""model"": ""cbramod"", ""builder"": ""CBraMod"", ""checkpoint"": ""random_init"", ""pretrained"": false, ""n_parameters"": 5023202, ""n_times"": 800, ""n_chans"": 62, ""amplitude_divisor"": 100.0}"
lee2019_mi,Lee2019_MI,25,2,cbramod_finetune_randinit_sel,cbramod_finetune,0.7,0.46407464303833923,0.2366232883273141,0.6580229130094128,0.885,0.22665276390088313,0.16869457872935825,0.38471472438378046,0.21879226455373477,0.10303301265840697,0.5,0.5,18.16427993774414,False,4,4.0,A0xT_validation,False,"{""adaptation"": ""finetune_end_to_end"", ""selected_epoch"": 33, ""selection_Brier_at_selected_epoch"": 0.5621810603248049, ""val_brier_curve"": [0.79195345913886, 0.8574734313928751, 0.7087975437262504, 0.9480252780638893, 0.792047308648779, 0.8724104423321423, 0.9973469599622021, 0.9994478355710189, 0.8375459446654968, 0.8280991531519157, 0.9412492991337528, 1.0243891405205385, 0.784882391208543, 0.8722079627084087, 0.852135062188027, 0.8666653537511936, 0.8617774873187987, 0.9924474534222611, 0.825336740977065, 0.9262172652843004, 0.8921627955976967, 0.9017991091157376, 0.9850153551662814, 0.7880239228817422, 0.7545058520158425, 0.9737239851875736, 0.6604199606622243, 0.6289271833134652, 0.7430586693240453, 0.8597764412856833, 0.8782561865242379, 0.7505904549638254, 0.7529600882965067, 0.5621810603248049, 0.756450349577603, 0.7260626101240828, 0.7589895803952444, 0.8171221978116225, 0.8494434106874665, 0.7276498376413799, 0.9031138767455102, 0.7143263705161254, 0.7882825127823827, 0.6909944418849819, 0.7068617889065358, 0.6999097159363707, 0.6480101929868327, 0.6839871452022047, 0.67808235194053, 0.7190036915305182, 0.683626039054686, 0.6774849400394174, 0.6728935788239063, 0.6907847490110981, 0.6939792947843325, 0.677713825101297, 0.6764428195905102, 0.6719414060311083, 0.6710068797879453, 0.6709008567111354], ""epochs"": 60, ""lr"": 0.0005, ""layer_decay"": 0.9, ""weight_decay"": 0.05, ""label_smoothing"": 0.1, ""finetune_batch_size"": 16, ""steps_per_epoch"": 10, ""total_steps"": 600, ""warmup_steps"": 60, ""freeze_blocks"": 0, ""n_frozen_tensors"": 0, ""n_frozen_modules_in_eval"": 0, ""head_warmup_epochs"": 0, ""n_trainable_parameters"": 5023002, ""model"": ""cbramod"", ""builder"": ""CBraMod"", ""checkpoint"": ""random_init"", ""pretrained"": false, ""n_parameters"": 5023202, ""n_times"": 800, ""n_chans"": 62, ""amplitude_divisor"": 100.0}"
lee2019_mi,Lee2019_MI,26,2,cbramod_finetune_randinit_sel,cbramod_finetune,0.8,0.4016530332264141,0.2983223323949736,0.5848146815013715,0.615,0.4181248801882371,0.14347795234638708,0.5952429963228355,0.733183059165116,0.36412309874532633,0.5,0.5,19.34758949279785,False,4,4.0,A0xT_validation,False,"{""adaptation"": ""finetune_end_to_end"", ""selected_epoch"": 22, ""selection_Brier_at_selected_epoch"": 0.38474014744202817, ""val_brier_curve"": [0.5522468143143205, 0.5560905783358783, 0.7514463376913242, 0.7455789567146731, 0.7037870982882956, 0.724170662373009, 0.8728737302601276, 0.8345918011289324, 0.8435502990454189, 0.6679524295417671, 0.9317319120107621, 0.7058670974175192, 0.6499179294815878, 0.7000140551493919, 0.63872079146192, 0.6920594430750299, 0.8619521557486287, 0.9426905005854129, 0.9999999981014482, 0.7882516344011474, 0.6814405987376025, 0.7773510702991483, 0.38474014744202817, 0.6273747588769223, 0.4108644968918063, 0.7772834403377162, 0.723682183009074, 0.7128303620212029, 0.7387266590117381, 0.6322964867077925, 0.7430287971520011, 0.5897431248254408, 0.49848913359882074, 0.533952751536409, 0.6693657439073498, 0.6020783411578565, 0.6495453334531474, 0.6923505887971055, 0.7890097532671321, 0.5379260462323057, 0.6012157416885513, 0.5919469072042307, 0.643801563310235, 0.5410660646250569, 0.5360331259733441, 0.4452520411239151, 0.4413416592980763, 0.479452405669356, 0.5911796417376125, 0.46160413890433966, 0.5087491956958418, 0.5349098840321169, 0.5657061834508795, 0.5583962064641048, 0.5665080490897226, 0.56811654829706, 0.5662673500908465, 0.5672935663038279, 0.5679528633555462, 0.5678813041202521], ""epochs"": 60, ""lr"": 0.0005, ""layer_decay"": 0.9, ""weight_decay"": 0.05, ""label_smoothing"": 0.1, ""finetune_batch_size"": 16, ""steps_per_epoch"": 10, ""total_steps"": 600, ""warmup_steps"": 60, ""freeze_blocks"": 0, ""n_frozen_tensors"": 0, ""n_frozen_modules_in_eval"": 0, ""head_warmup_epochs"": 0, ""n_trainable_parameters"": 5023002, ""model"": ""cbramod"", ""builder"": ""CBraMod"", ""checkpoint"": ""random_init"", ""pretrained"": false, ""n_parameters"": 5023202, ""n_times"": 800, ""n_chans"": 62, ""amplitude_divisor"": 100.0}"
lee2019_mi,Lee2019_MI,27,2,cbramod_finetune_randinit_sel,cbramod_finetune,0.825,0.3349354601976711,0.2721489332526851,0.5181487450964889,0.705,0.3905005273705957,0.11178250729603752,0.5833581456493401,0.5429245652173497,0.2676526803619696,0.5,0.5,10.581579208374023,False,4,4.0,A0xT_validation,False,"{""adaptation"": ""finetune_end_to_end"", ""selected_epoch"": 20, ""selection_Brier_at_selected_epoch"": 0.32025290667172945, ""val_brier_curve"": [1.041183284082901, 0.5748666190862872, 0.7281345561783665, 0.9452100292027247, 0.5273881316200468, 0.8212962815169611, 0.8529590510041061, 0.5838732368434872, 0.7525366271942981, 1.0999999997271952, 0.5448175037719408, 0.8975660831319677, 0.41126870840243857, 0.5858165904408953, 0.5784540678400062, 0.656657491323341, 0.6649921427388128, 0.6336486531278939, 0.6175529706424984, 0.6899525251564531, 0.32025290667172945, 0.7029545356851837, 0.651522829279324, 0.5396311045940564, 0.5182464845643874, 0.6250667891926238, 0.9750802353170849, 0.5200051280032613, 0.5300817865895613, 0.7214429467448609, 0.735460709785691, 0.43508037993844795, 0.36356537735385147, 0.3505491046070843, 0.3844362994895008, 0.44825648534297535, 0.4433412541337251, 0.543030009712415, 0.4876564641986554, 0.4532332995060937, 0.46328193401678774, 0.5258425243996288, 0.39333304054995577, 0.5551538627393212, 0.5752117210230243, 0.48755272768136004, 0.44038735075845425, 0.5440491699984837, 0.42901135084572306, 0.36529684629141657, 0.3601161915743846, 0.3693996792504959, 0.3659940070088079, 0.36581131794788363, 0.3668926060643992, 0.36518713592849644, 0.37091732838073, 0.3692197209818008, 0.3685270585724024, 0.3683339455155496], ""epochs"": 60, ""lr"": 0.0005, ""layer_decay"": 0.9, ""weight_decay"": 0.05, ""label_smoothing"": 0.1, ""finetune_batch_size"": 16, ""steps_per_epoch"": 10, ""total_steps"": 600, ""warmup_steps"": 60, ""freeze_blocks"": 0, ""n_frozen_tensors"": 0, ""n_frozen_modules_in_eval"": 0, ""head_warmup_epochs"": 0, ""n_trainable_parameters"": 5023002, ""model"": ""cbramod"", ""builder"": ""CBraMod"", ""checkpoint"": ""random_init"", ""pretrained"": false, ""n_parameters"": 5023202, ""n_times"": 800, ""n_chans"": 62, ""amplitude_divisor"": 100.0}"
lee2019_mi,Lee2019_MI,28,2,cbramod_finetune_randinit_sel,cbramod_finetune,0.975,0.02546856124689036,0.008525668721796355,0.03568931081207359,0.64,0.6718785293540037,0.3216596756554704,2.4702108580329245,0.6612345725756441,0.31396459495954343,0.5,0.5,0.8445794582366943,False,4,4.0,A0xT_validation,False,"{""adaptation"": ""finetune_end_to_end"", ""selected_epoch"": 39, ""selection_Brier_at_selected_epoch"": 0.025029071025226047, ""val_brier_curve"": [0.9838302423533729, 0.6457674110244044, 0.6084484683343007, 0.5466276923313698, 0.138310683518645, 0.5431221966072668, 0.31205145584173577, 0.220343992665435, 0.42936017796494974, 0.3629850125344564, 0.25178772349001916, 0.36757788855320833, 0.45575710244042994, 0.1413599504657738, 0.312381017222948, 0.31100921820120087, 0.06328689463382527, 0.1587067989064827, 0.7482035700549274, 0.285348574590292, 0.18463085381568545, 0.9992181703930931, 0.3930662449392262, 0.2921289087147496, 0.47523457699305266, 0.15129662150268086, 0.08457036706290133, 0.26839649455682024, 0.4434219243657063, 0.1933126795167396, 0.15647109883130467, 0.14528197877242183, 0.15050332816422426, 0.17611032831173218, 0.29959964361571323, 0.1258252147416981, 0.07244973266333814, 0.2758598694918789, 0.08183736117607035, 0.025029071025226047, 0.1717657589119418, 0.1377658308790088, 0.25273768475472186, 0.14625128054245548, 0.07458033334553268, 0.07364312735300403, 0.06787814028448387, 0.08948731075225946, 0.04835159100976484, 0.08349253824420841, 0.08032661126904275, 0.06881828168483509, 0.07556325630122077, 0.05606057585945869, 0.05459872898681484, 0.06311050875177125, 0.08118633508371344, 0.08556739605759382, 0.08750270951817636, 0.08753918911963869], ""epochs"": 60, ""lr"": 0.0005, ""layer_decay"": 0.9, ""weight_decay"": 0.05, ""label_smoothing"": 0.1, ""finetune_batch_size"": 16, ""steps_per_epoch"": 10, ""total_steps"": 600, ""warmup_steps"": 60, ""freeze_blocks"": 0, ""n_frozen_tensors"": 0, ""n_frozen_modules_in_eval"": 0, ""head_warmup_epochs"": 0, ""n_trainable_parameters"": 5023002, ""model"": ""cbramod"", ""builder"": ""CBraMod"", ""checkpoint"": ""random_init"", ""pretrained"": false, ""n_parameters"": 5023202, ""n_times"": 800, ""n_chans"": 62, ""amplitude_divisor"": 100.0}"
lee2019_mi,Lee2019_MI,29,2,cbramod_finetune_randinit_sel,cbramod_finetune,0.875,0.21572842324152464,0.1441025451292625,0.3267567228413485,0.75,0.32249866276128364,0.08279863069249041,0.5026661039554554,0.41147735281543146,0.19656980602396912,0.5,0.5,4.081325531005859,False,4,4.0,A0xT_validation,False,"{""adaptation"": ""finetune_end_to_end"", ""selected_epoch"": 50, ""selection_Brier_at_selected_epoch"": 0.25381582439796413, ""val_brier_curve"": [0.48596227989004337, 0.5740630470142503, 0.28204574707013635, 0.4616851199972947, 0.6756245997541785, 0.7166997619873209, 0.5247086895089238, 0.5400141000230234, 0.999999586623816, 0.39060331298445344, 0.4417400249106856, 0.7241215708245246, 0.4418677114740972, 0.258270935132247, 0.6856738948736225, 0.6313290637188761, 0.9998461192516835, 0.45604855253682935, 0.47862966842733173, 0.6176151609758169, 0.6862663290745228, 0.3374345623739523, 0.2939891684783123, 0.36570291856517284, 0.3346651241085083, 0.34189667687693687, 0.49773133630817246, 0.38434645716332994, 0.5322276383215607, 0.43743536220499823, 0.3131848137274609, 0.26605304960399, 0.38844633436439807, 0.5049997970109183, 0.2846219852481444, 0.3366800135318207, 0.27394031198430546, 0.284772892917093, 0.30898847119142464, 0.28588517571658667, 0.28830876674092243, 0.3048535945545521, 0.30353726129345987, 0.2579950008337693, 0.3570813842147257, 0.3073232462770619, 0.3091387494579972, 0.2625961481885753, 0.27179801488751654, 0.2719072420302992, 0.25381582439796413, 0.2766149011330733, 0.25700682951472936, 0.2740092847603524, 0.2617214008549677, 0.2567850187737232, 0.2556299161901049, 0.2554619611766802, 0.25527355407127084, 0.25521079824766985], ""epochs"": 60, ""lr"": 0.0005, ""layer_decay"": 0.9, ""weight_decay"": 0.05, ""label_smoothing"": 0.1, ""finetune_batch_size"": 16, ""steps_per_epoch"": 10, ""total_steps"": 600, ""warmup_steps"": 60, ""freeze_blocks"": 0, ""n_frozen_tensors"": 0, ""n_frozen_modules_in_eval"": 0, ""head_warmup_epochs"": 0, ""n_trainable_parameters"": 5023002, ""model"": ""cbramod"", ""builder"": ""CBraMod"", ""checkpoint"": ""random_init"", ""pretrained"": false, ""n_parameters"": 5023202, ""n_times"": 800, ""n_chans"": 62, ""amplitude_divisor"": 100.0}"
lee2019_mi,Lee2019_MI,30,2,cbramod_finetune_randinit_sel,cbramod_finetune,0.825,0.2785708603195528,0.12722983037154179,0.4363142109361206,0.57,0.5368772427454935,0.16744733486514085,0.7594648318321304,0.7752382463294853,0.37334845092829577,0.5,0.5,6.19379186630249,False,4,4.0,A0xT_validation,False,"{""adaptation"": ""finetune_end_to_end"", ""selected_epoch"": 40, ""selection_Brier_at_selected_epoch"": 0.3291056738868844, ""val_brier_curve"": [0.55173540278017, 0.8432096338093291, 0.6405285967649599, 0.800424838694239, 0.8560718369374019, 0.7909530338702799, 0.6223779980556914, 0.9996564625932555, 0.7499765332371742, 0.8512602933566654, 0.7845327597436595, 0.713345501275837, 0.7952824191458804, 0.748257410535441, 0.8034226092437106, 0.5994010135847307, 0.4565776013147384, 0.41447410284766456, 1.0886373014484179, 0.4437414431542135, 0.8447007209445518, 0.47465349547525815, 0.45824416363691595, 0.5388308537523072, 0.34703177685389053, 0.49589319734663206, 0.6633616501521301, 0.3809099620189504, 0.5278595273054278, 0.6497757366905352, 0.7035403588860765, 0.5444190026324607, 0.5144641102042723, 0.5072981070908092, 0.4458859311088477, 0.7982318683813222, 0.5640302079833535, 0.5151390061554213, 0.34013382150999805, 0.7017503515434563, 0.3291056738868844, 0.4093876102109825, 0.42015581006294395, 0.6030446823975464, 0.3881581906336985, 0.393507775123986, 0.39447656048786783, 0.4493752610257281, 0.3920356019594003, 0.42363474793339917, 0.3459307393768676, 0.37913938662766433, 0.3572475525747325, 0.35497701609050014, 0.35262678481644194, 0.35121479339781, 0.35034242549476835, 0.3509973136785427, 0.35082810677104453, 0.3507401883994067], ""epochs"": 60, ""lr"": 0.0005, ""layer_decay"": 0.9, ""weight_decay"": 0.05, ""label_smoothing"": 0.1, ""finetune_batch_size"": 16, ""steps_per_epoch"": 10, ""total_steps"": 600, ""warmup_steps"": 60, ""freeze_blocks"": 0, ""n_frozen_tensors"": 0, ""n_frozen_modules_in_eval"": 0, ""head_warmup_epochs"": 0, ""n_trainable_parameters"": 5023002, ""model"": ""cbramod"", ""builder"": ""CBraMod"", ""checkpoint"": ""random_init"", ""pretrained"": false, ""n_parameters"": 5023202, ""n_times"": 800, ""n_chans"": 62, ""amplitude_divisor"": 100.0}"
lee2019_mi,Lee2019_MI,31,2,cbramod_finetune_randinit_sel,cbramod_finetune,0.825,0.3103535700134952,0.1743191806471368,0.5005710969468327,0.585,0.5177771666444982,0.1651109985435995,0.7259342907315594,0.7556168167550943,0.35857117310942516,0.5,0.5,6.283215522766113,False,4,4.0,A0xT_validation,False,"{""adaptation"": ""finetune_end_to_end"", ""selected_epoch"": 37, ""selection_Brier_at_selected_epoch"": 0.32969015374886446, ""val_brier_curve"": [0.7291656885592955, 0.8448441060546026, 0.9126030956191862, 0.7145704506114154, 0.7433262816312143, 0.36471810434673635, 0.9339828880044756, 0.6612382368804963, 0.9028138231612782, 0.9810566747006542, 0.9431463353042876, 0.9625105399088902, 0.7500708237602222, 0.7373456578229675, 0.699194847707169, 0.5680520521076347, 0.6724792375168662, 0.34424514429810926, 0.6567625909894534, 0.6363967127296066, 0.6480729474621258, 0.9116007521286418, 0.7783379133806229, 0.42197746861695, 0.5243429634846033, 0.5425546223376425, 0.6631507741579604, 0.5208947515023736, 0.8636304247150697, 0.6616977254553035, 0.37911863704800525, 0.4679975096450956, 0.44178115325555806, 0.5675212319648046, 0.5800019265192555, 0.43710103913892323, 0.33753526289316477, 0.32969015374886446, 0.39037386604922925, 0.367240251761464, 0.372166039065306, 0.7289777124683792, 0.4016142325767131, 0.47834950100707163, 0.5794250404894344, 0.4921106026362773, 0.5788299331229592, 0.5132351591904121, 0.5714167250997437, 0.6001663333329575, 0.622274226354921, 0.6120717879403272, 0.5897040307304546, 0.5516482379411973, 0.5496901175246409, 0.5593987623896773, 0.5681004781916733, 0.5698478748356827, 0.5695276724427387, 0.5695419845863766], ""epochs"": 60, ""lr"": 0.0005, ""layer_decay"": 0.9, ""weight_decay"": 0.05, ""label_smoothing"": 0.1, ""finetune_batch_size"": 16, ""steps_per_epoch"": 10, ""total_steps"": 600, ""warmup_steps"": 60, ""freeze_blocks"": 0, ""n_frozen_tensors"": 0, ""n_frozen_modules_in_eval"": 0, ""head_warmup_epochs"": 0, ""n_trainable_parameters"": 5023002, ""model"": ""cbramod"", ""builder"": ""CBraMod"", ""checkpoint"": ""random_init"", ""pretrained"": false, ""n_parameters"": 5023202, ""n_times"": 800, ""n_chans"": 62, ""amplitude_divisor"": 100.0}"
lee2019_mi,Lee2019_MI,32,2,cbramod_finetune_randinit_sel,cbramod_finetune,0.725,0.40577268535649225,0.2844714749514101,0.5910896050775194,0.54,0.5462143713875705,0.14277213598609945,0.7616363461114076,0.8172485648686783,0.401905032419374,0.5,0.5,11.2775239944458,False,4,4.0,A0xT_validation,False,"{""adaptation"": ""finetune_end_to_end"", ""selected_epoch"": 37, ""selection_Brier_at_selected_epoch"": 0.4850895244112777, ""val_brier_curve"": [0.9742644089901968, 0.968335937865854, 0.7044826136056768, 0.7692031595949365, 0.9160975441801028, 0.8128298664990119, 0.797408660702436, 0.9179840649449167, 0.9686344626907502, 0.6964683571957672, 0.49291951029836323, 0.596235952902956, 1.0836002701081517, 0.9496976407081442, 0.7998997598090327, 0.8310012977265326, 0.9514332514622084, 0.9301968954429907, 0.9521964036566775, 0.6948319305399464, 0.5596158144655125, 0.6100039395848792, 0.755777351350825, 0.6843451832327344, 0.6545648330505032, 0.6670524433246409, 0.9119594742890837, 0.7612880365034069, 0.6444205105353584, 0.6691826749250012, 0.6104876920162019, 0.8851768847120631, 0.5957787750912061, 0.7764168037814422, 0.6708652204364534, 0.687562190857307, 0.6920030747727084, 0.4850895244112777, 0.6588585120795007, 0.5538197414630618, 0.5678937735716078, 0.630554552650036, 0.7597226146964777, 0.6273928708111285, 0.6338163746546994, 0.5905536946852976, 0.6508155593630713, 0.6208521508146561, 0.6450625083605723, 0.6188250539554342, 0.6396160122202451, 0.6597102648234862, 0.7213687930044965, 0.6606200759693636, 0.5931922869717221, 0.6054739957026639, 0.6155658271917712, 0.6142628479911366, 0.6183730193305773, 0.6187856731369854], ""epochs"": 60, ""lr"": 0.0005, ""layer_decay"": 0.9, ""weight_decay"": 0.05, ""label_smoothing"": 0.1, ""finetune_batch_size"": 16, ""steps_per_epoch"": 10, ""total_steps"": 600, ""warmup_steps"": 60, ""freeze_blocks"": 0, ""n_frozen_tensors"": 0, ""n_frozen_modules_in_eval"": 0, ""head_warmup_epochs"": 0, ""n_trainable_parameters"": 5023002, ""model"": ""cbramod"", ""builder"": ""CBraMod"", ""checkpoint"": ""random_init"", ""pretrained"": false, ""n_parameters"": 5023202, ""n_times"": 800, ""n_chans"": 62, ""amplitude_divisor"": 100.0}"
lee2019_mi,Lee2019_MI,33,2,cbramod_finetune_randinit_sel,cbramod_finetune,0.7,0.4265697693889751,0.23976655548386946,0.6135054272647558,0.645,0.4302868628656722,0.09760111323350444,0.6219318366733837,0.6558878113309129,0.31560375113305206,0.5,0.5,13.015961647033691,False,4,4.0,A0xT_validation,False,"{""adaptation"": ""finetune_end_to_end"", ""selected_epoch"": 31, ""selection_Brier_at_selected_epoch"": 0.5669437424712978, ""val_brier_curve"": [0.7811161281936074, 0.9475546440085878, 0.8968612979197463, 1.013999975087767, 0.7354941229690489, 0.8248772427613826, 0.9410199536003999, 0.7327440167165944, 0.9994476383812596, 0.9132598866735282, 0.6844390366326175, 0.8314993146816458, 0.9322208073200514, 0.925340883653945, 0.9591578184885184, 0.8830201462106773, 0.9908749523137594, 0.8614927759755517, 0.9999999990303448, 0.9999999999996636, 0.948756510952484, 0.8541016339239942, 0.7005108211509002, 0.7720563792675119, 0.74279130558374, 0.7040112368685476, 0.6491324723535044, 0.7798332607419072, 0.6331281706004194, 0.5962679847468938, 0.9157381522182678, 0.5669437424712978, 0.7495928564903285, 0.8387726127462874, 0.8426630957989257, 0.7586131953363736, 0.8524474059781799, 0.734330737795551, 0.6280279695225396, 0.7802689613765184, 0.7917032834041773, 0.7068875115528972, 0.7148854894931154, 0.8587438690561882, 0.7121318907715322, 0.7622448157773696, 0.7214243835654816, 0.7301239784031288, 0.8159013177799158, 0.8153226932822765, 0.8174990590740727, 0.8377160645944685, 0.856754796395732, 0.7922293925565301, 0.7580531777439141, 0.7536875211396485, 0.7627617649268472, 0.7703556952131803, 0.7762306493152407, 0.777276387747381], ""epochs"": 60, ""lr"": 0.0005, ""layer_decay"": 0.9, ""weight_decay"": 0.05, ""label_smoothing"": 0.1, ""finetune_batch_size"": 16, ""steps_per_epoch"": 10, ""total_steps"": 600, ""warmup_steps"": 60, ""freeze_blocks"": 0, ""n_frozen_tensors"": 0, ""n_frozen_modules_in_eval"": 0, ""head_warmup_epochs"": 0, ""n_trainable_parameters"": 5023002, ""model"": ""cbramod"", ""builder"": ""CBraMod"", ""checkpoint"": ""random_init"", ""pretrained"": false, ""n_parameters"": 5023202, ""n_times"": 800, ""n_chans"": 62, ""amplitude_divisor"": 100.0}"
lee2019_mi,Lee2019_MI,34,2,cbramod_finetune_randinit_sel,cbramod_finetune,0.675,0.44829007686487116,0.18630440692451405,0.6412360768653966,0.47,0.5633970512151645,0.1818173938334245,0.7632034310041638,1.0069677729474575,0.4894433435429132,0.5,0.5,20.0,True,4,4.0,A0xT_validation,False,"{""adaptation"": ""finetune_end_to_end"", ""selected_epoch"": 37, ""selection_Brier_at_selected_epoch"": 0.621625091522903, ""val_brier_curve"": [0.9142276769918534, 0.8043252414285833, 0.9783777764162693, 0.8415116151263945, 0.9326401173575265, 1.0110999998096073, 0.8985364432641922, 1.0826652518523, 0.782718913877855, 0.9255161508856616, 0.8496030152608188, 0.9496329016083163, 0.7154876019736202, 0.9951148079407897, 0.9853522362460947, 0.8865940091935096, 0.9011905052881172, 0.7871812127572619, 0.7006388695008097, 0.9998587753011787, 0.9144440035883601, 0.9800581029481797, 0.9049373068143197, 0.7245947120887044, 0.8079848201877379, 0.8514917766398662, 0.8306492933767785, 0.6480151704945869, 0.6916522767555582, 0.6539198010517048, 0.6413192924291066, 0.899372454054334, 0.891248404810343, 0.8495842925464039, 0.9679214632739896, 0.8026557211391854, 0.7455922336022911, 0.621625091522903, 0.8478446061388617, 0.6906634725897137, 0.7298198233974489, 0.6963700025376853, 0.6753442637675363, 0.6969896368671984, 0.7006615545126307, 0.6245863999392111, 0.6702965737147919, 0.7233594940919051, 0.728069938711261, 0.6933133417590174, 0.7830623802131473, 0.7350957282484432, 0.7266202427752824, 0.7101125766404253, 0.7207500679037019, 0.7154286498179985, 0.7106583900775412, 0.7048920368019507, 0.7038028868821155, 0.7037179154466058], ""epochs"": 60, ""lr"": 0.0005, ""layer_decay"": 0.9, ""weight_decay"": 0.05, ""label_smoothing"": 0.1, ""finetune_batch_size"": 16, ""steps_per_epoch"": 10, ""total_steps"": 600, ""warmup_steps"": 60, ""freeze_blocks"": 0, ""n_frozen_tensors"": 0, ""n_frozen_modules_in_eval"": 0, ""head_warmup_epochs"": 0, ""n_trainable_parameters"": 5023002, ""model"": ""cbramod"", ""builder"": ""CBraMod"", ""checkpoint"": ""random_init"", ""pretrained"": false, ""n_parameters"": 5023202, ""n_times"": 800, ""n_chans"": 62, ""amplitude_divisor"": 100.0}"
lee2019_mi,Lee2019_MI,35,2,cbramod_finetune_randinit_sel,cbramod_finetune,1.0,9.438794152066049e-15,1.544560660204919e-08,1.5445608964523828e-08,0.825,0.3356202520520536,0.16853621769217583,3.148562646738902,0.29213610131023504,0.12667981981375723,0.5,0.5,0.161482572555542,False,4,4.0,A0xT_validation,False,"{""adaptation"": ""finetune_end_to_end"", ""selected_epoch"": 23, ""selection_Brier_at_selected_epoch"": 0.0008539100540589106, ""val_brier_curve"": [0.09469101154123552, 0.3025013483722212, 0.21309066032456384, 0.31880465651649825, 0.41292701105940954, 0.17408175097919773, 0.8368850876492434, 0.05007801064613108, 0.48911765960861153, 0.4825492220110247, 0.3410002094179384, 0.4225628486552477, 0.153964483357585, 0.6562173262025242, 0.08214616840054359, 0.31473011240376947, 0.11352730511897771, 0.3205701278493651, 0.42260744547591395, 0.4466125329055819, 0.23879788293110882, 0.004111341354186619, 0.1472475563332995, 0.0008539100540589106, 0.17452473928399734, 0.04863896604421308, 0.0037103179795796573, 0.0581222277877577, 0.17700817323790066, 0.4682952589397316, 0.07473063180668098, 0.19491503380052183, 0.17691320790040616, 0.259355325151967, 0.023724894502324814, 0.04303269796693987, 0.024601282910811338, 0.04717360493697734, 0.12578700310356852, 0.04880553374400732, 0.06634932772940136, 0.048597884562790995, 0.09232664401445694, 0.03131926695455857, 0.04894168356346572, 0.03559580536025543, 0.09258763116271126, 0.04903561735780867, 0.04942517529955942, 0.05268486454274897, 0.04944249505601887, 0.04932767002104433, 0.05121559778680564, 0.04999451691122051, 0.048358113392732285, 0.048080436380357236, 0.04798610746170991, 0.047555927692979484, 0.047407377005773535, 0.04739364912402827], ""epochs"": 60, ""lr"": 0.0005, ""layer_decay"": 0.9, ""weight_decay"": 0.05, ""label_smoothing"": 0.1, ""finetune_batch_size"": 16, ""steps_per_epoch"": 10, ""total_steps"": 600, ""warmup_steps"": 60, ""freeze_blocks"": 0, ""n_frozen_tensors"": 0, ""n_frozen_modules_in_eval"": 0, ""head_warmup_epochs"": 0, ""n_trainable_parameters"": 5023002, ""model"": ""cbramod"", ""builder"": ""CBraMod"", ""checkpoint"": ""random_init"", ""pretrained"": false, ""n_parameters"": 5023202, ""n_times"": 800, ""n_chans"": 62, ""amplitude_divisor"": 100.0}"
lee2019_mi,Lee2019_MI,36,2,cbramod_finetune_randinit_sel,cbramod_finetune,0.725,0.4522164625901152,0.2740466574686631,0.646705791560182,0.64,0.41779352439939105,0.14818842942310326,0.605848632715012,0.6272569310655018,0.30841262477639236,0.5,0.5,20.0,True,4,4.0,A0xT_validation,False,"{""adaptation"": ""finetune_end_to_end"", ""selected_epoch"": 38, ""selection_Brier_at_selected_epoch"": 0.5059733017722949, ""val_brier_curve"": [0.8167343850754796, 0.6308307966966433, 0.9152279535980181, 0.9567412410621262, 0.9615954098121845, 0.8941465519385954, 0.9041423660430125, 0.7907234807611189, 0.7411130882263022, 0.6440266937412755, 0.7567103863648829, 0.8219826407400248, 0.8499998184651932, 0.7423432947515524, 0.6165167997147012, 0.8518106803740786, 0.883607908394136, 0.6358239590962216, 0.6536442618017915, 0.8639999629864198, 0.7498604804851302, 0.8281936161582657, 0.8117358641530593, 0.8489433923094442, 0.7024926244293738, 0.730498514310068, 0.9010733019880931, 0.7275441993873231, 0.6614450721548397, 0.6523417662590693, 0.6643170016175695, 0.7700152472560255, 0.8636491113086706, 0.7661985839618035, 0.6534096111724232, 0.6537962855332684, 0.6599839259212343, 0.72434069591065, 0.5059733017722949, 0.9007089900750194, 0.6251177302538419, 0.5590333656460362, 0.5640151961861444, 0.6536651368322246, 0.6412346968267534, 0.5995602565858047, 0.5065787032015023, 0.5557599677330718, 0.6622581165379048, 0.5503013632527527, 0.6804922987104274, 0.6852344162165828, 0.6193636389927513, 0.6024675220827773, 0.578276853568079, 0.5677868321817758, 0.5813685602399987, 0.5852425613296959, 0.5795736815347738, 0.5792202108696058], ""epochs"": 60, ""lr"": 0.0005, ""layer_decay"": 0.9, ""weight_decay"": 0.05, ""label_smoothing"": 0.1, ""finetune_batch_size"": 16, ""steps_per_epoch"": 10, ""total_steps"": 600, ""warmup_steps"": 60, ""freeze_blocks"": 0, ""n_frozen_tensors"": 0, ""n_frozen_modules_in_eval"": 0, ""head_warmup_epochs"": 0, ""n_trainable_parameters"": 5023002, ""model"": ""cbramod"", ""builder"": ""CBraMod"", ""checkpoint"": ""random_init"", ""pretrained"": false, ""n_parameters"": 5023202, ""n_times"": 800, ""n_chans"": 62, ""amplitude_divisor"": 100.0}"
lee2019_mi,Lee2019_MI,37,2,cbramod_finetune_randinit_sel,cbramod_finetune,0.7,0.4640714244575257,0.2194006715115846,0.6601808446483715,0.52,0.5289290137781927,0.19808093026995394,0.7257228069931245,0.8965108612612442,0.4261752667074482,0.5,0.5,20.0,True,4,4.0,A0xT_validation,False,"{""adaptation"": ""finetune_end_to_end"", ""selected_epoch"": 24, ""selection_Brier_at_selected_epoch"": 0.561914809342859, ""val_brier_curve"": [0.8123982858195055, 0.8517055652071697, 0.982382809057118, 0.8760011818041438, 0.8116073100442242, 0.7977678787322018, 0.7171196687922224, 0.7429269834284763, 1.0628132864606659, 0.9430647494509945, 0.849485521159219, 0.941515916997726, 0.8380283257455806, 0.8446778089533169, 0.9863421211889968, 0.8008947008093295, 0.685739923892074, 0.7782390440590244, 0.8009297114086531, 0.856091401537823, 0.9349292373878528, 1.0396545209735848, 0.8036983430507064, 0.733629736690818, 0.561914809342859, 0.8459791511087895, 0.8972295622139257, 0.9610043391405633, 0.7970303978822233, 0.8420174940654294, 0.9471775835646625, 0.9397115822022803, 0.7479173167421338, 0.9427058329660379, 0.8632430040443518, 0.850362596427804, 0.7797047920914175, 0.8003145700644296, 0.872622603136571, 0.8128387991780626, 0.7744145493113475, 0.7113112402552586, 0.9363191445311404, 0.7171761223756534, 0.8120743006600744, 0.7882466545449269, 0.7963042472776583, 0.788800686524068, 0.7954838768694212, 0.8218746040857148, 0.8460867838614705, 0.7837334431480499, 0.7983255345028435, 0.784520992191052, 0.7729575891840911, 0.7760513619693125, 0.7802329466750494, 0.7799504191436404, 0.780558784673878, 0.780578137930125], ""epochs"": 60, ""lr"": 0.0005, ""layer_decay"": 0.9, ""weight_decay"": 0.05, ""label_smoothing"": 0.1, ""finetune_batch_size"": 16, ""steps_per_epoch"": 10, ""total_steps"": 600, ""warmup_steps"": 60, ""freeze_blocks"": 0, ""n_frozen_tensors"": 0, ""n_frozen_modules_in_eval"": 0, ""head_warmup_epochs"": 0, ""n_trainable_parameters"": 5023002, ""model"": ""cbramod"", ""builder"": ""CBraMod"", ""checkpoint"": ""random_init"", ""pretrained"": false, ""n_parameters"": 5023202, ""n_times"": 800, ""n_chans"": 62, ""amplitude_divisor"": 100.0}"
lee2019_mi,Lee2019_MI,38,2,cbramod_finetune_randinit_sel,cbramod_finetune,0.65,0.4727181168204016,0.2422427229159606,0.6945621031222773,0.54,0.5927541823874624,0.20919239129284775,0.8314146635883395,0.9079763830523049,0.4398878968396688,0.5,0.5,20.0,True,4,4.0,A0xT_validation,False,"{""adaptation"": ""finetune_end_to_end"", ""selected_epoch"": 10, ""selection_Brier_at_selected_epoch"": 0.6735885021597398, ""val_brier_curve"": [0.7647023163134117, 0.9445713864987422, 0.7628990520527502, 0.9918406818335125, 0.9647430368718846, 0.9370375048173294, 0.8842825487809126, 0.864197792296934, 0.8218252410430468, 0.8872717169539721, 0.6735885021597398, 0.9139235909765606, 0.9006903456304152, 0.9027516172986741, 0.806539943341647, 1.0081727551649184, 0.8993138256924501, 0.9150168156614426, 0.9667580117167602, 1.0000000336451564, 0.9857905969046833, 0.8556396966359052, 1.0479809706946195, 1.1645250951961714, 0.9101674865523124, 0.8093092584969754, 0.876478717623608, 0.9940182843317474, 0.904588664488647, 1.1067362094260313, 0.9451186491484892, 0.9372028972995716, 0.9309677430660145, 0.8486192748904375, 0.9115793552842322, 0.910207542485978, 1.0234371580686146, 0.8812707544870996, 0.9353245543627857, 0.8613447668953581, 1.1437487267682678, 0.9313146111514584, 0.9759861630970285, 0.899701449604643, 0.9090758158857513, 0.8089715301302925, 0.9822673992048555, 1.034048761289336, 0.9655383160169905, 0.9381132627454587, 0.8978559003357987, 0.8747240524977699, 0.8736531644135319, 0.8693095652254008, 0.8785372493115737, 0.839881046180975, 0.8019036015150796, 0.7987810063864961, 0.79653049234254, 0.7964060638184653], ""epochs"": 60, ""lr"": 0.0005, ""layer_decay"": 0.9, ""weight_decay"": 0.05, ""label_smoothing"": 0.1, ""finetune_batch_size"": 16, ""steps_per_epoch"": 10, ""total_steps"": 600, ""warmup_steps"": 60, ""freeze_blocks"": 0, ""n_frozen_tensors"": 0, ""n_frozen_modules_in_eval"": 0, ""head_warmup_epochs"": 0, ""n_trainable_parameters"": 5023002, ""model"": ""cbramod"", ""builder"": ""CBraMod"", ""checkpoint"": ""random_init"", ""pretrained"": false, ""n_parameters"": 5023202, ""n_times"": 800, ""n_chans"": 62, ""amplitude_divisor"": 100.0}"
lee2019_mi,Lee2019_MI,39,2,cbramod_finetune_randinit_sel,cbramod_finetune,0.675,0.46233701114309794,0.2077114654539883,0.6550123076527818,0.565,0.49236960537120694,0.09374145605803563,0.6860434382350382,0.7699200577729007,0.3691389719477785,0.5,0.5,20.0,True,4,4.0,A0xT_validation,False,"{""adaptation"": ""finetune_end_to_end"", ""selected_epoch"": 32, ""selection_Brier_at_selected_epoch"": 0.5808267513843532, ""val_brier_curve"": [0.9791986630260998, 0.9933873030049675, 0.8710980266424393, 0.9389916697743231, 1.0591846899117225, 1.0157526423963563, 0.9041379675733369, 0.9479264275816757, 0.6665392027458156, 0.9670352015846568, 1.0409713102621019, 0.9721988193943328, 0.9999999999995366, 0.748379087672858, 0.6992732500626301, 0.6869421509648976, 0.6721895204009172, 0.7321357294802926, 0.6939912694565069, 0.9999987630148446, 0.8281063573179344, 0.6673405223618871, 1.0022597174647558, 0.8557809967553475, 0.7327360216123111, 0.6847091418193006, 0.7610440267158671, 0.8547115416649937, 0.7018520607241654, 0.909264171373065, 0.9474739398034295, 0.6225513799054607, 0.5808267513843532, 0.6776486809227966, 0.7150438927792765, 0.633145104083124, 0.6640944987484639, 0.9009814657487091, 0.8332956170847258, 0.8534123424964687, 0.6634117513457991, 0.700249873034171, 0.7606760291064376, 0.7705356918023483, 0.7557933746048071, 0.7504983749957465, 0.7342995989049699, 0.72584867056802, 0.7255851575861604, 0.7405115727737506, 0.6795754955121758, 0.6971771260054106, 0.7012013052157582, 0.6985085698827573, 0.6794207783094242, 0.6960429812689348, 0.6854679752600894, 0.6861218393359731, 0.6883907560312966, 0.6886487456437669], ""epochs"": 60, ""lr"": 0.0005, ""layer_decay"": 0.9, ""weight_decay"": 0.05, ""label_smoothing"": 0.1, ""finetune_batch_size"": 16, ""steps_per_epoch"": 10, ""total_steps"": 600, ""warmup_steps"": 60, ""freeze_blocks"": 0, ""n_frozen_tensors"": 0, ""n_frozen_modules_in_eval"": 0, ""head_warmup_epochs"": 0, ""n_trainable_parameters"": 5023002, ""model"": ""cbramod"", ""builder"": ""CBraMod"", ""checkpoint"": ""random_init"", ""pretrained"": false, ""n_parameters"": 5023202, ""n_times"": 800, ""n_chans"": 62, ""amplitude_divisor"": 100.0}"
lee2019_mi,Lee2019_MI,40,2,cbramod_finetune_randinit_sel,cbramod_finetune,0.825,0.3830404683688192,0.27173192733072055,0.5672432153666466,0.625,0.4575479934698713,0.11460140452599346,0.6561152309313585,0.6617810452938119,0.3205523398822343,0.5,0.5,6.899033546447754,False,4,4.0,A0xT_validation,False,"{""adaptation"": ""finetune_end_to_end"", ""selected_epoch"": 53, ""selection_Brier_at_selected_epoch"": 0.3892579842522919, ""val_brier_curve"": [0.7709755612970882, 0.9907944949116023, 0.7249064225009889, 0.779763124822263, 0.9956901898723874, 0.8169831078134127, 0.7317468472997354, 0.831726723599932, 0.7136912158560751, 0.799721768918414, 0.6258408971528329, 0.8509125572527105, 0.8566741335317378, 0.7771522826334328, 0.6969335486165698, 0.9523977655569901, 0.5957204858137938, 0.8475587921166075, 0.7785408505042232, 0.9497731783715551, 1.0211801784063173, 0.6883323501249279, 0.6256318977761528, 0.8784807389948875, 0.6215409394373184, 0.8408047037660469, 0.8457692231144651, 0.5607681052964762, 0.6162934295126166, 0.7531049940380253, 0.5663822433450392, 0.6102575819164067, 0.8937469304648143, 0.8202622932210254, 0.7362226241576588, 0.6030398109689264, 0.5528280510391583, 0.5502644331160728, 0.5009473600344567, 0.5689585284706427, 0.5365569515820112, 0.5360611810941451, 0.5324219173882933, 0.5615402093965176, 0.6673724982393379, 0.5941564126502794, 0.4846643731816786, 0.40021778197026536, 0.6164497815337355, 0.42553392607692625, 0.443496149872541, 0.4076698429784362, 0.39891423385477925, 0.3892579842522919, 0.39293367916603855, 0.42009765104168817, 0.4216604224013484, 0.4139389868942864, 0.41178206335448914, 0.4113218489355612], ""epochs"": 60, ""lr"": 0.0005, ""layer_decay"": 0.9, ""weight_decay"": 0.05, ""label_smoothing"": 0.1, ""finetune_batch_size"": 16, ""steps_per_epoch"": 10, ""total_steps"": 600, ""warmup_steps"": 60, ""freeze_blocks"": 0, ""n_frozen_tensors"": 0, ""n_frozen_modules_in_eval"": 0, ""head_warmup_epochs"": 0, ""n_trainable_parameters"": 5023002, ""model"": ""cbramod"", ""builder"": ""CBraMod"", ""checkpoint"": ""random_init"", ""pretrained"": false, ""n_parameters"": 5023202, ""n_times"": 800, ""n_chans"": 62, ""amplitude_divisor"": 100.0}"
lee2019_mi,Lee2019_MI,41,2,cbramod_finetune_randinit_sel,cbramod_finetune,0.625,0.5199479729387599,0.22934378663237764,0.7351582176155304,0.575,0.5658722375150728,0.17777364670584087,0.7916074382002983,0.8279940624428171,0.40137281804151037,0.5,0.5,20.0,True,4,4.0,A0xT_validation,False,"{""adaptation"": ""finetune_end_to_end"", ""selected_epoch"": 14, ""selection_Brier_at_selected_epoch"": 0.7033804468808234, ""val_brier_curve"": [0.8252999585255999, 1.0082164259642339, 0.9452274100031332, 0.7869769776617497, 0.9431201683895806, 1.123855854634071, 0.7685184562009406, 0.8908016603076806, 0.9432822900150079, 1.280741134236429, 0.9541845073285968, 0.9649132944047786, 0.9422482537767486, 0.9980442608502298, 0.7033804468808234, 0.8132858814237476, 0.7059033060497282, 0.9570433631184059, 0.9904597581087223, 0.847058251228362, 1.303479401130446, 0.8026297581088848, 1.0280224585254776, 1.065903489349717, 0.9602099142139562, 1.034374884577762, 0.9351361258228413, 0.778219192995048, 0.814047171601833, 0.9999441223510391, 0.9872193514685925, 0.7970591269522436, 0.8990188768725975, 0.7704574691392068, 0.756063505563562, 0.9113343213341561, 1.0115270366832267, 0.8882091693669769, 0.978924032775464, 0.9480109023600812, 0.9469636878631922, 0.8024145744484977, 0.7817180416470204, 1.0019877761779967, 0.8181876237638257, 0.8591467250938581, 0.8855699934860525, 0.9446992253431754, 0.8656372780604638, 0.858128775906911, 0.852409158386131, 0.8355708857754799, 0.7917294496513398, 0.8307681938853836, 0.863300256812288, 0.8670502360974502, 0.8556207362655653, 0.8423921093218724, 0.8395387387589495, 0.83931569957315], ""epochs"": 60, ""lr"": 0.0005, ""layer_decay"": 0.9, ""weight_decay"": 0.05, ""label_smoothing"": 0.1, ""finetune_batch_size"": 16, ""steps_per_epoch"": 10, ""total_steps"": 600, ""warmup_steps"": 60, ""freeze_blocks"": 0, ""n_frozen_tensors"": 0, ""n_frozen_modules_in_eval"": 0, ""head_warmup_epochs"": 0, ""n_trainable_parameters"": 5023002, ""model"": ""cbramod"", ""builder"": ""CBraMod"", ""checkpoint"": ""random_init"", ""pretrained"": false, ""n_parameters"": 5023202, ""n_times"": 800, ""n_chans"": 62, ""amplitude_divisor"": 100.0}"
lee2019_mi,Lee2019_MI,42,2,cbramod_finetune_randinit_sel,cbramod_finetune,0.65,0.45279784179917043,0.17932847020513276,0.6479926467227439,0.56,0.5092124030303502,0.1330798981354268,0.7068666849599898,0.7467021240341453,0.34523685117949615,0.5,0.5,7.341546058654785,False,4,4.0,A0xT_validation,False,"{""adaptation"": ""finetune_end_to_end"", ""selected_epoch"": 0, ""selection_Brier_at_selected_epoch"": 0.5976669585407441, ""val_brier_curve"": [0.5976669585407441, 0.8954395319619961, 1.0429248774347866, 0.9978527111571955, 0.928720633079369, 1.0665261709405676, 0.964083845306044, 0.8527125273994832, 1.0367065650680296, 0.8378624115468739, 0.6590915953470302, 0.9453587145711957, 0.8324383804307608, 0.799938754042386, 0.9505834593589668, 1.024220193560976, 0.9248115264245168, 0.8445253043052636, 0.9928250765446427, 0.9471295283240184, 0.926102086640513, 0.9934109031178167, 0.9503677771675809, 0.9887641891925426, 0.959788579652708, 0.8384089724998047, 0.8755736784458129, 0.823450198429185, 0.8331886780175018, 0.868984071668606, 0.9901092654527563, 0.9407918762191256, 0.8570068152044605, 0.7448393582127981, 0.9644952539210614, 0.8155768377038296, 0.9146609414386218, 0.7468716817695229, 0.8464284384430091, 0.9489450943805859, 1.0009538872716004, 0.8435523986802733, 0.8758216694339552, 0.7385835557277337, 0.8302808235774153, 0.7756188350404771, 0.7299928476655525, 0.7427320497171463, 0.7540509759744687, 0.9141591853498843, 0.8640387857948113, 0.8118442036795752, 0.8957341962440735, 0.826792867093036, 0.7970122921599858, 0.8161908554502485, 0.8180332697621564, 0.8264596977396022, 0.8301973834512288, 0.8306014509911706], ""epochs"": 60, ""lr"": 0.0005, ""layer_decay"": 0.9, ""weight_decay"": 0.05, ""label_smoothing"": 0.1, ""finetune_batch_size"": 16, ""steps_per_epoch"": 10, ""total_steps"": 600, ""warmup_steps"": 60, ""freeze_blocks"": 0, ""n_frozen_tensors"": 0, ""n_frozen_modules_in_eval"": 0, ""head_warmup_epochs"": 0, ""n_trainable_parameters"": 5023002, ""model"": ""cbramod"", ""builder"": ""CBraMod"", ""checkpoint"": ""random_init"", ""pretrained"": false, ""n_parameters"": 5023202, ""n_times"": 800, ""n_chans"": 62, ""amplitude_divisor"": 100.0}"
lee2019_mi,Lee2019_MI,43,2,cbramod_finetune_randinit_sel,cbramod_finetune,0.65,0.4558219614106611,0.20012216478720554,0.6457503422025009,0.68,0.4216000953686526,0.12786730957049233,0.6101501980812756,0.5913295567241806,0.2869286914728023,0.5,0.5,20.0,True,4,4.0,A0xT_validation,False,"{""adaptation"": ""finetune_end_to_end"", ""selected_epoch"": 28, ""selection_Brier_at_selected_epoch"": 0.6495896633075462, ""val_brier_curve"": [0.9708882188751454, 1.0314182322868866, 0.882905484300716, 0.9464421424377158, 0.6920244102396206, 0.8489180551008317, 0.8803175777136255, 0.6500359065953862, 0.778160639373793, 0.7457819655248951, 0.9498231793962987, 1.044179044713333, 0.8998673524608091, 0.8046870584613683, 0.677105102925311, 0.9309528508674898, 0.9999982607807478, 0.8729474588550428, 0.7446080401651436, 0.784440529613759, 1.0513075411163904, 1.0047723624589577, 0.8380297177224121, 0.9938450416363015, 0.8527143853901002, 0.7411918497950815, 0.8222967068177647, 0.8479929534070664, 0.6495896633075462, 0.9103102221069834, 0.7728316393029434, 0.8502467251638208, 0.8099456422471748, 0.9425561128697193, 0.7150945381117205, 0.785618414940297, 0.8081379565871508, 0.8126498094089725, 0.8218953477159616, 0.7719807351742157, 0.7536456310388187, 0.735067777646789, 0.7091050044926883, 0.7221949478398583, 0.7500424466882101, 0.8301566030429093, 0.8000386353682284, 0.767773903516565, 0.7874968794594462, 0.7448921196437611, 0.7965198596899368, 0.8099101979947925, 0.8191106916390429, 0.7984215446588332, 0.8248857000386549, 0.8258946684653665, 0.8152460209688185, 0.8013418744578565, 0.7950582697731375, 0.7949379408591375], ""epochs"": 60, ""lr"": 0.0005, ""layer_decay"": 0.9, ""weight_decay"": 0.05, ""label_smoothing"": 0.1, ""finetune_batch_size"": 16, ""steps_per_epoch"": 10, ""total_steps"": 600, ""warmup_steps"": 60, ""freeze_blocks"": 0, ""n_frozen_tensors"": 0, ""n_frozen_modules_in_eval"": 0, ""head_warmup_epochs"": 0, ""n_trainable_parameters"": 5023002, ""model"": ""cbramod"", ""builder"": ""CBraMod"", ""checkpoint"": ""random_init"", ""pretrained"": false, ""n_parameters"": 5023202, ""n_times"": 800, ""n_chans"": 62, ""amplitude_divisor"": 100.0}"
lee2019_mi,Lee2019_MI,44,2,cbramod_finetune_randinit_sel,cbramod_finetune,0.725,0.46106602806121105,0.2374547266539369,0.6529940562156159,0.56,0.4965634332298792,0.0879474564608592,0.6909016297984126,0.776611960161124,0.38412874135499475,0.5,0.5,16.4475040435791,False,4,4.0,A0xT_validation,False,"{""adaptation"": ""finetune_end_to_end"", ""selected_epoch"": 43, ""selection_Brier_at_selected_epoch"": 0.5291485085018638, ""val_brier_curve"": [0.7608922529082401, 0.9145867142553517, 0.9144255216951717, 0.73866795595754, 1.0386660957132618, 0.9577560038983124, 0.8212188179225975, 0.9022204132165031, 0.8998387989182681, 0.7816472134244806, 0.8991889095088375, 0.9499988183177033, 0.9584590792870159, 0.8946676865181231, 1.0287150035917518, 0.7439129489120238, 0.9689223388325452, 0.8979851483101161, 0.6788023440711083, 0.7150892393318837, 0.9485622989899559, 0.7035916990730022, 0.7042444261827101, 0.9720110444793179, 0.6599083181686941, 0.8162396333432362, 0.6184927783753672, 0.8846188357773827, 0.6028599862599264, 0.594583680435169, 0.7630920637007771, 0.7363924613881083, 0.6970901331853488, 0.7993896153700945, 0.8280890553201263, 0.8257447249206098, 0.5457510799635411, 0.6105449444232374, 0.850282722785096, 0.7928628412048058, 0.5976928549531311, 0.5387675138776296, 0.6865204326553573, 0.5291485085018638, 0.6474896528953444, 0.6028521917057177, 0.7798302474537022, 0.6289836129462181, 0.5465262362076514, 0.5707434692126275, 0.566689521574198, 0.613118090373567, 0.6073059277378762, 0.6430147124359219, 0.6246154540529525, 0.6127148698864444, 0.616967628806447, 0.6163644382931677, 0.6177934781857125, 0.6180463335350665], ""epochs"": 60, ""lr"": 0.0005, ""layer_decay"": 0.9, ""weight_decay"": 0.05, ""label_smoothing"": 0.1, ""finetune_batch_size"": 16, ""steps_per_epoch"": 10, ""total_steps"": 600, ""warmup_steps"": 60, ""freeze_blocks"": 0, ""n_frozen_tensors"": 0, ""n_frozen_modules_in_eval"": 0, ""head_warmup_epochs"": 0, ""n_trainable_parameters"": 5023002, ""model"": ""cbramod"", ""builder"": ""CBraMod"", ""checkpoint"": ""random_init"", ""pretrained"": false, ""n_parameters"": 5023202, ""n_times"": 800, ""n_chans"": 62, ""amplitude_divisor"": 100.0}"
lee2019_mi,Lee2019_MI,45,2,cbramod_finetune_randinit_sel,cbramod_finetune,0.6,0.5802705805516324,0.3074234378552377,0.8496693410674971,0.555,0.6040576683835348,0.22298660914770424,0.8648691501319555,0.8653494980832673,0.4271057775213753,0.5,0.5,20.0,True,4,4.0,A0xT_validation,False,"{""adaptation"": ""finetune_end_to_end"", ""selected_epoch"": 15, ""selection_Brier_at_selected_epoch"": 0.7693074477654258, ""val_brier_curve"": [0.8217538874708324, 0.9305635787761473, 0.9558304339632994, 0.9222903530106066, 0.9391190334819008, 0.9984812363034926, 1.0380504690059038, 0.870879366432012, 0.8670862008603913, 0.8218155597520219, 1.0043585426417176, 0.8909593075532282, 0.9745774187717341, 1.0582704350397492, 0.8651282021639458, 0.7693074477654258, 0.8971284672090004, 1.0961805478475448, 0.9460261403836899, 1.0001420258584455, 0.8483266035059133, 0.8261334932035501, 0.9644235912433938, 0.8444884109110189, 0.9887800907388782, 0.8182070290152735, 0.8574567233893639, 0.8602433075282521, 0.9686902216393953, 1.0199338914063976, 0.7905952431435271, 0.892166992281288, 1.007779122662858, 0.8539097774830076, 0.9601538168866248, 1.068448947676778, 1.1799674376453142, 0.9987350663740848, 0.8718356659556299, 0.941265569869292, 0.9885574168303524, 1.0594247948991184, 0.7714977304059094, 1.091002528321738, 0.9921447055855662, 1.0873864631760284, 1.068390078033545, 0.813692081248042, 1.0264661734483858, 1.0581301001198884, 1.037778540443415, 1.0778750835142428, 1.100022808500011, 0.996817503106676, 0.9852216987085372, 0.9592053801001026, 0.932023520819893, 0.9280940268638382, 0.9292908474038384, 0.9286065165935152], ""epochs"": 60, ""lr"": 0.0005, ""layer_decay"": 0.9, ""weight_decay"": 0.05, ""label_smoothing"": 0.1, ""finetune_batch_size"": 16, ""steps_per_epoch"": 10, ""total_steps"": 600, ""warmup_steps"": 60, ""freeze_blocks"": 0, ""n_frozen_tensors"": 0, ""n_frozen_modules_in_eval"": 0, ""head_warmup_epochs"": 0, ""n_trainable_parameters"": 5023002, ""model"": ""cbramod"", ""builder"": ""CBraMod"", ""checkpoint"": ""random_init"", ""pretrained"": false, ""n_parameters"": 5023202, ""n_times"": 800, ""n_chans"": 62, ""amplitude_divisor"": 100.0}"
lee2019_mi,Lee2019_MI,46,2,cbramod_finetune_randinit_sel,cbramod_finetune,0.8,0.3188814520420641,0.1944821810143862,0.48239669067114443,0.725,0.3781836134241321,0.11793116963934545,0.5694721382321631,0.49003157378162754,0.23657635863169743,0.5,0.5,5.140958786010742,False,4,4.0,A0xT_validation,False,"{""adaptation"": ""finetune_end_to_end"", ""selected_epoch"": 44, ""selection_Brier_at_selected_epoch"": 0.33723584465613476, ""val_brier_curve"": [0.711615022229265, 0.6344815442574188, 0.7236745329819063, 0.5405270056760673, 0.9701036275889784, 0.5472278725769943, 0.7852097113868822, 0.7012903448756861, 0.6121655628373252, 0.5442711705383377, 0.6901130994741779, 0.634563313708202, 0.7215186258763244, 0.6970274741586883, 0.8451335449178133, 0.7889347762184687, 0.7398570644766951, 0.6325131192800679, 0.5538147377351443, 0.8830221107332499, 0.5933801787833592, 0.5388883407657639, 0.7044451710280132, 0.9004008531121922, 0.47996190917769166, 0.6461461337254605, 0.7006603589397506, 0.4190859185579795, 0.590533288685543, 0.9099405197439582, 0.8101456799025092, 0.6686065950042245, 0.54285790920261, 0.5002132012298238, 0.5629688512683455, 0.5870527857079918, 0.44286469827898295, 0.5870084344850378, 0.41659869053868903, 0.5217647037604266, 0.5038505419521251, 0.4479580998847494, 0.3391413892558801, 0.4058532593549167, 0.33723584465613476, 0.5534532179571747, 0.5495033703098843, 0.528735359789217, 0.45417978870328846, 0.41475450802633584, 0.38877459717291507, 0.4191310959136487, 0.4435555668015831, 0.4352174924015366, 0.501808076485841, 0.4521075376234965, 0.42645395029191374, 0.42327313904406505, 0.4158019396642124, 0.41482403881964613], ""epochs"": 60, ""lr"": 0.0005, ""layer_decay"": 0.9, ""weight_decay"": 0.05, ""label_smoothing"": 0.1, ""finetune_batch_size"": 16, ""steps_per_epoch"": 10, ""total_steps"": 600, ""warmup_steps"": 60, ""freeze_blocks"": 0, ""n_frozen_tensors"": 0, ""n_frozen_modules_in_eval"": 0, ""head_warmup_epochs"": 0, ""n_trainable_parameters"": 5023002, ""model"": ""cbramod"", ""builder"": ""CBraMod"", ""checkpoint"": ""random_init"", ""pretrained"": false, ""n_parameters"": 5023202, ""n_times"": 800, ""n_chans"": 62, ""amplitude_divisor"": 100.0}"
lee2019_mi,Lee2019_MI,47,2,cbramod_finetune_randinit_sel,cbramod_finetune,0.775,0.3289533683811249,0.1640829050970812,0.48720267404661366,0.61,0.5116679648430913,0.15832015205113403,0.7328007660832628,0.7282799216108067,0.35340993891481975,0.5,0.5,7.414474964141846,False,4,4.0,A0xT_validation,False,"{""adaptation"": ""finetune_end_to_end"", ""selected_epoch"": 43, ""selection_Brier_at_selected_epoch"": 0.3950796338654436, ""val_brier_curve"": [0.7147754406867041, 0.8481039158406976, 1.0854851031015627, 0.8374266167907181, 0.7754387829288398, 1.2300413793213343, 0.6905412909713211, 0.8137308874415371, 0.9000315261657595, 0.7656002277060618, 1.0412057694642494, 1.0404552530209206, 0.890497279209337, 0.9644437749399021, 0.7154405003459818, 0.8041022132239263, 0.8714121101668877, 0.950197983412874, 0.4473594706699127, 0.928610556344321, 1.049739647257669, 1.0408523368104972, 0.9092904998281902, 0.8731370862273217, 0.6507820564382468, 0.5720726854320939, 0.6645347013219852, 0.6144018501769866, 0.7724539383212019, 0.877793622318018, 0.8508805043779889, 0.6848868754121356, 0.747866177632571, 0.8047118148686317, 0.8227229193717973, 0.848992273351632, 0.893686129030845, 0.6129284889171829, 0.46070303609772134, 0.5369278187799057, 0.6648078237635462, 0.5284512999102111, 0.4424676962361385, 0.3950796338654436, 0.42527423468654135, 0.5222774770511931, 0.6363088051454874, 0.6135584572129366, 0.7334409408876612, 0.731303861031923, 0.6482170724826368, 0.6061152854969466, 0.6008086462633264, 0.6026895308607516, 0.620473176330386, 0.642051191981416, 0.6519436744463322, 0.6546000329157466, 0.6567316470732301, 0.6564861073969359], ""epochs"": 60, ""lr"": 0.0005, ""layer_decay"": 0.9, ""weight_decay"": 0.05, ""label_smoothing"": 0.1, ""finetune_batch_size"": 16, ""steps_per_epoch"": 10, ""total_steps"": 600, ""warmup_steps"": 60, ""freeze_blocks"": 0, ""n_frozen_tensors"": 0, ""n_frozen_modules_in_eval"": 0, ""head_warmup_epochs"": 0, ""n_trainable_parameters"": 5023002, ""model"": ""cbramod"", ""builder"": ""CBraMod"", ""checkpoint"": ""random_init"", ""pretrained"": false, ""n_parameters"": 5023202, ""n_times"": 800, ""n_chans"": 62, ""amplitude_divisor"": 100.0}"
lee2019_mi,Lee2019_MI,48,2,cbramod_finetune_randinit_sel,cbramod_finetune,0.85,0.21825997198097472,0.14195677404796092,0.3732228968056612,0.67,0.42966288736728286,0.14018971819941642,0.6413781548439236,0.5914346680559581,0.2823457961828623,0.5,0.5,5.8803253173828125,False,4,4.0,A0xT_validation,False,"{""adaptation"": ""finetune_end_to_end"", ""selected_epoch"": 43, ""selection_Brier_at_selected_epoch"": 0.24558776224817463, ""val_brier_curve"": [0.30554890421457, 0.5612414254194753, 0.8948397963088892, 0.6180864370989505, 0.951308624512485, 0.39991299722520546, 0.5851398814091731, 0.598293690979945, 0.603251074879134, 0.3609794066726941, 0.6271104352896273, 0.4550029785010589, 0.7748969110065904, 0.499555594562314, 0.4079321174512879, 0.2578116249075876, 0.2891262364394545, 0.3550584759679777, 0.26463812723127, 0.9247422355437562, 0.4681521798692422, 0.38628173013659917, 0.5275077346888244, 0.44349385082369164, 0.45761135013359155, 0.27437884728103423, 0.7872086155790348, 0.7642133209637137, 0.4304897056269086, 0.49392677942520075, 0.3964990813693179, 0.5753888569875837, 0.5882628185380534, 0.6293882690435908, 0.5841954715244457, 0.640149188278016, 0.6661056798550951, 0.3826457611666637, 0.345652246579245, 0.37907479089549206, 0.3574473693967132, 0.2778054342276248, 0.5319883120565864, 0.24558776224817463, 0.33516770212717145, 0.3666786308539737, 0.30196365739177133, 0.3798537207030209, 0.3868556708213433, 0.37902120732368144, 0.3565084537151694, 0.3523727707414274, 0.36135881056240915, 0.35912449184975587, 0.3690797008535098, 0.3744911305725808, 0.3809499391923474, 0.3799474645737025, 0.3784392984206586, 0.3781905589397172], ""epochs"": 60, ""lr"": 0.0005, ""layer_decay"": 0.9, ""weight_decay"": 0.05, ""label_smoothing"": 0.1, ""finetune_batch_size"": 16, ""steps_per_epoch"": 10, ""total_steps"": 600, ""warmup_steps"": 60, ""freeze_blocks"": 0, ""n_frozen_tensors"": 0, ""n_frozen_modules_in_eval"": 0, ""head_warmup_epochs"": 0, ""n_trainable_parameters"": 5023002, ""model"": ""cbramod"", ""builder"": ""CBraMod"", ""checkpoint"": ""random_init"", ""pretrained"": false, ""n_parameters"": 5023202, ""n_times"": 800, ""n_chans"": 62, ""amplitude_divisor"": 100.0}"
lee2019_mi,Lee2019_MI,49,2,cbramod_finetune_randinit_sel,cbramod_finetune,0.6,0.4912615861149451,0.2000733812337969,0.6846429683609081,0.59,0.46358739732397225,0.13014198075734154,0.6557584697312902,0.695300865056267,0.33997827190500807,0.5,0.5,20.0,True,4,4.0,A0xT_validation,False,"{""adaptation"": ""finetune_end_to_end"", ""selected_epoch"": 59, ""selection_Brier_at_selected_epoch"": 0.7001136891695214, ""val_brier_curve"": [0.7448983531124458, 0.8065806756359153, 0.9057591725490184, 0.9987093734813532, 0.9999995389035401, 0.879807646368096, 0.8119476558466783, 0.9071604207373356, 0.9158623533906212, 0.8255529457261414, 0.8635940386000833, 0.9982909947114326, 1.0748209430371638, 1.0682974024092526, 0.8250845563048976, 1.0487164825201787, 0.8057301930879298, 0.8353564668872865, 0.7734638956504992, 0.7851431785196814, 0.8506125787493553, 0.848635815668632, 0.8185030701164425, 0.7280823999152416, 0.7091757302260666, 0.714996822295678, 0.9302740427273418, 0.7542611583955333, 0.721609914801597, 0.8997664366838137, 0.8746083105401224, 0.7759991174258267, 0.7801776766804903, 0.8201086292933377, 0.8997906414573112, 0.9090702713215861, 0.974075738381471, 0.9292121871484232, 0.8594000059463692, 0.7378531880684452, 0.7696919796018664, 0.719626614136758, 0.8073176095530821, 0.7500835315530574, 0.9770181673458337, 0.7241058220083756, 0.7395190487723593, 0.7807550814519482, 0.7494990856249703, 0.7859911034461715, 0.7404927666508694, 0.713461560066704, 0.7643469408297676, 0.7768750677228391, 0.704528833610609, 0.7173385772365031, 0.7053192962947857, 0.7006375741619228, 0.7002965338298298, 0.7001136891695214], ""epochs"": 60, ""lr"": 0.0005, ""layer_decay"": 0.9, ""weight_decay"": 0.05, ""label_smoothing"": 0.1, ""finetune_batch_size"": 16, ""steps_per_epoch"": 10, ""total_steps"": 600, ""warmup_steps"": 60, ""freeze_blocks"": 0, ""n_frozen_tensors"": 0, ""n_frozen_modules_in_eval"": 0, ""head_warmup_epochs"": 0, ""n_trainable_parameters"": 5023002, ""model"": ""cbramod"", ""builder"": ""CBraMod"", ""checkpoint"": ""random_init"", ""pretrained"": false, ""n_parameters"": 5023202, ""n_times"": 800, ""n_chans"": 62, ""amplitude_divisor"": 100.0}"
lee2019_mi,Lee2019_MI,50,2,cbramod_finetune_randinit_sel,cbramod_finetune,0.575,0.5301322170536993,0.3059683597794218,0.7262342609432164,0.55,0.5158317692932273,0.1108507717697911,0.7110651570632035,0.8334483539107603,0.39172336200615065,0.5,0.5,20.0,True,4,4.0,A0xT_validation,False,"{""adaptation"": ""finetune_end_to_end"", ""selected_epoch"": 38, ""selection_Brier_at_selected_epoch"": 0.7792589406768672, ""val_brier_curve"": [0.8396997134738096, 0.984821451324474, 1.0677613948245614, 0.955662275108938, 0.894116241743195, 1.0946877948270246, 0.9698858550171252, 1.2798233540407165, 1.1342675290026742, 1.1435776224515455, 1.0537472422104504, 0.8843772396733899, 1.1159361699315111, 1.0919700414278721, 0.9488079021898091, 0.9150240452480729, 1.0210622323475111, 0.9017739631197405, 0.9734374548309221, 0.9007388490806127, 1.0300966505187372, 1.13337015170216, 1.1883198354752542, 1.0971595187818395, 1.0669248990077973, 1.1017851362437807, 1.115621214053571, 1.0164829969544826, 1.165509250669283, 1.1409807713865672, 1.2070987267070836, 1.282930301066419, 1.2071858043837835, 0.9551263469326337, 1.0591623917026944, 0.8554367638352378, 1.0124068524421221, 1.046908089413059, 0.7792589406768672, 0.8952163816756749, 0.8985070514176121, 1.0347268964963734, 0.8746942004148531, 0.980662796855152, 0.925860069671416, 0.8801826001690485, 0.923219460996618, 1.0282653986211905, 0.9465697097904726, 0.9973334154790902, 0.9551395093658325, 0.9567361792261796, 0.9550242942025937, 0.945098323902253, 0.9479638773592114, 0.9473261740339055, 0.9483729452324411, 0.9490294636922567, 0.9492842555514454, 0.9492699123970599], ""epochs"": 60, ""lr"": 0.0005, ""layer_decay"": 0.9, ""weight_decay"": 0.05, ""label_smoothing"": 0.1, ""finetune_batch_size"": 16, ""steps_per_epoch"": 10, ""total_steps"": 600, ""warmup_steps"": 60, ""freeze_blocks"": 0, ""n_frozen_tensors"": 0, ""n_frozen_modules_in_eval"": 0, ""head_warmup_epochs"": 0, ""n_trainable_parameters"": 5023002, ""model"": ""cbramod"", ""builder"": ""CBraMod"", ""checkpoint"": ""random_init"", ""pretrained"": false, ""n_parameters"": 5023202, ""n_times"": 800, ""n_chans"": 62, ""amplitude_divisor"": 100.0}"
lee2019_mi,Lee2019_MI,51,2,cbramod_finetune_randinit_sel,cbramod_finetune,0.675,0.3988291306656365,0.22184081600648317,0.5806729802642695,0.46,0.5826756606214697,0.2133360044139043,0.7924960922529951,1.0174517879426446,0.4997936680912473,0.5,0.5,16.70659065246582,False,4,4.0,A0xT_validation,False,"{""adaptation"": ""finetune_end_to_end"", ""selected_epoch"": 23, ""selection_Brier_at_selected_epoch"": 0.5602971870693245, ""val_brier_curve"": [1.0439198665642457, 0.9236081279127127, 1.0259953312676118, 0.8628581606917418, 0.6819492460683432, 1.075350294386433, 0.7028432136633922, 0.8226948360784314, 0.9204191466375876, 0.8176038662320219, 0.9155542994273697, 0.9776207835190199, 0.6465000762433615, 0.9437774660868833, 0.9088846920937638, 0.7943796850291736, 0.9502840484165158, 1.0000574120297745, 0.8975486562600075, 0.8824375355823179, 0.7662502472207073, 0.7730185438117516, 0.753561003350988, 0.5602971870693245, 0.9990999003006815, 0.651690484920902, 0.8518001341706892, 0.836045216668397, 0.8395239474618584, 0.6830545516445097, 0.7093540259017731, 0.8964695085111725, 0.6811613403813951, 0.8072573978364481, 0.923389375423179, 0.8172724808649517, 0.8313115199471246, 0.7508368753574661, 0.8698147085001159, 0.7529202187179737, 0.7970832632150469, 0.7780173437838401, 0.8821946690395084, 0.70231224117729, 0.8950553618036141, 0.6724486276180395, 0.8302335736172022, 0.6667634436356131, 0.8140901186402341, 0.7620814938431352, 0.8219827623061011, 0.8624433018161772, 0.7874462165904357, 0.8312867961676226, 0.8118012446013892, 0.7772202106062167, 0.7730492906687461, 0.7788756187638178, 0.7782125740478092, 0.7774213407385447], ""epochs"": 60, ""lr"": 0.0005, ""layer_decay"": 0.9, ""weight_decay"": 0.05, ""label_smoothing"": 0.1, ""finetune_batch_size"": 16, ""steps_per_epoch"": 10, ""total_steps"": 600, ""warmup_steps"": 60, ""freeze_blocks"": 0, ""n_frozen_tensors"": 0, ""n_frozen_modules_in_eval"": 0, ""head_warmup_epochs"": 0, ""n_trainable_parameters"": 5023002, ""model"": ""cbramod"", ""builder"": ""CBraMod"", ""checkpoint"": ""random_init"", ""pretrained"": false, ""n_parameters"": 5023202, ""n_times"": 800, ""n_chans"": 62, ""amplitude_divisor"": 100.0}"
lee2019_mi,Lee2019_MI,52,2,cbramod_finetune_randinit_sel,cbramod_finetune,0.85,0.3150340389720613,0.1951598390773906,0.5000641212123882,0.62,0.4909591224163526,0.16200514306732494,0.7404677526442148,0.6751678783484543,0.3259545775977122,0.5,0.5,6.409641265869141,False,4,4.0,A0xT_validation,False,"{""adaptation"": ""finetune_end_to_end"", ""selected_epoch"": 45, ""selection_Brier_at_selected_epoch"": 0.3073001236231027, ""val_brier_curve"": [0.6255316207789633, 0.8411115286987718, 0.7951898695659233, 0.5849085410785094, 0.4599601687808786, 0.8158084120629135, 0.9005108541345266, 0.5454380366589218, 0.733550530720041, 0.7805148856711728, 0.8452009173641535, 0.581880968377817, 0.6528496143397472, 0.4893653285629448, 0.5457161857985104, 0.7522102448296335, 0.7934714252171189, 0.733965302336879, 0.5471411746229777, 0.47563415406535386, 0.5159932964625854, 0.6795406940643847, 0.6006526083677308, 0.626258274654991, 0.6769986419415557, 0.5910865225298264, 0.8934880262689969, 0.5517517080709033, 0.6858726218898571, 0.6115981260494145, 0.6730113632282908, 0.7557824666016352, 0.5962199204771015, 0.43998931910608513, 0.38479965900525703, 0.31724562670084155, 0.4777429582945173, 0.5946501527218027, 0.3705766734723838, 0.474712423917247, 0.4648567801695516, 0.43797827351785906, 0.45612469211798584, 0.3418181084410147, 0.43701304505980243, 0.3073001236231027, 0.3884898364571452, 0.5187661334192967, 0.49359380256273083, 0.40339884654277036, 0.4017710280503725, 0.3134054248824173, 0.3525990052274036, 0.37515037518260186, 0.3775260817188716, 0.3757904265678567, 0.36599703264932754, 0.36099566861737975, 0.3588307237271779, 0.3588345697479284], ""epochs"": 60, ""lr"": 0.0005, ""layer_decay"": 0.9, ""weight_decay"": 0.05, ""label_smoothing"": 0.1, ""finetune_batch_size"": 16, ""steps_per_epoch"": 10, ""total_steps"": 600, ""warmup_steps"": 60, ""freeze_blocks"": 0, ""n_frozen_tensors"": 0, ""n_frozen_modules_in_eval"": 0, ""head_warmup_epochs"": 0, ""n_trainable_parameters"": 5023002, ""model"": ""cbramod"", ""builder"": ""CBraMod"", ""checkpoint"": ""random_init"", ""pretrained"": false, ""n_parameters"": 5023202, ""n_times"": 800, ""n_chans"": 62, ""amplitude_divisor"": 100.0}"
lee2019_mi,Lee2019_MI,53,2,cbramod_finetune_randinit_sel,cbramod_finetune,0.675,0.4554240749996783,0.20679449782898165,0.6451045001331286,0.575,0.5047021577240305,0.10637885658498378,0.7011549621090305,0.8099622143900242,0.3876765861220208,0.5,0.5,16.451202392578125,False,4,4.0,A0xT_validation,False,"{""adaptation"": ""finetune_end_to_end"", ""selected_epoch"": 26, ""selection_Brier_at_selected_epoch"": 0.616932898822589, ""val_brier_curve"": [0.7435501151507411, 1.0989593657169003, 0.7461224118940841, 1.002681493429917, 0.9313965005195619, 0.8680314246004283, 1.1496545821528743, 0.9999982818333528, 1.0410624483558941, 0.9677428699093225, 0.8471536670406236, 0.9471781520397652, 1.0, 0.706074221703091, 0.7252296134338698, 0.8773872734228915, 0.8313796321162006, 0.6217305758239762, 0.6541897929017167, 0.9607251796331286, 0.8497764747425668, 0.9965676688082532, 0.7607572713994972, 0.8989303897897573, 0.8820767753667426, 0.8863132904208134, 0.616932898822589, 0.8132006787812527, 0.8418994269790196, 0.8440957546650427, 0.9779621912645826, 0.9076885180389581, 0.8872926772564348, 0.7891272751847952, 0.8879712427161881, 0.9263237968657135, 0.9551922597102742, 0.8101227180929479, 0.8487772459184489, 0.8961574427747454, 0.7817522373098587, 0.7420747123398306, 0.7004549714942875, 0.7605603482973855, 0.8067998518840863, 0.7534135555165579, 0.8808681082911992, 0.8949144224443945, 0.8018652759446574, 0.7968869049000682, 0.8299575378850136, 0.8328108251636375, 0.8121656456623271, 0.7931708111925817, 0.803957926832703, 0.8032481258903598, 0.8104035282661334, 0.8071616374441322, 0.8051808397949968, 0.8047747121552424], ""epochs"": 60, ""lr"": 0.0005, ""layer_decay"": 0.9, ""weight_decay"": 0.05, ""label_smoothing"": 0.1, ""finetune_batch_size"": 16, ""steps_per_epoch"": 10, ""total_steps"": 600, ""warmup_steps"": 60, ""freeze_blocks"": 0, ""n_frozen_tensors"": 0, ""n_frozen_modules_in_eval"": 0, ""head_warmup_epochs"": 0, ""n_trainable_parameters"": 5023002, ""model"": ""cbramod"", ""builder"": ""CBraMod"", ""checkpoint"": ""random_init"", ""pretrained"": false, ""n_parameters"": 5023202, ""n_times"": 800, ""n_chans"": 62, ""amplitude_divisor"": 100.0}"
lee2019_mi,Lee2019_MI,54,2,cbramod_finetune_randinit_sel,cbramod_finetune,0.65,0.5447059587389906,0.26762551787553235,0.8091777021701979,0.515,0.595412450145959,0.2190997024009329,0.8362898669410188,0.9211558274695002,0.4613741057895715,0.5,0.5,20.0,True,4,4.0,A0xT_validation,False,"{""adaptation"": ""finetune_end_to_end"", ""selected_epoch"": 19, ""selection_Brier_at_selected_epoch"": 0.6810894662050713, ""val_brier_curve"": [0.9352935475288813, 0.8905352702034278, 0.7348889724685657, 0.9267127636788686, 0.9811406270415564, 1.0599017065416352, 0.9249304876281276, 0.8451797719256741, 0.8929882883297016, 0.872110671539929, 0.9423236089231743, 0.8727021072364796, 0.9945368082035433, 0.8271216574165393, 0.8516142900905127, 0.7857274574634086, 1.0000000311858435, 0.9049571119823201, 0.8411432855943979, 0.6810894662050713, 0.9561846449272451, 0.9296184341230397, 0.9841109714427247, 0.9778195383049019, 0.9596134068657355, 1.011379811277385, 0.9780403559811319, 0.8522081743438911, 0.9467540097077244, 0.7915853974215996, 1.0266621688648656, 0.7666170722901413, 0.800573831793597, 0.7834158177572605, 0.9855877278903705, 1.0475706610128517, 0.8709702831164098, 1.1367909315784916, 0.8276130528239187, 0.9062619319082252, 0.9688970175276929, 1.079038136721902, 0.789854381229795, 0.8840962887599412, 0.8526112530982768, 1.0707910064205295, 0.8280988681116493, 0.8701896689792541, 0.8727468641235294, 0.8974412874879502, 0.9312707125732054, 0.8855973908528828, 0.9096282706388035, 0.8572158490639298, 0.8727768545832131, 0.9119280433998288, 0.9228687643251738, 0.9109450793482792, 0.90437378608527, 0.903879550854296], ""epochs"": 60, ""lr"": 0.0005, ""layer_decay"": 0.9, ""weight_decay"": 0.05, ""label_smoothing"": 0.1, ""finetune_batch_size"": 16, ""steps_per_epoch"": 10, ""total_steps"": 600, ""warmup_steps"": 60, ""freeze_blocks"": 0, ""n_frozen_tensors"": 0, ""n_frozen_modules_in_eval"": 0, ""head_warmup_epochs"": 0, ""n_trainable_parameters"": 5023002, ""model"": ""cbramod"", ""builder"": ""CBraMod"", ""checkpoint"": ""random_init"", ""pretrained"": false, ""n_parameters"": 5023202, ""n_times"": 800, ""n_chans"": 62, ""amplitude_divisor"": 100.0}"
