dataset,dataset_label,subject,n_classes,experiment_key,experiment,val_accuracy,val_Brier,val_ECE,val_NLL,heldout_accuracy,heldout_Brier,heldout_ECE,heldout_NLL,heldout_Brier_uncalibrated,heldout_ECE_uncalibrated,chance_accuracy,chance_Brier,temperature,temperature_at_clamp,n_patches,window_seconds,selection_split,eval_labels_used_for_selection,audit_json
lee2019_mi,Lee2019_MI,1,2,cbramod_finetune_sel,cbramod_finetune,0.525,0.4875242148073197,0.2733589773611336,0.6801536051447539,0.575,0.4814140072765478,0.15453849782192292,0.6741433997301332,0.48366212272101466,0.15875396550023207,0.5,0.5,0.7286058664321899,False,4,4.0,A0xT_validation,False,"{""adaptation"": ""finetune_end_to_end"", ""selected_epoch"": 2, ""selection_Brier_at_selected_epoch"": 0.4882107308817506, ""val_brier_curve"": [0.5051334249764503, 0.5017007208350771, 0.4882107308817506, 0.5156235688745141, 0.5403171526390387, 0.6759905414334584, 0.5670884066648585, 0.6456261836817017, 0.6229791034826588, 0.6402009770753805, 0.6980701085494676, 0.6142688544550619, 0.6837578790320278, 0.5806906592393183, 0.5705986051731934, 0.6234106752840137, 0.658814894504124, 0.65577581338879, 0.61511413018643, 0.626139394311499, 0.6257669768980968, 0.6697681421168044, 0.5700695525737048, 0.6279148808562773, 0.6038313849644131, 0.617964892957794, 0.5766381515157605, 0.5694541679762797, 0.5345442753397881, 0.5849587740662756, 0.6058050847171248, 0.5871236657698251, 0.6014075114604237, 0.6076049782265109, 0.6153999301482458, 0.6125491566517354, 0.6247983199944018, 0.6171558287039772, 0.6195036653670715, 0.6002748389727637, 0.6049699216324008, 0.5977493486465957, 0.5902758162704735, 0.5943422509012745, 0.6066497191661198, 0.6038530184592446, 0.6014910992068995, 0.6001160940939452, 0.6001979658957666, 0.6007544436869996, 0.6007704949218535, 0.5996669621285163, 0.5999206839818163, 0.6003074847425629, 0.599832684905882, 0.600404787412201, 0.6002844949014357, 0.6002417515310959, 0.6002958145586386, 0.6003144936257269], ""epochs"": 60, ""lr"": 0.0005, ""layer_decay"": 0.9, ""weight_decay"": 0.05, ""label_smoothing"": 0.1, ""finetune_batch_size"": 16, ""steps_per_epoch"": 10, ""total_steps"": 600, ""warmup_steps"": 60, ""freeze_blocks"": 0, ""n_frozen_tensors"": 0, ""n_frozen_modules_in_eval"": 0, ""head_warmup_epochs"": 0, ""n_trainable_parameters"": 5023002, ""model"": ""cbramod"", ""builder"": ""CBraMod"", ""checkpoint"": ""braindecode/cbramod-pretrained"", ""pretrained"": true, ""n_parameters"": 5023202, ""n_times"": 800, ""n_chans"": 62, ""amplitude_divisor"": 100.0}"
lee2019_mi,Lee2019_MI,2,2,cbramod_finetune_sel,cbramod_finetune,0.775,0.40380440847545057,0.23903379519291748,0.6029493460472212,0.77,0.3437720711543153,0.12045762926139711,0.5183792612489342,0.35131982109286525,0.14251526605888404,0.5,0.5,2.5993404388427734,False,4,4.0,A0xT_validation,False,"{""adaptation"": ""finetune_end_to_end"", ""selected_epoch"": 8, ""selection_Brier_at_selected_epoch"": 0.3953938627633006, ""val_brier_curve"": [0.4936769838994877, 0.4772999609945587, 0.41637601306803057, 0.44501582338777573, 0.5446321577066641, 0.5481813594634525, 0.5696711505990285, 0.4235035949521279, 0.3953938627633006, 0.3997566947321455, 0.4187876748765428, 0.4840028625044866, 0.4028821365531334, 0.4412682431869038, 0.5052495410933698, 0.4234494104118798, 0.4421976043924708, 0.460276348537999, 0.45150953243566205, 0.4837338585564054, 0.44207013404770823, 0.4737371989614097, 0.4367317245498028, 0.4463810438740957, 0.43726841467168287, 0.4280878969036085, 0.43462436825838785, 0.4553567095736364, 0.45462332724063687, 0.4294593370968232, 0.40774629555092323, 0.4131472809339963, 0.4385847927273357, 0.44287401463972403, 0.4130332015336432, 0.4269204812365892, 0.4434780927895055, 0.44977719353328993, 0.44176518798313713, 0.4411503569704294, 0.44428460768131445, 0.4401403042595093, 0.4394906224569507, 0.4298514171118013, 0.42260400163255485, 0.4265360754127415, 0.43531509544708, 0.43226740764330146, 0.4249867445784975, 0.42185648740056136, 0.42175641175592415, 0.4224051162553352, 0.4245986728013049, 0.4252072231322718, 0.42457160872719424, 0.4245506010799652, 0.42461525611693024, 0.424838136127968, 0.42496267846910774, 0.42497721865001603], ""epochs"": 60, ""lr"": 0.0005, ""layer_decay"": 0.9, ""weight_decay"": 0.05, ""label_smoothing"": 0.1, ""finetune_batch_size"": 16, ""steps_per_epoch"": 10, ""total_steps"": 600, ""warmup_steps"": 60, ""freeze_blocks"": 0, ""n_frozen_tensors"": 0, ""n_frozen_modules_in_eval"": 0, ""head_warmup_epochs"": 0, ""n_trainable_parameters"": 5023002, ""model"": ""cbramod"", ""builder"": ""CBraMod"", ""checkpoint"": ""braindecode/cbramod-pretrained"", ""pretrained"": true, ""n_parameters"": 5023202, ""n_times"": 800, ""n_chans"": 62, ""amplitude_divisor"": 100.0}"
lee2019_mi,Lee2019_MI,3,2,cbramod_finetune_sel,cbramod_finetune,0.825,0.2710065450655487,0.16185049441545868,0.43459906474816884,0.66,0.4727292597553254,0.17546098886273692,0.7435240356592848,0.4783767009661392,0.18219635534481451,0.5,0.5,1.06186044216156,False,4,4.0,A0xT_validation,False,"{""adaptation"": ""finetune_end_to_end"", ""selected_epoch"": 12, ""selection_Brier_at_selected_epoch"": 0.2702257182190286, ""val_brier_curve"": [0.4976336611829792, 0.48661463540786765, 0.4865125902856991, 0.4771156183066739, 0.586801843924406, 0.4085350345198034, 0.33176317447471765, 0.34289436966113734, 0.2982088912416493, 0.3168481419177297, 0.2994143944646016, 0.3337211123338932, 0.2702257182190286, 0.28885544725446827, 0.33155200049349765, 0.32105165913129724, 0.2898047484462244, 0.27679673504094826, 0.30067415077558185, 0.3036397220523234, 0.32701534794114345, 0.27457057034269705, 0.2999240568785349, 0.31245182812640193, 0.3400363789300915, 0.3169364311635123, 0.29267138980575036, 0.3060608729269815, 0.310647190249019, 0.3330229778238351, 0.3087373367693428, 0.29785004861721986, 0.30646198155369553, 0.3170965637767168, 0.32132667606347204, 0.32920093749675067, 0.31918978379444185, 0.32344082869766405, 0.32289889720283094, 0.31741689128744455, 0.31263149739330875, 0.3100245927905257, 0.31888437152425225, 0.32601006380094694, 0.3244549951110693, 0.32298154965792214, 0.3177328694040489, 0.31183384881266074, 0.30655018922879196, 0.3064598939475809, 0.3108273171178555, 0.31339754538605497, 0.31493333595978373, 0.3149984801299732, 0.3151678667667046, 0.3154311372224867, 0.3155646602487626, 0.3156760187805828, 0.31557621920299167, 0.3155743025720471], ""epochs"": 60, ""lr"": 0.0005, ""layer_decay"": 0.9, ""weight_decay"": 0.05, ""label_smoothing"": 0.1, ""finetune_batch_size"": 16, ""steps_per_epoch"": 10, ""total_steps"": 600, ""warmup_steps"": 60, ""freeze_blocks"": 0, ""n_frozen_tensors"": 0, ""n_frozen_modules_in_eval"": 0, ""head_warmup_epochs"": 0, ""n_trainable_parameters"": 5023002, ""model"": ""cbramod"", ""builder"": ""CBraMod"", ""checkpoint"": ""braindecode/cbramod-pretrained"", ""pretrained"": true, ""n_parameters"": 5023202, ""n_times"": 800, ""n_chans"": 62, ""amplitude_divisor"": 100.0}"
lee2019_mi,Lee2019_MI,4,2,cbramod_finetune_sel,cbramod_finetune,0.9,0.12059152866947068,0.05925374885051345,0.18532387383542281,0.835,0.26381000731321763,0.11762981958854551,0.5236844683906164,0.21472847128610162,0.05746370642890172,0.5,0.5,0.38424402475357056,False,4,4.0,A0xT_validation,False,"{""adaptation"": ""finetune_end_to_end"", ""selected_epoch"": 14, ""selection_Brier_at_selected_epoch"": 0.14522281922216734, ""val_brier_curve"": [0.5021932058603926, 0.26407460180640935, 0.3203890897075278, 0.1621997807059139, 0.1543125035307528, 0.331233908509098, 0.2424435979044798, 0.21112686571890876, 0.21690697004898407, 0.3268060664352498, 0.25894528821621104, 0.18541072422293847, 0.2405005849641159, 0.21730884375190662, 0.14522281922216734, 0.24179322100650139, 0.1905314147292974, 0.1917902466976946, 0.17995899445676342, 0.20205883167270572, 0.19544659894930205, 0.1820033805375223, 0.19097953869391354, 0.20523357672578388, 0.17968804981338407, 0.21177177239139464, 0.19246580592766144, 0.19879004848495802, 0.15537012018607504, 0.17258750180441212, 0.16828525529515787, 0.16131029417599524, 0.1591794869277759, 0.18020245260559825, 0.166117028352275, 0.19296288047253607, 0.19142266442959946, 0.17269612281301755, 0.1823871728991655, 0.18009434959175322, 0.17542672528353467, 0.18347497531014573, 0.17926458290327985, 0.19022372442967406, 0.18559243532364833, 0.19050966303728187, 0.1856422493125663, 0.18359724183644244, 0.18770856500197414, 0.18532736008234343, 0.18512701368685397, 0.1853657222446363, 0.18394281316111372, 0.18316011522651654, 0.1842962761636929, 0.18673565217549318, 0.1880055098819744, 0.18790393974324845, 0.1877297071696879, 0.18770174822094027], ""epochs"": 60, ""lr"": 0.0005, ""layer_decay"": 0.9, ""weight_decay"": 0.05, ""label_smoothing"": 0.1, ""finetune_batch_size"": 16, ""steps_per_epoch"": 10, ""total_steps"": 600, ""warmup_steps"": 60, ""freeze_blocks"": 0, ""n_frozen_tensors"": 0, ""n_frozen_modules_in_eval"": 0, ""head_warmup_epochs"": 0, ""n_trainable_parameters"": 5023002, ""model"": ""cbramod"", ""builder"": ""CBraMod"", ""checkpoint"": ""braindecode/cbramod-pretrained"", ""pretrained"": true, ""n_parameters"": 5023202, ""n_times"": 800, ""n_chans"": 62, ""amplitude_divisor"": 100.0}"
lee2019_mi,Lee2019_MI,5,2,cbramod_finetune_sel,cbramod_finetune,0.8,0.28755243776382294,0.1724507290925288,0.4611368071838247,0.615,0.5246910300923386,0.1858002545202572,0.805035465397527,0.5252877054477234,0.18630226227128382,0.5,0.5,1.005466103553772,False,4,4.0,A0xT_validation,False,"{""adaptation"": ""finetune_end_to_end"", ""selected_epoch"": 6, ""selection_Brier_at_selected_epoch"": 0.28739375968856773, ""val_brier_curve"": [0.4916178732673423, 0.40536131465118863, 0.29173471352416114, 0.4270455472324285, 0.34241357816212, 0.31443878425521443, 0.28739375968856773, 0.3123515216142921, 0.3171909716186567, 0.3756773571776943, 0.31526223105800383, 0.3140582713342245, 0.3479440003179898, 0.3230666821762158, 0.3392792430152344, 0.35333167177317554, 0.325763316221752, 0.33112706035077827, 0.30846314096286376, 0.32231042923983855, 0.3233643511503964, 0.33658280918156364, 0.31863003409075275, 0.3162733935939862, 0.36279371027528995, 0.3300143332918978, 0.33871878851814013, 0.3571691540053469, 0.3319750712880821, 0.3307025697655696, 0.34628665164030525, 0.3552954337779878, 0.3465537092496259, 0.34307211122860587, 0.3366861050306412, 0.345776490831477, 0.32989568817967757, 0.3441299558370553, 0.3435529592359298, 0.3521221517600287, 0.34606600701006124, 0.34913662101453236, 0.34311947337760007, 0.34324296425067774, 0.3440830688259139, 0.3424381446051009, 0.3421782246177081, 0.33401952249439304, 0.3329685134334981, 0.3377033423586163, 0.33877302872512993, 0.3417530183449105, 0.3417528945291112, 0.3403275490588026, 0.3387124930871652, 0.33799268792934833, 0.3385230612758229, 0.3387251333543442, 0.3389044053981972, 0.3389281743243548], ""epochs"": 60, ""lr"": 0.0005, ""layer_decay"": 0.9, ""weight_decay"": 0.05, ""label_smoothing"": 0.1, ""finetune_batch_size"": 16, ""steps_per_epoch"": 10, ""total_steps"": 600, ""warmup_steps"": 60, ""freeze_blocks"": 0, ""n_frozen_tensors"": 0, ""n_frozen_modules_in_eval"": 0, ""head_warmup_epochs"": 0, ""n_trainable_parameters"": 5023002, ""model"": ""cbramod"", ""builder"": ""CBraMod"", ""checkpoint"": ""braindecode/cbramod-pretrained"", ""pretrained"": true, ""n_parameters"": 5023202, ""n_times"": 800, ""n_chans"": 62, ""amplitude_divisor"": 100.0}"
lee2019_mi,Lee2019_MI,6,2,cbramod_finetune_sel,cbramod_finetune,0.975,0.037815900073217876,0.01343964350943736,0.05774549610400409,0.96,0.06574800885570026,0.022577452647486205,0.11533194539651301,0.05975326021471965,0.014243695032979313,0.5,0.5,0.5018401145935059,False,4,4.0,A0xT_validation,False,"{""adaptation"": ""finetune_end_to_end"", ""selected_epoch"": 8, ""selection_Brier_at_selected_epoch"": 0.0407792151319227, ""val_brier_curve"": [0.4757175769272296, 0.19809462285791699, 0.11854285883626274, 0.05898170643596603, 0.07101615982430351, 0.07088892292646401, 0.04756238350236743, 0.046870770294641775, 0.0407792151319227, 0.06643276823225133, 0.14120034630921213, 0.10206141820323086, 0.06604281734731923, 0.0768132247512906, 0.0874032080414844, 0.11655880921174486, 0.06505756250178163, 0.09238397603850247, 0.09143853207679432, 0.10729902923510641, 0.12032774129346857, 0.0996029542034472, 0.09439038972502638, 0.09478661628064478, 0.09668689467056321, 0.10893890882106527, 0.10414322822210206, 0.1013241507570278, 0.09581560513591891, 0.09716459395018687, 0.09330068235088936, 0.09067093449195647, 0.09490756087016208, 0.08921476023408542, 0.10238801189058974, 0.10227428688245258, 0.09152965244494808, 0.10091615108909942, 0.0976526788674057, 0.09695675394807246, 0.10364058884464003, 0.0976704184043001, 0.10273439158362566, 0.09987447012853726, 0.09773198028942723, 0.09714489908933188, 0.09931115400504505, 0.09972899879447776, 0.09926700622594373, 0.09982838118894814, 0.10129713286843371, 0.10061852382672262, 0.10100005333049052, 0.099861422829993, 0.09924920695074439, 0.09903656015066742, 0.09964182221164229, 0.09998581225203745, 0.1000332021210242, 0.10002601731182367], ""epochs"": 60, ""lr"": 0.0005, ""layer_decay"": 0.9, ""weight_decay"": 0.05, ""label_smoothing"": 0.1, ""finetune_batch_size"": 16, ""steps_per_epoch"": 10, ""total_steps"": 600, ""warmup_steps"": 60, ""freeze_blocks"": 0, ""n_frozen_tensors"": 0, ""n_frozen_modules_in_eval"": 0, ""head_warmup_epochs"": 0, ""n_trainable_parameters"": 5023002, ""model"": ""cbramod"", ""builder"": ""CBraMod"", ""checkpoint"": ""braindecode/cbramod-pretrained"", ""pretrained"": true, ""n_parameters"": 5023202, ""n_times"": 800, ""n_chans"": 62, ""amplitude_divisor"": 100.0}"
lee2019_mi,Lee2019_MI,7,2,cbramod_finetune_sel,cbramod_finetune,0.85,0.19842664334905571,0.07714227849084844,0.2885768906196037,0.695,0.43516283879414813,0.16946669486974383,0.6365059182272078,0.42025960197510187,0.1514954135129476,0.5,0.5,0.842024028301239,False,4,4.0,A0xT_validation,False,"{""adaptation"": ""finetune_end_to_end"", ""selected_epoch"": 3, ""selection_Brier_at_selected_epoch"": 0.19608732934309714, ""val_brier_curve"": [0.4849266946852758, 0.23652412252062288, 0.43126035138055263, 0.19608732934309714, 0.21949002179539967, 0.2885241385928329, 0.2829028827953667, 0.4223215578846654, 0.3674643259416478, 0.39445072824932226, 0.3097320243577347, 0.3037266193699858, 0.3684320300750213, 0.31512038847407464, 0.3213212211580486, 0.3311656391956289, 0.31612286182218957, 0.3026738672799981, 0.3377036718699883, 0.3954908341598731, 0.3079693711650683, 0.29659922479367146, 0.3198023971281473, 0.35102206373402595, 0.3538518254830369, 0.33265110502677525, 0.30471592384648616, 0.31469717089957977, 0.3530205917081669, 0.3255752171673001, 0.34015547934926443, 0.3421586710734668, 0.3479701795065931, 0.33790341270957824, 0.31083383074568605, 0.3180955061254148, 0.33395480612911904, 0.33012637676679724, 0.32982763915174723, 0.32619758613881344, 0.33685314370222885, 0.33541841844792664, 0.33620638665561947, 0.33271142616957194, 0.32782375188990887, 0.3212715486357389, 0.32463556124795223, 0.32342124136461176, 0.3222841997437207, 0.3213717909876981, 0.32199705011300084, 0.3243487946331922, 0.32542230930213095, 0.3254586752483835, 0.3249275088131985, 0.3246825119779127, 0.32483943634367113, 0.3249022083655907, 0.324836404806685, 0.32482971078780054], ""epochs"": 60, ""lr"": 0.0005, ""layer_decay"": 0.9, ""weight_decay"": 0.05, ""label_smoothing"": 0.1, ""finetune_batch_size"": 16, ""steps_per_epoch"": 10, ""total_steps"": 600, ""warmup_steps"": 60, ""freeze_blocks"": 0, ""n_frozen_tensors"": 0, ""n_frozen_modules_in_eval"": 0, ""head_warmup_epochs"": 0, ""n_trainable_parameters"": 5023002, ""model"": ""cbramod"", ""builder"": ""CBraMod"", ""checkpoint"": ""braindecode/cbramod-pretrained"", ""pretrained"": true, ""n_parameters"": 5023202, ""n_times"": 800, ""n_chans"": 62, ""amplitude_divisor"": 100.0}"
lee2019_mi,Lee2019_MI,8,2,cbramod_finetune_sel,cbramod_finetune,0.875,0.16526839742713192,0.07980519602040116,0.24919250948611396,0.675,0.4148503269863415,0.13011441060194048,0.6268410911320088,0.43164697658537965,0.1551247279945984,0.5,0.5,1.2274667024612427,False,4,4.0,A0xT_validation,False,"{""adaptation"": ""finetune_end_to_end"", ""selected_epoch"": 3, ""selection_Brier_at_selected_epoch"": 0.1740048710266061, ""val_brier_curve"": [0.490147643612371, 0.22938575616619516, 0.18513471419129232, 0.1740048710266061, 0.18968101285638297, 0.19750303473111525, 0.1966967383747888, 0.19749414047862057, 0.18809865061102568, 0.20050107027472705, 0.21845016500250392, 0.18974121216338888, 0.2050946928185135, 0.22479271351023072, 0.2307546405117455, 0.2018374718626542, 0.1839909202146107, 0.19177835711783814, 0.1974313774235489, 0.19482239348432698, 0.1968286604323736, 0.20900576190197445, 0.20530662667727273, 0.19992491905495102, 0.20091719430062732, 0.21080602617867478, 0.19996920581645833, 0.1845952970612525, 0.19259997175178023, 0.190059723104243, 0.19630576516671283, 0.19485935158872533, 0.19505213210922595, 0.1928333032906687, 0.19298049475784257, 0.19147434595261595, 0.19698006834038678, 0.19870210423122647, 0.19323625573965134, 0.19911235371823305, 0.20014544163717457, 0.20296863483301836, 0.19965038199665558, 0.2037702540583104, 0.2019397666402011, 0.2057947750432243, 0.2009666462443625, 0.1988468796128938, 0.20218074366833463, 0.2020096115213022, 0.201142162884807, 0.2010970243680911, 0.20154777125003837, 0.20124963352319875, 0.20135288731293027, 0.20136164648188837, 0.20150250436463585, 0.20149305248694974, 0.20148115619638976, 0.20147415300177657], ""epochs"": 60, ""lr"": 0.0005, ""layer_decay"": 0.9, ""weight_decay"": 0.05, ""label_smoothing"": 0.1, ""finetune_batch_size"": 16, ""steps_per_epoch"": 10, ""total_steps"": 600, ""warmup_steps"": 60, ""freeze_blocks"": 0, ""n_frozen_tensors"": 0, ""n_frozen_modules_in_eval"": 0, ""head_warmup_epochs"": 0, ""n_trainable_parameters"": 5023002, ""model"": ""cbramod"", ""builder"": ""CBraMod"", ""checkpoint"": ""braindecode/cbramod-pretrained"", ""pretrained"": true, ""n_parameters"": 5023202, ""n_times"": 800, ""n_chans"": 62, ""amplitude_divisor"": 100.0}"
lee2019_mi,Lee2019_MI,9,2,cbramod_finetune_sel,cbramod_finetune,0.475,0.5000274948516437,0.3000870143204624,0.6931746750688428,0.565,0.4998913022393242,0.08491145748232387,0.6930384828679337,0.49816754760589943,0.08322830010854389,0.5,0.5,20.0,True,4,4.0,A0xT_validation,False,"{""adaptation"": ""finetune_end_to_end"", ""selected_epoch"": 0, ""selection_Brier_at_selected_epoch"": 0.5009983184669625, ""val_brier_curve"": [0.5009983184669625, 0.5097793541314056, 0.533801760080068, 0.5295892596046018, 0.6727168644756928, 0.593387393951099, 0.7414833957045778, 0.7421186137529079, 0.7624934111630658, 0.737561225837493, 0.7034001292080974, 0.696802627153255, 0.7159732863592738, 0.7551927451647493, 0.748636434707224, 0.7294561517885032, 0.6643804978708969, 0.6940048353333064, 0.6712046068613642, 0.631758003445355, 0.6735313203333538, 0.6979403089910801, 0.7013213260832302, 0.6625306737839597, 0.6664691000931235, 0.660975044831526, 0.6858222870124434, 0.6862422427279802, 0.6754200555428352, 0.6692293548048426, 0.7011693122414707, 0.6912644751972274, 0.6678782875851308, 0.6630481698068351, 0.6655570526376098, 0.6642234756219938, 0.6532154543448574, 0.6662661878003128, 0.6563327766123802, 0.6819314849431745, 0.6689996473022057, 0.6572301550889856, 0.659260746923264, 0.662666176713526, 0.6704208006710981, 0.6747987168546521, 0.6681298712024137, 0.6601692079352113, 0.6575896089570344, 0.6599436273180121, 0.6642821075984271, 0.6656671028114536, 0.6658510023935331, 0.6657560462562585, 0.6656769046186283, 0.666025497948227, 0.6655569952252888, 0.6652513963929826, 0.6653320919746701, 0.66534697877049], ""epochs"": 60, ""lr"": 0.0005, ""layer_decay"": 0.9, ""weight_decay"": 0.05, ""label_smoothing"": 0.1, ""finetune_batch_size"": 16, ""steps_per_epoch"": 10, ""total_steps"": 600, ""warmup_steps"": 60, ""freeze_blocks"": 0, ""n_frozen_tensors"": 0, ""n_frozen_modules_in_eval"": 0, ""head_warmup_epochs"": 0, ""n_trainable_parameters"": 5023002, ""model"": ""cbramod"", ""builder"": ""CBraMod"", ""checkpoint"": ""braindecode/cbramod-pretrained"", ""pretrained"": true, ""n_parameters"": 5023202, ""n_times"": 800, ""n_chans"": 62, ""amplitude_divisor"": 100.0}"
lee2019_mi,Lee2019_MI,10,2,cbramod_finetune_sel,cbramod_finetune,0.5,0.5000013985587876,0.23186500116286574,0.6931455949936932,0.485,0.49820748972703094,0.13003805357265008,0.6913506022756141,0.49820743234523573,0.1300377749668369,0.5,0.5,1.0000563859939575,False,4,4.0,A0xT_validation,False,"{""adaptation"": ""finetune_end_to_end"", ""selected_epoch"": 0, ""selection_Brier_at_selected_epoch"": 0.5000014304589907, ""val_brier_curve"": [0.5000014304589907, 0.5148715882893284, 0.5683512693300181, 0.6680430831412695, 0.8041237173267097, 0.8049570783439041, 0.8650336435072721, 0.8213312222782589, 0.8805491538913459, 0.7601719283076297, 0.8237134298986446, 0.729006077844414, 0.7578802717150003, 0.7483176627855281, 0.7584677647691612, 0.7157583188655032, 0.7082857565340133, 0.7223511974708499, 0.7282388105827122, 0.7065561404873888, 0.7467868623699291, 0.653160165041248, 0.696254919345391, 0.6675257422191809, 0.7092915457256286, 0.6785463946830872, 0.6731597777451462, 0.6987520686873984, 0.6796562001946758, 0.683357154260708, 0.7051850844459852, 0.6861742085201759, 0.6545917488423243, 0.6782135344482387, 0.6722302274117162, 0.6745367428650371, 0.6464998005496871, 0.6506617211266239, 0.6398907080824682, 0.656340441898486, 0.661954702790523, 0.6446730448740388, 0.649350182217687, 0.652597975868962, 0.6457495702029137, 0.6512792944332865, 0.6469496382337574, 0.6498472496196465, 0.6546668126356362, 0.6517726447755041, 0.6502119716401102, 0.6522300259533929, 0.6508311835344051, 0.6525250429436741, 0.6543521063587959, 0.6555691410066025, 0.6554598462736034, 0.6552215619381677, 0.6550324907467933, 0.6550157439485882], ""epochs"": 60, ""lr"": 0.0005, ""layer_decay"": 0.9, ""weight_decay"": 0.05, ""label_smoothing"": 0.1, ""finetune_batch_size"": 16, ""steps_per_epoch"": 10, ""total_steps"": 600, ""warmup_steps"": 60, ""freeze_blocks"": 0, ""n_frozen_tensors"": 0, ""n_frozen_modules_in_eval"": 0, ""head_warmup_epochs"": 0, ""n_trainable_parameters"": 5023002, ""model"": ""cbramod"", ""builder"": ""CBraMod"", ""checkpoint"": ""braindecode/cbramod-pretrained"", ""pretrained"": true, ""n_parameters"": 5023202, ""n_times"": 800, ""n_chans"": 62, ""amplitude_divisor"": 100.0}"
lee2019_mi,Lee2019_MI,11,2,cbramod_finetune_sel,cbramod_finetune,0.55,0.4999912018504203,0.2509118224939482,0.6931383873986136,0.52,0.4996980008667258,0.06873400988295614,0.6928451798367028,0.49797860356623774,0.060319885329360404,0.5,0.5,13.254741668701172,False,4,4.0,A0xT_validation,False,"{""adaptation"": ""finetune_end_to_end"", ""selected_epoch"": 1, ""selection_Brier_at_selected_epoch"": 0.502001657782188, ""val_brier_curve"": [0.5038670437242121, 0.502001657782188, 0.5398473935580035, 0.5722238607405272, 0.7250774707909746, 0.66885408130188, 0.6946984384569446, 0.7305856589110141, 0.7230288177131508, 0.5877612635467637, 0.6280812256704404, 0.624719324823552, 0.6536262810889975, 0.6069444957100041, 0.661084846041615, 0.5924820537649, 0.5950182745890507, 0.5901042405491217, 0.6405265863358061, 0.5316456575212661, 0.5345128916882822, 0.5365489482295821, 0.557126590916136, 0.5384767377392571, 0.5022018091465764, 0.5548805837953819, 0.5673115577247144, 0.5513052616627058, 0.5794387121211051, 0.5712654227233519, 0.5535948345022116, 0.5366451839079349, 0.5468948979205224, 0.5597012870212199, 0.543858047041901, 0.5518951271800705, 0.557966428229516, 0.5581103615758177, 0.5375483989905956, 0.5408633298127274, 0.5468179591725699, 0.5325119406319019, 0.5347600585012915, 0.5500589264416166, 0.5599739165770762, 0.5696198585395347, 0.5682763244240862, 0.5589482478328931, 0.5594371063725317, 0.55734192080691, 0.5581055938235764, 0.5577854504202892, 0.5560845362465162, 0.553884687236821, 0.5528560690212856, 0.5520850812919147, 0.5525400922433766, 0.552717880112177, 0.5528844715192345, 0.5529018638918293], ""epochs"": 60, ""lr"": 0.0005, ""layer_decay"": 0.9, ""weight_decay"": 0.05, ""label_smoothing"": 0.1, ""finetune_batch_size"": 16, ""steps_per_epoch"": 10, ""total_steps"": 600, ""warmup_steps"": 60, ""freeze_blocks"": 0, ""n_frozen_tensors"": 0, ""n_frozen_modules_in_eval"": 0, ""head_warmup_epochs"": 0, ""n_trainable_parameters"": 5023002, ""model"": ""cbramod"", ""builder"": ""CBraMod"", ""checkpoint"": ""braindecode/cbramod-pretrained"", ""pretrained"": true, ""n_parameters"": 5023202, ""n_times"": 800, ""n_chans"": 62, ""amplitude_divisor"": 100.0}"
lee2019_mi,Lee2019_MI,12,2,cbramod_finetune_sel,cbramod_finetune,0.75,0.3274672412064215,0.1839801474309326,0.49555912802145813,0.66,0.45055991057721984,0.11971702268052584,0.6875581771289438,0.45753753346242676,0.13014868787496442,0.5,0.5,1.1101279258728027,False,4,4.0,A0xT_validation,False,"{""adaptation"": ""finetune_end_to_end"", ""selected_epoch"": 34, ""selection_Brier_at_selected_epoch"": 0.32830150563733496, ""val_brier_curve"": [0.49903280376492276, 0.45293347823209074, 0.45560949599388206, 0.3439731161566192, 0.34230434290987005, 0.4677926676564675, 0.41068929980711094, 0.4483413322203802, 0.44058861370439795, 0.3452225335801701, 0.4626418385733627, 0.39807438263032513, 0.35336242041145416, 0.3853257348815471, 0.36910587474110923, 0.44221975767133526, 0.3519612967008266, 0.34890494906281144, 0.3628842256864722, 0.45524130129343154, 0.36420359415690456, 0.35169620328592366, 0.3700646111349603, 0.3782951221868972, 0.3656299857838193, 0.3578180613542107, 0.3449494437925956, 0.3629089050725559, 0.37576832616695655, 0.34170057171886603, 0.3314638240800026, 0.329119081214915, 0.3283455104621251, 0.34887974669150174, 0.32830150563733496, 0.3383319102198762, 0.3496667724126349, 0.3492339457838982, 0.3294409030184584, 0.3568425208593154, 0.335328637454937, 0.35024966140583774, 0.3507314275584534, 0.3547534120161281, 0.3597925182734334, 0.3595384988831179, 0.3616877505217639, 0.35052590478494705, 0.3490995110056243, 0.34262865872430304, 0.3487814093875375, 0.35204824437514665, 0.3511498968031731, 0.34927795992324245, 0.3485799346414652, 0.3479189138103276, 0.3476279795879244, 0.3476351443108355, 0.34773050685749507, 0.3477444614949031], ""epochs"": 60, ""lr"": 0.0005, ""layer_decay"": 0.9, ""weight_decay"": 0.05, ""label_smoothing"": 0.1, ""finetune_batch_size"": 16, ""steps_per_epoch"": 10, ""total_steps"": 600, ""warmup_steps"": 60, ""freeze_blocks"": 0, ""n_frozen_tensors"": 0, ""n_frozen_modules_in_eval"": 0, ""head_warmup_epochs"": 0, ""n_trainable_parameters"": 5023002, ""model"": ""cbramod"", ""builder"": ""CBraMod"", ""checkpoint"": ""braindecode/cbramod-pretrained"", ""pretrained"": true, ""n_parameters"": 5023202, ""n_times"": 800, ""n_chans"": 62, ""amplitude_divisor"": 100.0}"
lee2019_mi,Lee2019_MI,13,2,cbramod_finetune_sel,cbramod_finetune,0.65,0.40341467350761473,0.25241901828616403,0.5803578914995097,0.64,0.4522810109568172,0.09533611454355179,0.646228962246861,0.46971648403262667,0.12129648990748497,0.5,0.5,1.6334763765335083,False,4,4.0,A0xT_validation,False,"{""adaptation"": ""finetune_end_to_end"", ""selected_epoch"": 3, ""selection_Brier_at_selected_epoch"": 0.42812884269502904, ""val_brier_curve"": [0.49611168052217947, 0.4808358839641155, 0.6668256128450423, 0.42812884269502904, 0.5044838241663618, 0.6112084995441049, 0.5898348938504847, 0.6939816955987417, 0.6191101499390491, 0.5756342547740216, 0.6733524217185367, 0.6957422548976273, 0.5757439514993127, 0.5787727520565784, 0.5512095670285297, 0.5901874797988491, 0.5421252129298463, 0.5252860760069635, 0.5491999834635323, 0.5471273835373496, 0.5269818587658479, 0.47739869656284634, 0.539313797192886, 0.49094721717143763, 0.5301568279733663, 0.48271081529465604, 0.47006120766696646, 0.48726033644738137, 0.5321534448932976, 0.5193183067563684, 0.522996664948824, 0.4841325808959054, 0.47205391939335745, 0.4650294667611532, 0.522696264641828, 0.5000199927459837, 0.5337620984413952, 0.5245573681969011, 0.5020632528496334, 0.4943906592368229, 0.5093573551930627, 0.49685538978353955, 0.5035467621803367, 0.4940663671015166, 0.5016808281898884, 0.4982397648451643, 0.5044443069286849, 0.5049069522931626, 0.5025986593092032, 0.504083836409899, 0.504387272833972, 0.5056365409602299, 0.5043974112920386, 0.5048105097215871, 0.5055668371518257, 0.5043045816387057, 0.5030289990655563, 0.5023916667611499, 0.5021215920723846, 0.5021227198143599], ""epochs"": 60, ""lr"": 0.0005, ""layer_decay"": 0.9, ""weight_decay"": 0.05, ""label_smoothing"": 0.1, ""finetune_batch_size"": 16, ""steps_per_epoch"": 10, ""total_steps"": 600, ""warmup_steps"": 60, ""freeze_blocks"": 0, ""n_frozen_tensors"": 0, ""n_frozen_modules_in_eval"": 0, ""head_warmup_epochs"": 0, ""n_trainable_parameters"": 5023002, ""model"": ""cbramod"", ""builder"": ""CBraMod"", ""checkpoint"": ""braindecode/cbramod-pretrained"", ""pretrained"": true, ""n_parameters"": 5023202, ""n_times"": 800, ""n_chans"": 62, ""amplitude_divisor"": 100.0}"
lee2019_mi,Lee2019_MI,14,2,cbramod_finetune_sel,cbramod_finetune,0.575,0.4918237277825037,0.2790354728290307,0.6849134714435056,0.5,0.5124882971504252,0.10779114929714224,0.7061918194088751,0.5013420412657905,0.09684580184057937,0.5,0.5,0.23717685043811798,False,4,4.0,A0xT_validation,False,"{""adaptation"": ""finetune_end_to_end"", ""selected_epoch"": 0, ""selection_Brier_at_selected_epoch"": 0.49652673206482156, ""val_brier_curve"": [0.49652673206482156, 0.49843997131700524, 0.4992434653127436, 0.570825040290098, 0.7961688797683651, 0.7577162785302802, 0.7953132427285781, 0.8621957299409505, 0.7297161172448284, 0.7574691433489277, 0.8273711060363638, 0.814881404567885, 0.6697124574893579, 0.6887811688959952, 0.7432412601785028, 0.6741951435758903, 0.6486622861920389, 0.7088996391722711, 0.6252656095399244, 0.6961906924814435, 0.6540899028487355, 0.6323735903928507, 0.6520752001023746, 0.668834053095987, 0.6151104049008981, 0.6120674051330643, 0.5996398955658375, 0.6063709648723448, 0.5992663619274393, 0.6027949889308768, 0.6343108792018036, 0.6213371789672028, 0.6168712856911239, 0.6116601393732262, 0.6195361365594418, 0.5942182371085434, 0.6039267192962823, 0.6085488373508049, 0.615246512075, 0.6024600892350838, 0.59630151617916, 0.6085159132311972, 0.594086930419642, 0.5928336643062367, 0.6083261895386659, 0.6073872726099567, 0.6046322230074086, 0.6051225841341038, 0.6035401966973593, 0.5971880248514542, 0.593031343033072, 0.5938612571226984, 0.5966308362292787, 0.5978580475305294, 0.5984226262531435, 0.5979463864688407, 0.5976118327234137, 0.5973694716627815, 0.5972870041346056, 0.5972723739365149], ""epochs"": 60, ""lr"": 0.0005, ""layer_decay"": 0.9, ""weight_decay"": 0.05, ""label_smoothing"": 0.1, ""finetune_batch_size"": 16, ""steps_per_epoch"": 10, ""total_steps"": 600, ""warmup_steps"": 60, ""freeze_blocks"": 0, ""n_frozen_tensors"": 0, ""n_frozen_modules_in_eval"": 0, ""head_warmup_epochs"": 0, ""n_trainable_parameters"": 5023002, ""model"": ""cbramod"", ""builder"": ""CBraMod"", ""checkpoint"": ""braindecode/cbramod-pretrained"", ""pretrained"": true, ""n_parameters"": 5023202, ""n_times"": 800, ""n_chans"": 62, ""amplitude_divisor"": 100.0}"
lee2019_mi,Lee2019_MI,15,2,cbramod_finetune_sel,cbramod_finetune,0.925,0.10316413278285061,0.03538025279463146,0.15424731091676405,0.75,0.35603603634401926,0.10769550191513691,0.5745001512867058,0.333567600438035,0.05734204757456522,0.5,0.5,0.5889266729354858,False,4,4.0,A0xT_validation,False,"{""adaptation"": ""finetune_end_to_end"", ""selected_epoch"": 6, ""selection_Brier_at_selected_epoch"": 0.1041776093639633, ""val_brier_curve"": [0.4307077501525772, 0.15337963509524669, 0.11654256088751488, 0.1082012245674701, 0.11921547826571337, 0.11248101832760651, 0.1041776093639633, 0.12451915323254421, 0.11729649748258467, 0.12405637194882294, 0.13915894598838557, 0.12439803022708248, 0.137678873641723, 0.1421926180174548, 0.12615896713477479, 0.12980999236634921, 0.14322250700083428, 0.1354389729844538, 0.14111402919653146, 0.15798661909657047, 0.15451239753376847, 0.14268839623137305, 0.1372665294996785, 0.13784082151537574, 0.13750665207306847, 0.14637747497695253, 0.1441232302892133, 0.14372944153586706, 0.1476905324039419, 0.14473607418215698, 0.14688727450437328, 0.14498286829323015, 0.13889581360452646, 0.13694335810865993, 0.13948033251927533, 0.1431638779092755, 0.14674639868934453, 0.1426103667224195, 0.14154397196407412, 0.14344043126666972, 0.1449404951281988, 0.14165984219136138, 0.1379866120951017, 0.13552066106463506, 0.13742349764464384, 0.14105019115224388, 0.14264232705191665, 0.1419908674675754, 0.14161440247302642, 0.14146987771177996, 0.1414236782393294, 0.1415194681034643, 0.14145353828872284, 0.14137914569460794, 0.14130791798548786, 0.1415092790731129, 0.14143399660173703, 0.141459664480084, 0.14146092281793388, 0.14146357653455602], ""epochs"": 60, ""lr"": 0.0005, ""layer_decay"": 0.9, ""weight_decay"": 0.05, ""label_smoothing"": 0.1, ""finetune_batch_size"": 16, ""steps_per_epoch"": 10, ""total_steps"": 600, ""warmup_steps"": 60, ""freeze_blocks"": 0, ""n_frozen_tensors"": 0, ""n_frozen_modules_in_eval"": 0, ""head_warmup_epochs"": 0, ""n_trainable_parameters"": 5023002, ""model"": ""cbramod"", ""builder"": ""CBraMod"", ""checkpoint"": ""braindecode/cbramod-pretrained"", ""pretrained"": true, ""n_parameters"": 5023202, ""n_times"": 800, ""n_chans"": 62, ""amplitude_divisor"": 100.0}"
lee2019_mi,Lee2019_MI,16,2,cbramod_finetune_sel,cbramod_finetune,0.7,0.35672000412720617,0.2088816640111763,0.5273876153261405,0.56,0.5497671449642056,0.23373885665014293,0.7717413397937198,0.5771567529824773,0.2584111100593246,0.5,0.5,1.2039544582366943,False,4,4.0,A0xT_validation,False,"{""adaptation"": ""finetune_end_to_end"", ""selected_epoch"": 12, ""selection_Brier_at_selected_epoch"": 0.36060625132422336, ""val_brier_curve"": [0.4985795271095167, 0.4951169470366155, 0.4801032255382681, 0.5197269328100783, 0.5445614528053561, 0.440310289498123, 0.3636072593540714, 0.36621970245731117, 0.4758654287450884, 0.37178288111082447, 0.42303862260113495, 0.4121752252748447, 0.36060625132422336, 0.4097165271384924, 0.39054003158244327, 0.407465933337706, 0.4432842625404051, 0.394570160633236, 0.3620629058866161, 0.5027089914079406, 0.418973729908007, 0.4221537686424416, 0.39226854877714235, 0.40466859572074637, 0.40025729306170793, 0.3914587223728353, 0.4088372973150295, 0.39752947011769824, 0.3840195525493025, 0.39737582185101494, 0.38801700940064254, 0.37889010860154315, 0.39238244002609013, 0.3799629755406295, 0.3798423744598525, 0.39348215238261797, 0.40456745938586547, 0.4097202952384418, 0.415108791986886, 0.4102494568041856, 0.39998188554212427, 0.39598866173133396, 0.4037830097019809, 0.40887232350211117, 0.4069536217494443, 0.39935374597097706, 0.3971687663645371, 0.3975277409963437, 0.3955050554520894, 0.3957927880567601, 0.3959942237489413, 0.3959854994968456, 0.3958151535924645, 0.3946430667403852, 0.39429106949112447, 0.3940565518776168, 0.39417739933685764, 0.39412663690847755, 0.3941947074288337, 0.39420368131931494], ""epochs"": 60, ""lr"": 0.0005, ""layer_decay"": 0.9, ""weight_decay"": 0.05, ""label_smoothing"": 0.1, ""finetune_batch_size"": 16, ""steps_per_epoch"": 10, ""total_steps"": 600, ""warmup_steps"": 60, ""freeze_blocks"": 0, ""n_frozen_tensors"": 0, ""n_frozen_modules_in_eval"": 0, ""head_warmup_epochs"": 0, ""n_trainable_parameters"": 5023002, ""model"": ""cbramod"", ""builder"": ""CBraMod"", ""checkpoint"": ""braindecode/cbramod-pretrained"", ""pretrained"": true, ""n_parameters"": 5023202, ""n_times"": 800, ""n_chans"": 62, ""amplitude_divisor"": 100.0}"
lee2019_mi,Lee2019_MI,17,2,cbramod_finetune_sel,cbramod_finetune,0.55,0.5000012727097181,0.22505209190697667,0.693148453408516,0.535,0.499815434280758,0.10477594162670088,0.6929626144792987,0.4967538063967658,0.10052496136228517,0.5,0.5,20.0,True,4,4.0,A0xT_validation,False,"{""adaptation"": ""finetune_end_to_end"", ""selected_epoch"": 1, ""selection_Brier_at_selected_epoch"": 0.5005003240017274, ""val_brier_curve"": [0.5034811265908556, 0.5005003240017274, 0.5098261916960529, 0.5463739171878016, 0.7969328500567887, 0.6167071915747467, 0.6762230189310268, 0.5864641518382315, 0.6521611699823057, 0.5551667497350711, 0.5899414803342664, 0.5804005394612218, 0.6080364501471732, 0.6042713683299988, 0.6261392426316731, 0.5920664247155273, 0.6299131490157466, 0.5927453569960776, 0.596272057497122, 0.5527193775017216, 0.6068899043780531, 0.5872200259755156, 0.5693343215036621, 0.5788338154944496, 0.5694314485575124, 0.6064458262880835, 0.5984892137565959, 0.562909159688626, 0.5672512715338467, 0.551645041871579, 0.5545086052204834, 0.5412383050802614, 0.5619952479794823, 0.5617020482717154, 0.5650480954675722, 0.5818337020389457, 0.586867379621221, 0.5667089384113446, 0.5783227499634903, 0.5635321379242768, 0.5815193106222661, 0.5679102634035237, 0.577856393062979, 0.5597300175318374, 0.573252009889169, 0.5718967101737344, 0.5750746446647457, 0.5721689336960051, 0.5704609280613313, 0.5684703473673862, 0.5666097513982274, 0.5654789435806297, 0.5665820583413333, 0.5653355281764626, 0.5662289241724101, 0.5657584313003129, 0.5658759895468253, 0.5658791672604806, 0.5658372451939693, 0.5658167043931097], ""epochs"": 60, ""lr"": 0.0005, ""layer_decay"": 0.9, ""weight_decay"": 0.05, ""label_smoothing"": 0.1, ""finetune_batch_size"": 16, ""steps_per_epoch"": 10, ""total_steps"": 600, ""warmup_steps"": 60, ""freeze_blocks"": 0, ""n_frozen_tensors"": 0, ""n_frozen_modules_in_eval"": 0, ""head_warmup_epochs"": 0, ""n_trainable_parameters"": 5023002, ""model"": ""cbramod"", ""builder"": ""CBraMod"", ""checkpoint"": ""braindecode/cbramod-pretrained"", ""pretrained"": true, ""n_parameters"": 5023202, ""n_times"": 800, ""n_chans"": 62, ""amplitude_divisor"": 100.0}"
lee2019_mi,Lee2019_MI,18,2,cbramod_finetune_sel,cbramod_finetune,0.525,0.49976003542261455,0.2551052271674039,0.6929038433946653,0.48,0.5012228125431346,0.09127590374836736,0.6943728449329574,0.5012229165081064,0.09127596651744078,0.5,0.5,1.0000488758087158,False,4,4.0,A0xT_validation,False,"{""adaptation"": ""finetune_end_to_end"", ""selected_epoch"": 1, ""selection_Brier_at_selected_epoch"": 0.4997600595139756, ""val_brier_curve"": [0.49977311053307305, 0.4997600595139756, 0.5149569766868446, 0.5388483863902538, 0.5743192163571151, 0.6919008243822479, 0.6614651963316446, 0.7666404868822441, 0.7440539924840894, 0.6369534490546147, 0.6309061604921159, 0.618707058589693, 0.6304971837614126, 0.6384782020540154, 0.6130987746274063, 0.6256954428272092, 0.620011922258367, 0.6009686574115296, 0.6421539196090498, 0.6472767770164939, 0.615470862654317, 0.6056139150178325, 0.5804801804058475, 0.6028911806646282, 0.5517153139817454, 0.5523352611743242, 0.553813344543521, 0.5875992403961334, 0.5916548222817359, 0.5766610761808594, 0.5663839312838975, 0.5582007947949497, 0.5442844190502797, 0.534270225328639, 0.5526568081535157, 0.5647390814676594, 0.541760879200434, 0.5469094536376938, 0.536189459781124, 0.5364299105191829, 0.555521604321723, 0.5610973202986737, 0.5561447120918225, 0.5572777450196258, 0.5428829946654928, 0.5378531674655288, 0.5415644257114278, 0.5461335913687059, 0.5454657001678687, 0.5437492456009372, 0.5457412384427344, 0.547198729696883, 0.5472501734511721, 0.5479329915813438, 0.5469438403796293, 0.5473100724643238, 0.5472863138337789, 0.5471712291581651, 0.5472063420466883, 0.5472089890992489], ""epochs"": 60, ""lr"": 0.0005, ""layer_decay"": 0.9, ""weight_decay"": 0.05, ""label_smoothing"": 0.1, ""finetune_batch_size"": 16, ""steps_per_epoch"": 10, ""total_steps"": 600, ""warmup_steps"": 60, ""freeze_blocks"": 0, ""n_frozen_tensors"": 0, ""n_frozen_modules_in_eval"": 0, ""head_warmup_epochs"": 0, ""n_trainable_parameters"": 5023002, ""model"": ""cbramod"", ""builder"": ""CBraMod"", ""checkpoint"": ""braindecode/cbramod-pretrained"", ""pretrained"": true, ""n_parameters"": 5023202, ""n_times"": 800, ""n_chans"": 62, ""amplitude_divisor"": 100.0}"
lee2019_mi,Lee2019_MI,19,2,cbramod_finetune_sel,cbramod_finetune,0.75,0.3892066468425906,0.2037695348530796,0.5807519077738654,0.675,0.429517995404363,0.09984984121488279,0.6190007465773973,0.4742462463007709,0.16137173052012002,0.5,0.5,2.0638809204101562,False,4,4.0,A0xT_validation,False,"{""adaptation"": ""finetune_end_to_end"", ""selected_epoch"": 8, ""selection_Brier_at_selected_epoch"": 0.3886844075071313, ""val_brier_curve"": [0.49734280127791725, 0.5068210513836897, 0.5474320835390799, 0.5024279644977518, 0.46788905210885023, 0.6021069944572581, 0.5233363249472864, 0.48943096746297315, 0.3886844075071313, 0.3962744135478305, 0.5309174324049909, 0.4863532974464647, 0.4677333618742914, 0.49088114448067327, 0.41929366743723745, 0.4075974131179823, 0.38890247373660775, 0.4042149499277552, 0.4172546902254968, 0.3891307946067493, 0.38989348510984023, 0.42068527164764574, 0.4360156643601282, 0.4394871121229776, 0.44937512575506977, 0.4184674127799429, 0.42919523312782537, 0.42211733517213884, 0.41009933778831564, 0.41323696761567863, 0.41075838724523595, 0.4186021708119557, 0.42550203473096904, 0.4213870493435167, 0.3997153866934437, 0.3908296068508635, 0.40505797377201536, 0.41510627644883397, 0.41184661894693886, 0.42403562290128, 0.43452953817828177, 0.4260609974096868, 0.42365251063501075, 0.415587415302063, 0.4187846901379679, 0.4155369053352236, 0.4190780069562674, 0.4229710415930583, 0.42424974179635566, 0.4226571713046, 0.4216761525909544, 0.42218106935182254, 0.42171988068570077, 0.42138517664926367, 0.4215437005545504, 0.4215893052937846, 0.4217145991734981, 0.4216626493038505, 0.4216854002626471, 0.421684599839972], ""epochs"": 60, ""lr"": 0.0005, ""layer_decay"": 0.9, ""weight_decay"": 0.05, ""label_smoothing"": 0.1, ""finetune_batch_size"": 16, ""steps_per_epoch"": 10, ""total_steps"": 600, ""warmup_steps"": 60, ""freeze_blocks"": 0, ""n_frozen_tensors"": 0, ""n_frozen_modules_in_eval"": 0, ""head_warmup_epochs"": 0, ""n_trainable_parameters"": 5023002, ""model"": ""cbramod"", ""builder"": ""CBraMod"", ""checkpoint"": ""braindecode/cbramod-pretrained"", ""pretrained"": true, ""n_parameters"": 5023202, ""n_times"": 800, ""n_chans"": 62, ""amplitude_divisor"": 100.0}"
lee2019_mi,Lee2019_MI,20,2,cbramod_finetune_sel,cbramod_finetune,0.675,0.4462822784868729,0.23541541174876143,0.6356083026254504,0.635,0.4524807015705757,0.0940906294049415,0.6431082615657634,0.46847983619567346,0.11238087820055907,0.5,0.5,1.5843164920806885,False,4,4.0,A0xT_validation,False,"{""adaptation"": ""finetune_end_to_end"", ""selected_epoch"": 3, ""selection_Brier_at_selected_epoch"": 0.45756430494526673, ""val_brier_curve"": [0.503084780530395, 0.4885532834773281, 0.5326857950765886, 0.45756430494526673, 0.472258293703819, 0.561094930751926, 0.5684911346968125, 0.6961116522223316, 0.6992977027251361, 0.6817438714574153, 0.5847026619764089, 0.6402548646734805, 0.569165352539718, 0.5846743137404043, 0.5885372696718592, 0.583080766339849, 0.6620761147929322, 0.6414547266986531, 0.6069182069965247, 0.6038301389505161, 0.5876628506601449, 0.5500282185140744, 0.5569071419754879, 0.528576075124893, 0.618487638620563, 0.5818851304005178, 0.524277402379004, 0.5740696100494169, 0.5549526711099242, 0.5421590120891596, 0.5399945972338622, 0.543008421616386, 0.5479841684710333, 0.5517940097638749, 0.5371117792942698, 0.5379192439714602, 0.5562870912222829, 0.5602994344001047, 0.544116702586873, 0.5486951873454666, 0.5385153027215773, 0.5337930089008207, 0.5441886027048446, 0.5479175434475889, 0.5447038217820779, 0.544945211640854, 0.5373788009524972, 0.5422275455075709, 0.5448110908218087, 0.5425297338563702, 0.539065058434267, 0.5389966516211678, 0.539016481003752, 0.5390111306724236, 0.5386925617897785, 0.5378288991374378, 0.5374189269032674, 0.5378000877537812, 0.5380069940050308, 0.5380181175840767], ""epochs"": 60, ""lr"": 0.0005, ""layer_decay"": 0.9, ""weight_decay"": 0.05, ""label_smoothing"": 0.1, ""finetune_batch_size"": 16, ""steps_per_epoch"": 10, ""total_steps"": 600, ""warmup_steps"": 60, ""freeze_blocks"": 0, ""n_frozen_tensors"": 0, ""n_frozen_modules_in_eval"": 0, ""head_warmup_epochs"": 0, ""n_trainable_parameters"": 5023002, ""model"": ""cbramod"", ""builder"": ""CBraMod"", ""checkpoint"": ""braindecode/cbramod-pretrained"", ""pretrained"": true, ""n_parameters"": 5023202, ""n_times"": 800, ""n_chans"": 62, ""amplitude_divisor"": 100.0}"
lee2019_mi,Lee2019_MI,21,2,cbramod_finetune_sel,cbramod_finetune,0.8,0.23005970661405292,0.13451473402248865,0.3450914648774256,0.855,0.20142637496220633,0.04663987684719749,0.3238941737293275,0.2036160660292162,0.05735430461274473,0.5,0.5,0.904090940952301,False,4,4.0,A0xT_validation,False,"{""adaptation"": ""finetune_end_to_end"", ""selected_epoch"": 16, ""selection_Brier_at_selected_epoch"": 0.22806425593764468, ""val_brier_curve"": [0.4969062165892744, 0.4905764004533154, 0.4734267287094694, 0.40865578737265773, 0.2940251576117415, 0.25901287789818306, 0.3933778931111958, 0.23386707735015566, 0.27173643892666727, 0.37994157728833033, 0.30310654037562007, 0.25136201322835755, 0.2507807800805976, 0.23119730058501942, 0.25177047998838464, 0.26010490187815266, 0.22806425593764468, 0.2823049711703321, 0.2525419335613214, 0.2424262635046107, 0.3055674983389383, 0.2689069282964707, 0.25966295559744146, 0.2570435919350451, 0.23723863951699692, 0.25558821494817474, 0.24165144810744846, 0.2426569817772513, 0.23942217137140398, 0.2508755109611684, 0.23828002135013607, 0.24576009325393738, 0.2491435739018648, 0.25545828058439146, 0.26256799313981716, 0.26169261424855683, 0.26278759842427474, 0.25519796463026834, 0.24559812825171884, 0.24432987701770897, 0.24447634979049582, 0.2550174532684402, 0.2658435198842895, 0.2772663279491612, 0.27400541895159874, 0.2693515017923367, 0.2668885742669258, 0.26711244283362384, 0.26013571305037847, 0.25568265585698635, 0.2554025713006878, 0.2542686406095738, 0.25447840648092346, 0.2547466971729646, 0.2564788498601054, 0.2563436425272635, 0.25624407733971377, 0.2563118525398274, 0.2561914589542538, 0.25617767049430107], ""epochs"": 60, ""lr"": 0.0005, ""layer_decay"": 0.9, ""weight_decay"": 0.05, ""label_smoothing"": 0.1, ""finetune_batch_size"": 16, ""steps_per_epoch"": 10, ""total_steps"": 600, ""warmup_steps"": 60, ""freeze_blocks"": 0, ""n_frozen_tensors"": 0, ""n_frozen_modules_in_eval"": 0, ""head_warmup_epochs"": 0, ""n_trainable_parameters"": 5023002, ""model"": ""cbramod"", ""builder"": ""CBraMod"", ""checkpoint"": ""braindecode/cbramod-pretrained"", ""pretrained"": true, ""n_parameters"": 5023202, ""n_times"": 800, ""n_chans"": 62, ""amplitude_divisor"": 100.0}"
lee2019_mi,Lee2019_MI,22,2,cbramod_finetune_sel,cbramod_finetune,0.575,0.4920356340567599,0.2989901751926096,0.6848400267375729,0.51,0.5055187163683973,0.10529573071277762,0.6988362821801626,0.4998586287413373,0.08716878984823041,0.5,0.5,0.2696712613105774,False,4,4.0,A0xT_validation,False,"{""adaptation"": ""finetune_end_to_end"", ""selected_epoch"": 1, ""selection_Brier_at_selected_epoch"": 0.4960815412620173, ""val_brier_curve"": [0.49839661990220846, 0.4960815412620173, 0.5024963291439308, 0.5414188019156143, 0.6556097174935108, 0.5727899882721148, 0.6037585912995127, 0.6903237810563855, 0.655522608430376, 0.6863894092827589, 0.6567765015756224, 0.6381032607987814, 0.5880815989442547, 0.681861586671374, 0.6784059106024835, 0.6185721326404885, 0.6299520368875745, 0.6332530640850241, 0.653261957036255, 0.6114915052808321, 0.605844693952284, 0.6298116846143307, 0.6293790970120142, 0.6261079221449812, 0.6546067243422288, 0.6528051587572005, 0.6172137161089479, 0.6187179109698502, 0.634800826437466, 0.6471803192851452, 0.6373893731615226, 0.631714958471387, 0.6256701631531596, 0.6252829988625479, 0.6334133472169579, 0.6173553443448823, 0.614832845635298, 0.6338996537869924, 0.6411022582438877, 0.6179174781448935, 0.6142728098064931, 0.6105661336941017, 0.6143671346871447, 0.6189526948508901, 0.6195431255176065, 0.622467310444769, 0.6212530107868812, 0.6198282790498425, 0.6202555710535139, 0.6234075260447942, 0.6232621411289735, 0.6198641574157535, 0.6173677766637607, 0.617071035250804, 0.6157235436171475, 0.6158839111127109, 0.6161248432440105, 0.6162142170459346, 0.6162551976818603, 0.6162607591671778], ""epochs"": 60, ""lr"": 0.0005, ""layer_decay"": 0.9, ""weight_decay"": 0.05, ""label_smoothing"": 0.1, ""finetune_batch_size"": 16, ""steps_per_epoch"": 10, ""total_steps"": 600, ""warmup_steps"": 60, ""freeze_blocks"": 0, ""n_frozen_tensors"": 0, ""n_frozen_modules_in_eval"": 0, ""head_warmup_epochs"": 0, ""n_trainable_parameters"": 5023002, ""model"": ""cbramod"", ""builder"": ""CBraMod"", ""checkpoint"": ""braindecode/cbramod-pretrained"", ""pretrained"": true, ""n_parameters"": 5023202, ""n_times"": 800, ""n_chans"": 62, ""amplitude_divisor"": 100.0}"
lee2019_mi,Lee2019_MI,23,2,cbramod_finetune_sel,cbramod_finetune,0.575,0.4909420714793523,0.20715859911621756,0.6843046150821441,0.505,0.5149215983335899,0.13579585700747088,0.7091900045694918,0.5304715102640735,0.1537903929457952,0.5,0.5,1.4870096445083618,False,4,4.0,A0xT_validation,False,"{""adaptation"": ""finetune_end_to_end"", ""selected_epoch"": 3, ""selection_Brier_at_selected_epoch"": 0.4921232492528224, ""val_brier_curve"": [0.5037133521109162, 0.5014969745413727, 0.51773814128305, 0.4921232492528224, 0.6927694660753659, 0.5958376782303272, 0.6255554581396003, 0.770422402609154, 0.7312253507547513, 0.667442277180925, 0.7468465749105725, 0.7684399661172349, 0.8238660388467298, 0.7219096974574242, 0.6909560764188899, 0.6978246336665608, 0.7572049084182395, 0.7291706360758397, 0.7125464108559754, 0.714749359242942, 0.7055073276171477, 0.7296234189000101, 0.7857190426624956, 0.7140911300169265, 0.7128007657186258, 0.696103708963372, 0.7203605615617381, 0.734545885713774, 0.7354963664550727, 0.7244254029783439, 0.7018697300725156, 0.7000442034887255, 0.7111706156329517, 0.735804026038646, 0.7515162776875306, 0.7449874631717123, 0.7345701389690921, 0.7242487853961936, 0.7274904096589329, 0.7422780584052749, 0.7394715406858366, 0.718534959951879, 0.7061791710714764, 0.7056572370687683, 0.6980372736821632, 0.6959383117181955, 0.7003724675310325, 0.7018621514036307, 0.7014180233933768, 0.7061851130131358, 0.7068770429324467, 0.7044712045583055, 0.7041598675188847, 0.7053545488575124, 0.7072932088393145, 0.7081882850255884, 0.7084062045194368, 0.7083229580869705, 0.7084119014960262, 0.7084206413556595], ""epochs"": 60, ""lr"": 0.0005, ""layer_decay"": 0.9, ""weight_decay"": 0.05, ""label_smoothing"": 0.1, ""finetune_batch_size"": 16, ""steps_per_epoch"": 10, ""total_steps"": 600, ""warmup_steps"": 60, ""freeze_blocks"": 0, ""n_frozen_tensors"": 0, ""n_frozen_modules_in_eval"": 0, ""head_warmup_epochs"": 0, ""n_trainable_parameters"": 5023002, ""model"": ""cbramod"", ""builder"": ""CBraMod"", ""checkpoint"": ""braindecode/cbramod-pretrained"", ""pretrained"": true, ""n_parameters"": 5023202, ""n_times"": 800, ""n_chans"": 62, ""amplitude_divisor"": 100.0}"
lee2019_mi,Lee2019_MI,24,2,cbramod_finetune_sel,cbramod_finetune,0.675,0.4330324934730038,0.17579367078879965,0.6225132193572768,0.54,0.5198462910486265,0.14159000908689445,0.7184663511685523,0.4967955304262175,0.10807262690193653,0.5,0.5,0.5876056551933289,False,4,4.0,A0xT_validation,False,"{""adaptation"": ""finetune_end_to_end"", ""selected_epoch"": 3, ""selection_Brier_at_selected_epoch"": 0.4423175136885275, ""val_brier_curve"": [0.48747312422567274, 0.4696396421141749, 0.4890191209487143, 0.4423175136885275, 0.5029054012963885, 0.4432533980118583, 0.5270863622183889, 0.587847746204262, 0.5534849968354092, 0.570190846670504, 0.5685776271112798, 0.6320095910011666, 0.5520780478084177, 0.5129345137418302, 0.5360973385177491, 0.5160587474810814, 0.5863923599149009, 0.5849778697815667, 0.5671745050393413, 0.5285957953878546, 0.5476833639868655, 0.5583237130250511, 0.5584139827869284, 0.5512425435084667, 0.5562098373949155, 0.5114933713447944, 0.5383331064068704, 0.5526545303371894, 0.5179229418284919, 0.5223262387242661, 0.5524722888584307, 0.5437633643329821, 0.5271642746413056, 0.5265893196371645, 0.5338027912612493, 0.5353534802472486, 0.5355306647608244, 0.5342379987262692, 0.5494221516749359, 0.566092348258368, 0.5454409703756481, 0.5446363662856972, 0.5322573802132043, 0.540497577655081, 0.5416818614684701, 0.5333734387940134, 0.5328087980410647, 0.5423925843434007, 0.5546297670743617, 0.5555292995671852, 0.554556744730567, 0.553194139189028, 0.5496559225463178, 0.5489205242332054, 0.5482499564853305, 0.5480262300202237, 0.5481873267586417, 0.5482420550406002, 0.5483606879366623, 0.5483565410422722], ""epochs"": 60, ""lr"": 0.0005, ""layer_decay"": 0.9, ""weight_decay"": 0.05, ""label_smoothing"": 0.1, ""finetune_batch_size"": 16, ""steps_per_epoch"": 10, ""total_steps"": 600, ""warmup_steps"": 60, ""freeze_blocks"": 0, ""n_frozen_tensors"": 0, ""n_frozen_modules_in_eval"": 0, ""head_warmup_epochs"": 0, ""n_trainable_parameters"": 5023002, ""model"": ""cbramod"", ""builder"": ""CBraMod"", ""checkpoint"": ""braindecode/cbramod-pretrained"", ""pretrained"": true, ""n_parameters"": 5023202, ""n_times"": 800, ""n_chans"": 62, ""amplitude_divisor"": 100.0}"
lee2019_mi,Lee2019_MI,25,2,cbramod_finetune_sel,cbramod_finetune,0.825,0.28629300709011685,0.1464023368287501,0.41658824123155275,0.91,0.12662463956955355,0.04173152906361762,0.2096479127595552,0.1246565165947238,0.05253973007840487,0.5,0.5,0.6179272532463074,False,4,4.0,A0xT_validation,False,"{""adaptation"": ""finetune_end_to_end"", ""selected_epoch"": 14, ""selection_Brier_at_selected_epoch"": 0.28962516378780745, ""val_brier_curve"": [0.49777259586934475, 0.479708815900138, 0.3750324486439487, 0.3670609936326768, 0.44828238853459623, 0.37916822904568287, 0.42267010025658125, 0.38149107304377816, 0.3321088431470759, 0.29354637542395423, 0.3667088842218759, 0.385476029088022, 0.31409581597920117, 0.30079904779350375, 0.28962516378780745, 0.3124626487047947, 0.33411413068249174, 0.317424939865459, 0.3053379054142032, 0.30719978758708394, 0.33219192973834677, 0.3404391737282371, 0.36931335081781264, 0.3514705950612468, 0.32450884866644686, 0.31480204863292405, 0.3124537057704465, 0.3161702502316274, 0.31043451339603045, 0.30666693984843496, 0.32050459120473157, 0.341176015882892, 0.3234761995657106, 0.3152875109545649, 0.3213000795992119, 0.315344189311514, 0.322755156023528, 0.32068951874338975, 0.33115007464368323, 0.333335833290262, 0.33137258247310186, 0.3256816966943609, 0.3212846634275571, 0.32056228617167115, 0.32551006757662426, 0.32263902451466775, 0.32389680765231166, 0.32326461414678387, 0.3227920310112625, 0.3236801644896969, 0.3248681606092362, 0.3261556981811573, 0.3263909655087329, 0.3265697967171251, 0.32671432514811827, 0.32645721042337444, 0.3262317344422542, 0.3260273104899174, 0.32602684873469534, 0.3260305820928416], ""epochs"": 60, ""lr"": 0.0005, ""layer_decay"": 0.9, ""weight_decay"": 0.05, ""label_smoothing"": 0.1, ""finetune_batch_size"": 16, ""steps_per_epoch"": 10, ""total_steps"": 600, ""warmup_steps"": 60, ""freeze_blocks"": 0, ""n_frozen_tensors"": 0, ""n_frozen_modules_in_eval"": 0, ""head_warmup_epochs"": 0, ""n_trainable_parameters"": 5023002, ""model"": ""cbramod"", ""builder"": ""CBraMod"", ""checkpoint"": ""braindecode/cbramod-pretrained"", ""pretrained"": true, ""n_parameters"": 5023202, ""n_times"": 800, ""n_chans"": 62, ""amplitude_divisor"": 100.0}"
lee2019_mi,Lee2019_MI,26,2,cbramod_finetune_sel,cbramod_finetune,0.9,0.16866404990044495,0.10455107522264238,0.261963084416022,0.79,0.291532791563752,0.10641584451912618,0.4361115825490608,0.27996709396155867,0.09163999009005112,0.5,0.5,0.7093836665153503,False,4,4.0,A0xT_validation,False,"{""adaptation"": ""finetune_end_to_end"", ""selected_epoch"": 3, ""selection_Brier_at_selected_epoch"": 0.16854745168319243, ""val_brier_curve"": [0.4908783947290412, 0.2195295428270791, 0.1710880794020438, 0.16854745168319243, 0.19571522156969295, 0.2636597333659515, 0.23453355868997247, 0.18003188147299176, 0.21019158850378697, 0.21729444310045148, 0.26698308919795655, 0.2110278566659484, 0.19307177460843236, 0.22464344512420956, 0.20487466380855013, 0.20520406055706722, 0.20412566464388027, 0.24758109557474609, 0.24122455383194272, 0.22514149105437187, 0.23024432306348724, 0.2712703689333166, 0.2465570870814851, 0.2416633931574828, 0.22384606614533809, 0.2287492803149938, 0.2259906427687391, 0.22226004693208604, 0.23580086103310918, 0.24166850507603438, 0.2438536462659128, 0.21610901219040185, 0.227735045800841, 0.2227541265894263, 0.2345180860023083, 0.22285679100427216, 0.22371057023287558, 0.2241265035622111, 0.22102743910758496, 0.2285957921880132, 0.22469986619537935, 0.2304269128576387, 0.22628570367034656, 0.2220769545555708, 0.22574627449549958, 0.2238797767925073, 0.22444344836961294, 0.2243300224545571, 0.22648758218964177, 0.22840954834554986, 0.2274378459865251, 0.22610730454825853, 0.22592067615377925, 0.22668201306624608, 0.22647771555700716, 0.22628648013746594, 0.22603271371788916, 0.2261245707021736, 0.2261849555516145, 0.22618079396767485], ""epochs"": 60, ""lr"": 0.0005, ""layer_decay"": 0.9, ""weight_decay"": 0.05, ""label_smoothing"": 0.1, ""finetune_batch_size"": 16, ""steps_per_epoch"": 10, ""total_steps"": 600, ""warmup_steps"": 60, ""freeze_blocks"": 0, ""n_frozen_tensors"": 0, ""n_frozen_modules_in_eval"": 0, ""head_warmup_epochs"": 0, ""n_trainable_parameters"": 5023002, ""model"": ""cbramod"", ""builder"": ""CBraMod"", ""checkpoint"": ""braindecode/cbramod-pretrained"", ""pretrained"": true, ""n_parameters"": 5023202, ""n_times"": 800, ""n_chans"": 62, ""amplitude_divisor"": 100.0}"
lee2019_mi,Lee2019_MI,27,2,cbramod_finetune_sel,cbramod_finetune,0.95,0.13536688744259742,0.1360416909268674,0.3044482952759825,0.855,0.23444465956442073,0.07881975736149809,0.480381393421859,0.2312436396165677,0.07244893378478627,0.5,0.5,0.8828333020210266,False,4,4.0,A0xT_validation,False,"{""adaptation"": ""finetune_end_to_end"", ""selected_epoch"": 4, ""selection_Brier_at_selected_epoch"": 0.14412755428559246, ""val_brier_curve"": [0.5006318323802235, 0.42198252987441753, 0.3549586393995127, 0.17502691052699693, 0.14412755428559246, 0.2071069563454909, 0.2944223684930199, 0.35237983579562115, 0.3462310799360851, 0.3118780016173238, 0.3354228339391657, 0.28399514425397426, 0.32004772751464305, 0.3774123277252857, 0.3474789081089716, 0.2834010221045789, 0.31573615867374194, 0.26483885209405916, 0.338438349987654, 0.3197894224017908, 0.2934412906077945, 0.3163752900290969, 0.3150018731811975, 0.3248388207987275, 0.35360618858683734, 0.3247622398406699, 0.314195370932095, 0.3472658383220394, 0.3159990376118481, 0.31624369590571993, 0.2900045889901347, 0.30760951226590627, 0.31586153959278923, 0.32680084634008627, 0.32910432282553054, 0.3093368126175117, 0.30147420014600196, 0.3327726444312363, 0.3111022868552859, 0.31433507836958513, 0.32567367636376243, 0.32138618375202865, 0.3117805907435162, 0.3089866751341922, 0.3020533312806639, 0.31039901322347435, 0.30886004901468916, 0.313289996917358, 0.31202189874961694, 0.31155676559202644, 0.3105352201080642, 0.31317397736769514, 0.31232934018004194, 0.3123532235149652, 0.3125250977452434, 0.3128785542527674, 0.31317132642544915, 0.3134765548729218, 0.31348416999757883, 0.3134637015590142], ""epochs"": 60, ""lr"": 0.0005, ""layer_decay"": 0.9, ""weight_decay"": 0.05, ""label_smoothing"": 0.1, ""finetune_batch_size"": 16, ""steps_per_epoch"": 10, ""total_steps"": 600, ""warmup_steps"": 60, ""freeze_blocks"": 0, ""n_frozen_tensors"": 0, ""n_frozen_modules_in_eval"": 0, ""head_warmup_epochs"": 0, ""n_trainable_parameters"": 5023002, ""model"": ""cbramod"", ""builder"": ""CBraMod"", ""checkpoint"": ""braindecode/cbramod-pretrained"", ""pretrained"": true, ""n_parameters"": 5023202, ""n_times"": 800, ""n_chans"": 62, ""amplitude_divisor"": 100.0}"
lee2019_mi,Lee2019_MI,28,2,cbramod_finetune_sel,cbramod_finetune,1.0,1.037563657333876e-05,0.00036018904003835833,0.00036280813215148274,0.69,0.6112412009547326,0.3030984231632776,7.4526884777579285,0.5158655515231579,0.21024824461720473,0.5,0.5,0.05000000074505806,False,4,4.0,A0xT_validation,False,"{""adaptation"": ""finetune_end_to_end"", ""selected_epoch"": 2, ""selection_Brier_at_selected_epoch"": 0.027263209474799106, ""val_brier_curve"": [0.46958922687626165, 0.09108551449517299, 0.027263209474799106, 0.07677477022872757, 0.06512336573383466, 0.05520549047571484, 0.08863633837614456, 0.060423164740366776, 0.05031663487814082, 0.06304839787072322, 0.1106603563136684, 0.04702978555179426, 0.0684415143327908, 0.06699618668491272, 0.06305286019281361, 0.06118197620534034, 0.06232231084482587, 0.06634419072889071, 0.050559113617387165, 0.08948630118835123, 0.044671543682202004, 0.06059654691314742, 0.06339165266791473, 0.05884440722873324, 0.07880775025402549, 0.05508777402940533, 0.07165876821374453, 0.06974665638361705, 0.06522287419741082, 0.05323785974651808, 0.05167279310276226, 0.055957212877701855, 0.07114686321327751, 0.05422487758661084, 0.06675929806879767, 0.06976517437686182, 0.05845878819252555, 0.06261345422115572, 0.056449165161333956, 0.06016551583651684, 0.06146655922387939, 0.06361563466403101, 0.06344165056826119, 0.07041732037578086, 0.06501409043883584, 0.06485109255182842, 0.057430198268616506, 0.06474892460843998, 0.06355259325527648, 0.06286336901128062, 0.06601518837100888, 0.06122614386026444, 0.06366819743037196, 0.06510809200505938, 0.0642061385374639, 0.06430956638794516, 0.06377921675666916, 0.06344359717115891, 0.06341149845501673, 0.06340979965298246], ""epochs"": 60, ""lr"": 0.0005, ""layer_decay"": 0.9, ""weight_decay"": 0.05, ""label_smoothing"": 0.1, ""finetune_batch_size"": 16, ""steps_per_epoch"": 10, ""total_steps"": 600, ""warmup_steps"": 60, ""freeze_blocks"": 0, ""n_frozen_tensors"": 0, ""n_frozen_modules_in_eval"": 0, ""head_warmup_epochs"": 0, ""n_trainable_parameters"": 5023002, ""model"": ""cbramod"", ""builder"": ""CBraMod"", ""checkpoint"": ""braindecode/cbramod-pretrained"", ""pretrained"": true, ""n_parameters"": 5023202, ""n_times"": 800, ""n_chans"": 62, ""amplitude_divisor"": 100.0}"
lee2019_mi,Lee2019_MI,29,2,cbramod_finetune_sel,cbramod_finetune,0.975,0.013405078479517728,0.012750225227216947,0.01842487723225628,0.975,0.05075198107775762,0.02360046181949424,0.5184354992367214,0.06477971341026889,0.07420371554222091,0.5,0.5,0.05000000074505806,False,4,4.0,A0xT_validation,False,"{""adaptation"": ""finetune_end_to_end"", ""selected_epoch"": 8, ""selection_Brier_at_selected_epoch"": 0.036459834144596026, ""val_brier_curve"": [0.4827857710190878, 0.3274474836004366, 0.1115259164969421, 0.07754508230959786, 0.07687109718015919, 0.09038819267513132, 0.12466064985484579, 0.06303889367485974, 0.036459834144596026, 0.04044885093292809, 0.06973760349581351, 0.09171927700390027, 0.08340013768909167, 0.09036707969901539, 0.07610272586898723, 0.07617646575175727, 0.08262838180771181, 0.0666849872106996, 0.07587380816997111, 0.0682639088320847, 0.06167296127511761, 0.06434799239810564, 0.08052728923263801, 0.06391043909189979, 0.06545301420576352, 0.06556659068910682, 0.07685758047315193, 0.07014908363268467, 0.06580526063658453, 0.07257850627201759, 0.08860906791629002, 0.08785581964572813, 0.07358747814519166, 0.07781361040300165, 0.09453864074622814, 0.08084897806265158, 0.07769785074385376, 0.08961623738495103, 0.0778815477243842, 0.08740622056890444, 0.08454008220183902, 0.0930461865850905, 0.08480787206875355, 0.0869520031017232, 0.09004198198409932, 0.08337981701585614, 0.08717184240830554, 0.08136124744015007, 0.0857891901776176, 0.08770429640332571, 0.08710167327271032, 0.08689244252016884, 0.08620318454820594, 0.087626734657332, 0.08741963954878038, 0.08704840739249278, 0.08664984381322349, 0.08657302450386986, 0.08658963522186613, 0.08659836319489134], ""epochs"": 60, ""lr"": 0.0005, ""layer_decay"": 0.9, ""weight_decay"": 0.05, ""label_smoothing"": 0.1, ""finetune_batch_size"": 16, ""steps_per_epoch"": 10, ""total_steps"": 600, ""warmup_steps"": 60, ""freeze_blocks"": 0, ""n_frozen_tensors"": 0, ""n_frozen_modules_in_eval"": 0, ""head_warmup_epochs"": 0, ""n_trainable_parameters"": 5023002, ""model"": ""cbramod"", ""builder"": ""CBraMod"", ""checkpoint"": ""braindecode/cbramod-pretrained"", ""pretrained"": true, ""n_parameters"": 5023202, ""n_times"": 800, ""n_chans"": 62, ""amplitude_divisor"": 100.0}"
lee2019_mi,Lee2019_MI,30,2,cbramod_finetune_sel,cbramod_finetune,0.825,0.24954503085853652,0.1262304695266911,0.3796545221539658,0.755,0.3700420465754597,0.10102746607492565,0.5653536906341858,0.36882667827039833,0.09586994729495861,0.5,0.5,0.9240041971206665,False,4,4.0,A0xT_validation,False,"{""adaptation"": ""finetune_end_to_end"", ""selected_epoch"": 6, ""selection_Brier_at_selected_epoch"": 0.24965470408447574, ""val_brier_curve"": [0.49278970086668894, 0.4061261852104544, 0.3801565720642617, 0.38418226376465114, 0.39146224139205305, 0.29336014631475793, 0.24965470408447574, 0.33352029063049776, 0.36150655333837634, 0.3530327596184189, 0.31723051406085756, 0.3134025613373487, 0.29646756397949137, 0.26437848985401463, 0.3086991829827494, 0.3354037018221562, 0.35320926018163673, 0.3258894156363895, 0.31834443741061025, 0.36868075399696054, 0.3467173324544989, 0.36603452198781816, 0.3493593536057892, 0.3763772745785347, 0.33493991802452483, 0.34817718798449065, 0.3459087837643816, 0.3147635772510672, 0.2975260498315243, 0.3393059317916892, 0.32595957162201034, 0.33717061616694605, 0.33142412465036386, 0.33771645188083255, 0.3403740951995496, 0.33339800007940773, 0.3087184116271278, 0.3071652017698435, 0.31363495869156743, 0.3104704747343158, 0.31261605008754606, 0.32301364091004886, 0.3186337518138075, 0.32377474374657594, 0.3291547934193649, 0.3309315024271554, 0.3331021061289359, 0.32843102968762955, 0.3250757785814022, 0.3242317858065348, 0.3235043719367293, 0.3220671750390779, 0.32131515597338023, 0.32143903729081447, 0.3215972362020354, 0.3216671465051507, 0.321385814961907, 0.32113351780500476, 0.32109978694724906, 0.3211033699342575], ""epochs"": 60, ""lr"": 0.0005, ""layer_decay"": 0.9, ""weight_decay"": 0.05, ""label_smoothing"": 0.1, ""finetune_batch_size"": 16, ""steps_per_epoch"": 10, ""total_steps"": 600, ""warmup_steps"": 60, ""freeze_blocks"": 0, ""n_frozen_tensors"": 0, ""n_frozen_modules_in_eval"": 0, ""head_warmup_epochs"": 0, ""n_trainable_parameters"": 5023002, ""model"": ""cbramod"", ""builder"": ""CBraMod"", ""checkpoint"": ""braindecode/cbramod-pretrained"", ""pretrained"": true, ""n_parameters"": 5023202, ""n_times"": 800, ""n_chans"": 62, ""amplitude_divisor"": 100.0}"
lee2019_mi,Lee2019_MI,31,2,cbramod_finetune_sel,cbramod_finetune,0.8,0.2608039665391683,0.17088955996853725,0.4064278167600353,0.765,0.34167612862820435,0.06879975515898534,0.5066930076088643,0.3378099062347063,0.055705818339279976,0.5,0.5,0.8101099729537964,False,4,4.0,A0xT_validation,False,"{""adaptation"": ""finetune_end_to_end"", ""selected_epoch"": 3, ""selection_Brier_at_selected_epoch"": 0.26360991750943275, ""val_brier_curve"": [0.4960580809359293, 0.45426308047550934, 0.36824208404619174, 0.26360991750943275, 0.3118223854901193, 0.2897696956199137, 0.310988584235871, 0.3020877186384241, 0.34555151193560907, 0.28962255226886924, 0.33022710463767446, 0.29975579383001355, 0.32536159968077993, 0.2999856855031006, 0.2892462742262777, 0.27366010071425817, 0.371405705502321, 0.34133266597950174, 0.31860074599105465, 0.35455925106047015, 0.3125384063141565, 0.3223389018222245, 0.3219707608987089, 0.3275652485549521, 0.2789053642033874, 0.2899449583366943, 0.3040898557875472, 0.3377681788770461, 0.36158993773784276, 0.35140538807705723, 0.3289923858311844, 0.3078334549974356, 0.3077665052882467, 0.32818539174763944, 0.3340101641853374, 0.3242868123001387, 0.34120382148392536, 0.32649938815933083, 0.33675737124709487, 0.3242058238329924, 0.32098995476158015, 0.31603899110643036, 0.3262913241954556, 0.3356081619669281, 0.33051229464255877, 0.3304618137677589, 0.3321919792206029, 0.332713243437387, 0.33023372301949394, 0.3277088649985967, 0.32961464487325576, 0.32887666689911726, 0.3281706055473558, 0.32761417850994123, 0.32759770285166, 0.32753569968894325, 0.3275006457404115, 0.3273903430650834, 0.32734391617250863, 0.32733243322007805], ""epochs"": 60, ""lr"": 0.0005, ""layer_decay"": 0.9, ""weight_decay"": 0.05, ""label_smoothing"": 0.1, ""finetune_batch_size"": 16, ""steps_per_epoch"": 10, ""total_steps"": 600, ""warmup_steps"": 60, ""freeze_blocks"": 0, ""n_frozen_tensors"": 0, ""n_frozen_modules_in_eval"": 0, ""head_warmup_epochs"": 0, ""n_trainable_parameters"": 5023002, ""model"": ""cbramod"", ""builder"": ""CBraMod"", ""checkpoint"": ""braindecode/cbramod-pretrained"", ""pretrained"": true, ""n_parameters"": 5023202, ""n_times"": 800, ""n_chans"": 62, ""amplitude_divisor"": 100.0}"
lee2019_mi,Lee2019_MI,32,2,cbramod_finetune_sel,cbramod_finetune,0.8,0.2806862073856416,0.13265728676943667,0.4377400116935461,0.67,0.422378850046526,0.10789798412187362,0.6156600303788349,0.42830382239748943,0.11457138997064577,0.5,0.5,1.1007541418075562,False,4,4.0,A0xT_validation,False,"{""adaptation"": ""finetune_end_to_end"", ""selected_epoch"": 34, ""selection_Brier_at_selected_epoch"": 0.28122883421401973, ""val_brier_curve"": [0.4971842158886597, 0.4621097764939113, 0.5256522573937938, 0.3554642969112315, 0.5358710942924985, 0.4822343420780255, 0.33184577261599146, 0.3825961333954319, 0.42803631399061076, 0.4863144919796791, 0.42912353551578064, 0.3924331433790848, 0.4028339572148555, 0.36722672157319847, 0.3738285837283497, 0.3701444377645464, 0.42998871675874106, 0.38991076407240516, 0.3812168243394842, 0.3585340571287769, 0.32386357639160546, 0.3549367887560434, 0.3333374850075964, 0.29362937162174946, 0.3159305131797082, 0.30504965349218516, 0.34394631741892817, 0.30451528701667313, 0.3215405647815854, 0.3265905905092653, 0.3338941021408467, 0.3333025957206332, 0.3121981039042009, 0.30147792380249844, 0.28122883421401973, 0.3094245625092345, 0.30490770512869386, 0.3134227818980727, 0.33400804913133214, 0.3001719062257875, 0.2987369862300596, 0.3045334107974959, 0.30524384937979543, 0.3021986818706083, 0.3064204868336942, 0.3006189239970411, 0.3074515215141137, 0.3067259912636332, 0.30529154584496393, 0.3019293865847609, 0.30113793079947, 0.30155888991376556, 0.30287006032383934, 0.305638790792779, 0.30654146075703853, 0.30601589030640997, 0.30554678032956534, 0.3050804013085216, 0.30487718260512187, 0.30486606943021366], ""epochs"": 60, ""lr"": 0.0005, ""layer_decay"": 0.9, ""weight_decay"": 0.05, ""label_smoothing"": 0.1, ""finetune_batch_size"": 16, ""steps_per_epoch"": 10, ""total_steps"": 600, ""warmup_steps"": 60, ""freeze_blocks"": 0, ""n_frozen_tensors"": 0, ""n_frozen_modules_in_eval"": 0, ""head_warmup_epochs"": 0, ""n_trainable_parameters"": 5023002, ""model"": ""cbramod"", ""builder"": ""CBraMod"", ""checkpoint"": ""braindecode/cbramod-pretrained"", ""pretrained"": true, ""n_parameters"": 5023202, ""n_times"": 800, ""n_chans"": 62, ""amplitude_divisor"": 100.0}"
lee2019_mi,Lee2019_MI,33,2,cbramod_finetune_sel,cbramod_finetune,0.725,0.3857103702423259,0.19371712251445083,0.5858161045283111,0.74,0.34998086592424416,0.08570606604362545,0.5236040648610991,0.3486908674644674,0.07997961280311637,0.5,0.5,1.7802454233169556,False,4,4.0,A0xT_validation,False,"{""adaptation"": ""finetune_end_to_end"", ""selected_epoch"": 11, ""selection_Brier_at_selected_epoch"": 0.3773183100059567, ""val_brier_curve"": [0.49628947950297847, 0.485402646013504, 0.5317718722813829, 0.4056078601613663, 0.4619358730138793, 0.6883527208000204, 0.5088598354840789, 0.5212444874676845, 0.5477867159951277, 0.45142268372899286, 0.5353315832138781, 0.3773183100059567, 0.46874341146023807, 0.4911899842620116, 0.4300180320716683, 0.5830725966075363, 0.498255644841562, 0.3852614455603555, 0.4380494011750796, 0.4434074658016051, 0.49411520424269495, 0.4206618987523176, 0.44384588685402526, 0.47887806135245603, 0.4698362650383549, 0.4690584676604356, 0.4851313729396739, 0.4237870661806024, 0.4534865666870699, 0.46215620267521473, 0.46312802394654373, 0.4450341244764379, 0.4173221036586046, 0.47347223659955784, 0.45996481081171847, 0.45321538943575523, 0.4839431777272701, 0.4669992271845681, 0.47013943395913993, 0.4924650588292163, 0.49592246851188426, 0.4923733752534215, 0.4902554071177814, 0.46717944307460996, 0.45600155190833486, 0.48426405841393283, 0.4812603436296909, 0.4732984317463814, 0.468114084497721, 0.46753518242167813, 0.4692129326579585, 0.468270015538375, 0.46751434644815193, 0.46781988290665294, 0.46949096171170723, 0.47026701846251984, 0.47042906979822063, 0.46947474880907675, 0.46931200740784507, 0.469292165723321], ""epochs"": 60, ""lr"": 0.0005, ""layer_decay"": 0.9, ""weight_decay"": 0.05, ""label_smoothing"": 0.1, ""finetune_batch_size"": 16, ""steps_per_epoch"": 10, ""total_steps"": 600, ""warmup_steps"": 60, ""freeze_blocks"": 0, ""n_frozen_tensors"": 0, ""n_frozen_modules_in_eval"": 0, ""head_warmup_epochs"": 0, ""n_trainable_parameters"": 5023002, ""model"": ""cbramod"", ""builder"": ""CBraMod"", ""checkpoint"": ""braindecode/cbramod-pretrained"", ""pretrained"": true, ""n_parameters"": 5023202, ""n_times"": 800, ""n_chans"": 62, ""amplitude_divisor"": 100.0}"
lee2019_mi,Lee2019_MI,34,2,cbramod_finetune_sel,cbramod_finetune,0.725,0.4109769304393134,0.16140601793776224,0.598049444794346,0.57,0.5202518155493077,0.15026119041216082,0.7231037717535205,0.5871784260385027,0.2223539097802504,0.5,0.5,1.9392937421798706,False,4,4.0,A0xT_validation,False,"{""adaptation"": ""finetune_end_to_end"", ""selected_epoch"": 45, ""selection_Brier_at_selected_epoch"": 0.4221217691289798, ""val_brier_curve"": [0.49641897885539804, 0.49692574732858946, 0.5033669255387845, 0.5676200239472137, 0.4669577253706061, 0.6290378537340044, 0.44957030189037717, 0.5674669966119795, 0.49318067954441497, 0.49161218611991797, 0.45145365709825214, 0.5722360431195642, 0.5926080073807862, 0.5381501902090842, 0.5143026813222802, 0.6130829734392232, 0.5104530913616536, 0.4550085517072291, 0.5758035180813919, 0.5887505077975929, 0.5011361534168431, 0.5222878551814325, 0.5174754778297129, 0.4869794570821668, 0.4494525095196414, 0.44895548141465536, 0.44313477755926545, 0.46362723582532767, 0.4512329211272714, 0.5110659555340037, 0.47410286160443194, 0.44319030015455085, 0.44784978526530883, 0.47849459073595096, 0.4723343984353571, 0.4556071334697959, 0.45284533814486955, 0.4559727822505672, 0.4256958453061026, 0.4619649094685666, 0.4467942810734158, 0.4322070644567013, 0.43855688983339275, 0.4538586684481462, 0.45270394076962805, 0.4221217691289798, 0.4333811569477673, 0.43461071218259006, 0.4338566692847083, 0.44172854371077436, 0.4389535593248299, 0.44032415058562524, 0.43987386492114533, 0.4380083015500185, 0.43744184637269007, 0.43766721334523967, 0.43767660233392736, 0.4372915343873224, 0.4370413044095732, 0.43703697778134265], ""epochs"": 60, ""lr"": 0.0005, ""layer_decay"": 0.9, ""weight_decay"": 0.05, ""label_smoothing"": 0.1, ""finetune_batch_size"": 16, ""steps_per_epoch"": 10, ""total_steps"": 600, ""warmup_steps"": 60, ""freeze_blocks"": 0, ""n_frozen_tensors"": 0, ""n_frozen_modules_in_eval"": 0, ""head_warmup_epochs"": 0, ""n_trainable_parameters"": 5023002, ""model"": ""cbramod"", ""builder"": ""CBraMod"", ""checkpoint"": ""braindecode/cbramod-pretrained"", ""pretrained"": true, ""n_parameters"": 5023202, ""n_times"": 800, ""n_chans"": 62, ""amplitude_divisor"": 100.0}"
lee2019_mi,Lee2019_MI,35,2,cbramod_finetune_sel,cbramod_finetune,1.0,4.4722871478822666e-06,0.0002364393989531033,0.00023756457062401384,0.935,0.12097345030500568,0.059909935146053875,0.8811226367793772,0.10704360339891107,0.07425454584370222,0.5,0.5,0.05000000074505806,False,4,4.0,A0xT_validation,False,"{""adaptation"": ""finetune_end_to_end"", ""selected_epoch"": 8, ""selection_Brier_at_selected_epoch"": 0.020768405200406036, ""val_brier_curve"": [0.19524878174181032, 0.0545895902555907, 0.023712816036540685, 0.027936816385029272, 0.03701341199853914, 0.029895456825469457, 0.03424945974049247, 0.030283236677613113, 0.020768405200406036, 0.02560139949292825, 0.029109542425096717, 0.02323882324897606, 0.02621231473652442, 0.026610918947025247, 0.029548579710360408, 0.027120100015525263, 0.029561035976396734, 0.030033550924254616, 0.02905714669440156, 0.02910381994778735, 0.030537080722880267, 0.03129260414533873, 0.03014212903356046, 0.029009613514006015, 0.02373854988110875, 0.026967373498358184, 0.028367973660499736, 0.027675666469940713, 0.027793352040723317, 0.028857871442433042, 0.0305427761683049, 0.031072643067415397, 0.030965127877433975, 0.027543080103290922, 0.030271439457239552, 0.028098514665026338, 0.027873941373497878, 0.027782091591538004, 0.02818071047897438, 0.029253600551721236, 0.029691130642059537, 0.029548581829256893, 0.03098611712463826, 0.030301906043405463, 0.029812561450571075, 0.030409730773795045, 0.02933809546677175, 0.030183287572934092, 0.03010911728816524, 0.030138746103366882, 0.030440240636643044, 0.03006211375762289, 0.030180875504624567, 0.030385259626060507, 0.03005786543029256, 0.02992687622484655, 0.02994757930258271, 0.03001976893998783, 0.030019812948202045, 0.030021270537173732], ""epochs"": 60, ""lr"": 0.0005, ""layer_decay"": 0.9, ""weight_decay"": 0.05, ""label_smoothing"": 0.1, ""finetune_batch_size"": 16, ""steps_per_epoch"": 10, ""total_steps"": 600, ""warmup_steps"": 60, ""freeze_blocks"": 0, ""n_frozen_tensors"": 0, ""n_frozen_modules_in_eval"": 0, ""head_warmup_epochs"": 0, ""n_trainable_parameters"": 5023002, ""model"": ""cbramod"", ""builder"": ""CBraMod"", ""checkpoint"": ""braindecode/cbramod-pretrained"", ""pretrained"": true, ""n_parameters"": 5023202, ""n_times"": 800, ""n_chans"": 62, ""amplitude_divisor"": 100.0}"
lee2019_mi,Lee2019_MI,36,2,cbramod_finetune_sel,cbramod_finetune,0.95,0.07250707103057899,0.026920329054870722,0.117041875578285,0.955,0.06068998905084858,0.020386269606839005,0.09433773011674194,0.07024422052677873,0.07327721925205491,0.5,0.5,0.46131137013435364,False,4,4.0,A0xT_validation,False,"{""adaptation"": ""finetune_end_to_end"", ""selected_epoch"": 25, ""selection_Brier_at_selected_epoch"": 0.08556675132886796, ""val_brier_curve"": [0.4971120445776598, 0.4053235677790802, 0.4313991088996046, 0.15546203687778062, 0.1291667513676981, 0.12514294178831353, 0.12896029049851895, 0.0983471587625521, 0.13243813378628755, 0.12695280286754787, 0.18779663974611532, 0.1554536972052608, 0.09895243702988246, 0.13229772612471274, 0.15295919181901224, 0.1306977048730854, 0.11179985338134264, 0.10495494675436293, 0.10526438232144882, 0.11076769189341365, 0.11167522199470334, 0.12461698182297587, 0.09867088781264703, 0.10437983178436898, 0.10277581393933563, 0.08556675132886796, 0.12480244055262124, 0.13021328284362924, 0.1276265153819803, 0.11554230181412803, 0.11181293845737439, 0.09572534071265701, 0.09369384156872625, 0.11744512053979905, 0.12671966413995056, 0.10716109119994965, 0.1129584269467406, 0.11147464791274289, 0.11395595601825134, 0.09954229502940841, 0.11177221333486717, 0.11579859464041804, 0.11366494663330817, 0.1109219963858806, 0.10720447764299781, 0.11235697479232712, 0.11080707437971322, 0.11200404975680471, 0.11249417189115477, 0.11125439328109366, 0.10681075955613659, 0.11020127007758149, 0.11289477283213642, 0.10988632197031026, 0.1095693766059194, 0.11028853198814695, 0.11095477278609056, 0.11124156534220439, 0.11127497270406003, 0.11127574636187716], ""epochs"": 60, ""lr"": 0.0005, ""layer_decay"": 0.9, ""weight_decay"": 0.05, ""label_smoothing"": 0.1, ""finetune_batch_size"": 16, ""steps_per_epoch"": 10, ""total_steps"": 600, ""warmup_steps"": 60, ""freeze_blocks"": 0, ""n_frozen_tensors"": 0, ""n_frozen_modules_in_eval"": 0, ""head_warmup_epochs"": 0, ""n_trainable_parameters"": 5023002, ""model"": ""cbramod"", ""builder"": ""CBraMod"", ""checkpoint"": ""braindecode/cbramod-pretrained"", ""pretrained"": true, ""n_parameters"": 5023202, ""n_times"": 800, ""n_chans"": 62, ""amplitude_divisor"": 100.0}"
lee2019_mi,Lee2019_MI,37,2,cbramod_finetune_sel,cbramod_finetune,0.7,0.3539889356205933,0.21170656375577768,0.5433453403823562,0.715,0.3834079286412669,0.08705739670589532,0.564152472289053,0.3992885526972967,0.11738773570773602,0.5,0.5,1.7551056146621704,False,4,4.0,A0xT_validation,False,"{""adaptation"": ""finetune_end_to_end"", ""selected_epoch"": 26, ""selection_Brier_at_selected_epoch"": 0.36724438490966654, ""val_brier_curve"": [0.4993351085222651, 0.4880025841433203, 0.45449695546669233, 0.4483361079222499, 0.4749327110879637, 0.48451753917088514, 0.5257790310160388, 0.5607102722262676, 0.5612240103081163, 0.4476611693688429, 0.4293957174812067, 0.4673062662133242, 0.4459214829617991, 0.38062428834362755, 0.4238270221195178, 0.44167605661455306, 0.41594020988716485, 0.4419278561078732, 0.381950008384972, 0.4215755170226093, 0.45076074560361423, 0.4219619228654494, 0.42032042530425057, 0.42714631938776, 0.4268894174265344, 0.39255055943037787, 0.36724438490966654, 0.4317122633571212, 0.41684978112545823, 0.3850653015129094, 0.41397676596454336, 0.4216522839415056, 0.43356747903375625, 0.3877600773941737, 0.38399696299493563, 0.3726691560707172, 0.38136626551689157, 0.3803081913133365, 0.391408443288266, 0.4140161822364177, 0.38726640917089805, 0.38103175871770223, 0.39639340365507325, 0.40593831355844934, 0.40357896660155507, 0.39812581188791907, 0.3971867273286853, 0.39152091466037864, 0.39312757352362165, 0.397120901835136, 0.3998140656367237, 0.40016221109496575, 0.3986523012939437, 0.39644163946065053, 0.39637679569583206, 0.3963882221324088, 0.3968914544231944, 0.3969842979964204, 0.397053795370903, 0.3970645494413473], ""epochs"": 60, ""lr"": 0.0005, ""layer_decay"": 0.9, ""weight_decay"": 0.05, ""label_smoothing"": 0.1, ""finetune_batch_size"": 16, ""steps_per_epoch"": 10, ""total_steps"": 600, ""warmup_steps"": 60, ""freeze_blocks"": 0, ""n_frozen_tensors"": 0, ""n_frozen_modules_in_eval"": 0, ""head_warmup_epochs"": 0, ""n_trainable_parameters"": 5023002, ""model"": ""cbramod"", ""builder"": ""CBraMod"", ""checkpoint"": ""braindecode/cbramod-pretrained"", ""pretrained"": true, ""n_parameters"": 5023202, ""n_times"": 800, ""n_chans"": 62, ""amplitude_divisor"": 100.0}"
lee2019_mi,Lee2019_MI,38,2,cbramod_finetune_sel,cbramod_finetune,0.6,0.4428430771660006,0.2531545671511862,0.6308692936050047,0.665,0.4667415367790179,0.14840424720103337,0.6605254546047233,0.5036689852178762,0.19101724955862565,0.5,0.5,1.8657262325286865,False,4,4.0,A0xT_validation,False,"{""adaptation"": ""finetune_end_to_end"", ""selected_epoch"": 37, ""selection_Brier_at_selected_epoch"": 0.4606853950921462, ""val_brier_curve"": [0.49855774767799693, 0.4929852871208083, 0.4881174704232091, 0.4922847539152794, 0.5082357607720894, 0.5412964960048268, 0.5896839008251765, 0.6202507083133627, 0.5941689549912661, 0.5344146546126242, 0.5422814343507996, 0.5883792799064567, 0.5596097163803322, 0.49893258396627865, 0.5085480578316092, 0.4961365047336755, 0.5764195784915114, 0.5581623115634896, 0.47332998136252274, 0.49277833366563656, 0.5507283701816296, 0.5142705766179911, 0.48370579048834783, 0.5335014725489042, 0.5053755815737067, 0.5099915403006112, 0.49630813711974414, 0.5009556460594993, 0.5174699667387663, 0.5552350280026138, 0.5175997856754982, 0.49929523040306245, 0.5071132918050203, 0.4894345988580506, 0.473678141298662, 0.47361886682798754, 0.4727151421404579, 0.4606853950921462, 0.4666304071770675, 0.4698028029559865, 0.47363915531820666, 0.48370287847006554, 0.4848208315889451, 0.4666988724851426, 0.4691655253411479, 0.4652964201809529, 0.4706091270458142, 0.4712344072557729, 0.4762834987469636, 0.48783285832451784, 0.4900589639683778, 0.4832420314019229, 0.48431499252285964, 0.48714355803909476, 0.4881413610765348, 0.4873329851450542, 0.48652919956101465, 0.4863668830317655, 0.48641930428040714, 0.48645913538711943], ""epochs"": 60, ""lr"": 0.0005, ""layer_decay"": 0.9, ""weight_decay"": 0.05, ""label_smoothing"": 0.1, ""finetune_batch_size"": 16, ""steps_per_epoch"": 10, ""total_steps"": 600, ""warmup_steps"": 60, ""freeze_blocks"": 0, ""n_frozen_tensors"": 0, ""n_frozen_modules_in_eval"": 0, ""head_warmup_epochs"": 0, ""n_trainable_parameters"": 5023002, ""model"": ""cbramod"", ""builder"": ""CBraMod"", ""checkpoint"": ""braindecode/cbramod-pretrained"", ""pretrained"": true, ""n_parameters"": 5023202, ""n_times"": 800, ""n_chans"": 62, ""amplitude_divisor"": 100.0}"
lee2019_mi,Lee2019_MI,39,2,cbramod_finetune_sel,cbramod_finetune,0.725,0.32701034980125177,0.15009803471991692,0.4820726063724502,0.615,0.4833172660435825,0.13967064411802924,0.687902800281517,0.5616932226386543,0.21371811353451317,0.5,0.5,2.1154208183288574,False,4,4.0,A0xT_validation,False,"{""adaptation"": ""finetune_end_to_end"", ""selected_epoch"": 4, ""selection_Brier_at_selected_epoch"": 0.36787698650607875, ""val_brier_curve"": [0.5007242578374393, 0.44646081758867906, 0.48417868264622843, 0.45753836848116053, 0.36787698650607875, 0.4132145076847573, 0.4875568524696958, 0.4736601031684896, 0.4636572937994531, 0.43305474086042944, 0.4379514225766109, 0.43103229720703107, 0.48253118364444714, 0.44683954021227523, 0.4189243266998444, 0.38615954558137316, 0.4202953650755557, 0.4603029744367458, 0.42670684575667456, 0.39194426471763, 0.42701251501993764, 0.4597539390500759, 0.42413350050235843, 0.410102336667962, 0.4440250575963372, 0.4303590384553206, 0.40351954036043375, 0.4110407841761451, 0.4247816683275788, 0.4406716935182654, 0.41552663348353513, 0.4227171267392511, 0.41339679650397965, 0.40291383192156377, 0.41517806162996995, 0.41416151389174455, 0.42461517080156563, 0.4133556487641763, 0.40783017087596435, 0.42268338865165556, 0.419913956453018, 0.41245020669020976, 0.41281914348556087, 0.41013299415757054, 0.4133748301429997, 0.4150073805427266, 0.4176706061658648, 0.4167535762431598, 0.4176667525455445, 0.4154835092960719, 0.41429697689631845, 0.4154583481321271, 0.4165234719877325, 0.4161716260083594, 0.41408580646665794, 0.4126500727957362, 0.4123287628281666, 0.4122856350128991, 0.41222879281020547, 0.412207300711635], ""epochs"": 60, ""lr"": 0.0005, ""layer_decay"": 0.9, ""weight_decay"": 0.05, ""label_smoothing"": 0.1, ""finetune_batch_size"": 16, ""steps_per_epoch"": 10, ""total_steps"": 600, ""warmup_steps"": 60, ""freeze_blocks"": 0, ""n_frozen_tensors"": 0, ""n_frozen_modules_in_eval"": 0, ""head_warmup_epochs"": 0, ""n_trainable_parameters"": 5023002, ""model"": ""cbramod"", ""builder"": ""CBraMod"", ""checkpoint"": ""braindecode/cbramod-pretrained"", ""pretrained"": true, ""n_parameters"": 5023202, ""n_times"": 800, ""n_chans"": 62, ""amplitude_divisor"": 100.0}"
lee2019_mi,Lee2019_MI,40,2,cbramod_finetune_sel,cbramod_finetune,0.725,0.40130024539966447,0.23110139441958463,0.5890049500736216,0.745,0.357155085865365,0.0990346793270765,0.5359705977703605,0.34976234357390845,0.08422540237872311,0.5,0.5,1.2733697891235352,False,4,4.0,A0xT_validation,False,"{""adaptation"": ""finetune_end_to_end"", ""selected_epoch"": 3, ""selection_Brier_at_selected_epoch"": 0.4030352319703063, ""val_brier_curve"": [0.5009703736848631, 0.4465916026312643, 0.41549864446326223, 0.4030352319703063, 0.45400845121046374, 0.44051310221830153, 0.522305835417443, 0.427819156548933, 0.4385592375868964, 0.4438175816521525, 0.4288432958841761, 0.5610081975968845, 0.5215994188662486, 0.4607699571809499, 0.5732404249226355, 0.48941930908379216, 0.4846410860176144, 0.43561575572053296, 0.4986977470310198, 0.5215647264693836, 0.4820843748211888, 0.49816700980982526, 0.46603305151150043, 0.4913481713626847, 0.46178634857246, 0.4872992707327305, 0.45452313834351654, 0.5347602353927785, 0.475873615641754, 0.49112416948103216, 0.514230501010722, 0.4854346567385724, 0.5054684736089521, 0.491774520857612, 0.4927244837348967, 0.5116974865487915, 0.5067856837411819, 0.5192194023493949, 0.5125234970177113, 0.5034423681480836, 0.5158479805566832, 0.518976630119284, 0.5255417938805378, 0.5101141525161699, 0.4970416398642906, 0.5009871902443335, 0.504923550735055, 0.49495059742834807, 0.49277235360746163, 0.4938739980719631, 0.49923852283479403, 0.5019821875431176, 0.5052505758747203, 0.5048658249649207, 0.504048918620911, 0.5027357524852427, 0.5026319054922019, 0.502785214366936, 0.5026237744716806, 0.5025949053540805], ""epochs"": 60, ""lr"": 0.0005, ""layer_decay"": 0.9, ""weight_decay"": 0.05, ""label_smoothing"": 0.1, ""finetune_batch_size"": 16, ""steps_per_epoch"": 10, ""total_steps"": 600, ""warmup_steps"": 60, ""freeze_blocks"": 0, ""n_frozen_tensors"": 0, ""n_frozen_modules_in_eval"": 0, ""head_warmup_epochs"": 0, ""n_trainable_parameters"": 5023002, ""model"": ""cbramod"", ""builder"": ""CBraMod"", ""checkpoint"": ""braindecode/cbramod-pretrained"", ""pretrained"": true, ""n_parameters"": 5023202, ""n_times"": 800, ""n_chans"": 62, ""amplitude_divisor"": 100.0}"
lee2019_mi,Lee2019_MI,41,2,cbramod_finetune_sel,cbramod_finetune,0.45,0.5001317195415357,0.20022032575220758,0.6932789007841315,0.56,0.49963198239625717,0.1441745773145943,0.6927791616486629,0.49382722482961816,0.13092616880013808,0.5,0.5,20.0,True,4,4.0,A0xT_validation,False,"{""adaptation"": ""finetune_end_to_end"", ""selected_epoch"": 1, ""selection_Brier_at_selected_epoch"": 0.5033430181463643, ""val_brier_curve"": [0.5044233225061667, 0.5033430181463643, 0.5087427139952053, 0.5159202275761551, 0.6299292847658803, 0.576927372797045, 0.8189605376463597, 0.6783938268911311, 0.6897142247334793, 0.6900898508706873, 0.6983808260567959, 0.7466220482525248, 0.6680450102240718, 0.6460211256849057, 0.6953161924325111, 0.6531606462480577, 0.6253668367238998, 0.6033348987548723, 0.5562290215035576, 0.5692624103481831, 0.6100741151472888, 0.6405380900367608, 0.5918351685796222, 0.5711254502994298, 0.6157587448029428, 0.6484877436264107, 0.6371328833412953, 0.5775998672522847, 0.5788898723758136, 0.6082581644541072, 0.6135631141748282, 0.5953516692449201, 0.5848585233470701, 0.5717824008705217, 0.5752043003312606, 0.6043575096081921, 0.5702241411495456, 0.5915914937689759, 0.6082826068095935, 0.6064676578857493, 0.586160873832141, 0.5912761913874227, 0.5907933880960886, 0.5801719938201615, 0.5942163926845676, 0.5846854067693181, 0.5865820210601079, 0.5936594148752252, 0.5918925442375264, 0.5864140598823673, 0.5828518133815097, 0.5774735324698942, 0.5794010800563955, 0.5814654204508868, 0.5822939294254593, 0.5825570531398336, 0.5816642202734889, 0.5815887904718496, 0.5813930101337015, 0.5813708277866809], ""epochs"": 60, ""lr"": 0.0005, ""layer_decay"": 0.9, ""weight_decay"": 0.05, ""label_smoothing"": 0.1, ""finetune_batch_size"": 16, ""steps_per_epoch"": 10, ""total_steps"": 600, ""warmup_steps"": 60, ""freeze_blocks"": 0, ""n_frozen_tensors"": 0, ""n_frozen_modules_in_eval"": 0, ""head_warmup_epochs"": 0, ""n_trainable_parameters"": 5023002, ""model"": ""cbramod"", ""builder"": ""CBraMod"", ""checkpoint"": ""braindecode/cbramod-pretrained"", ""pretrained"": true, ""n_parameters"": 5023202, ""n_times"": 800, ""n_chans"": 62, ""amplitude_divisor"": 100.0}"
lee2019_mi,Lee2019_MI,42,2,cbramod_finetune_sel,cbramod_finetune,0.55,0.4919990956746133,0.214627506312847,0.6853112747858319,0.595,0.4730704742614185,0.0998312455318503,0.6658103456935731,0.46872982744842945,0.08980979336008724,0.5,0.5,1.3536112308502197,False,4,4.0,A0xT_validation,False,"{""adaptation"": ""finetune_end_to_end"", ""selected_epoch"": 1, ""selection_Brier_at_selected_epoch"": 0.49260923466594875, ""val_brier_curve"": [0.4968869582694995, 0.49260923466594875, 0.6085338396488442, 0.5728627146458107, 0.5430978331262701, 0.5815664889282626, 0.698960471144254, 0.6245695460283297, 0.6197464935699992, 0.6363141383259291, 0.6047164626529433, 0.6007529537321464, 0.5406566261668602, 0.5833326155934901, 0.6000379029873487, 0.6717344553739648, 0.6309213243190557, 0.5919410628863485, 0.5859826930399622, 0.5863262354315758, 0.6378261445183108, 0.5955107685516895, 0.6042858655022632, 0.5948419340335824, 0.6298927918456559, 0.6033630160713501, 0.6187383725320903, 0.5774207677922522, 0.5952117404138982, 0.6023046491830745, 0.5983805426243911, 0.565726721126543, 0.589760723683621, 0.5970137370344235, 0.5618570275768677, 0.5657256972894459, 0.5762695909383054, 0.578185370246205, 0.5757137343534735, 0.579100031343773, 0.5959363516144366, 0.5643621299934664, 0.5788144141644921, 0.5823001327845625, 0.5789229982726148, 0.5842626106947556, 0.5826347946051139, 0.5749177414596351, 0.5774670085500204, 0.5818506046056151, 0.5814208924140485, 0.5799747834154211, 0.5808040014914069, 0.58059223992584, 0.5791450526467539, 0.5792623269682531, 0.5788812512983791, 0.5788072184989987, 0.5786777751464032, 0.5786819026220795], ""epochs"": 60, ""lr"": 0.0005, ""layer_decay"": 0.9, ""weight_decay"": 0.05, ""label_smoothing"": 0.1, ""finetune_batch_size"": 16, ""steps_per_epoch"": 10, ""total_steps"": 600, ""warmup_steps"": 60, ""freeze_blocks"": 0, ""n_frozen_tensors"": 0, ""n_frozen_modules_in_eval"": 0, ""head_warmup_epochs"": 0, ""n_trainable_parameters"": 5023002, ""model"": ""cbramod"", ""builder"": ""CBraMod"", ""checkpoint"": ""braindecode/cbramod-pretrained"", ""pretrained"": true, ""n_parameters"": 5023202, ""n_times"": 800, ""n_chans"": 62, ""amplitude_divisor"": 100.0}"
lee2019_mi,Lee2019_MI,43,2,cbramod_finetune_sel,cbramod_finetune,0.825,0.29599943001819273,0.18845958488604508,0.45518878850864686,0.765,0.31108600531458636,0.09920147283153144,0.4770335420261175,0.31560475258539705,0.10287551217009433,0.5,0.5,1.20335054397583,False,4,4.0,A0xT_validation,False,"{""adaptation"": ""finetune_end_to_end"", ""selected_epoch"": 28, ""selection_Brier_at_selected_epoch"": 0.29681142394034266, ""val_brier_curve"": [0.5016204691968009, 0.48105028995060933, 0.4897666781351105, 0.3725350098933816, 0.5436671834272019, 0.40369796930332624, 0.39883906002694014, 0.40928924537198147, 0.3801430794327641, 0.30388018780717585, 0.41507468133326053, 0.3100716622171028, 0.34946900700838884, 0.3504229128713491, 0.30631351354906666, 0.3629407739152364, 0.3611853543823269, 0.37801321597864385, 0.4069121456002988, 0.3497787110255409, 0.3393149810966264, 0.3047392725790248, 0.31904163026942267, 0.32393899014412203, 0.33881264059777905, 0.34675704438043214, 0.36029673964835507, 0.32888607501704376, 0.29681142394034266, 0.31508064843809036, 0.31463035460556105, 0.3261316774908659, 0.3166901312581074, 0.31581493236479397, 0.3293660372860517, 0.33376112609720715, 0.3450673328030868, 0.33949952765718383, 0.32739858761652185, 0.3344186052068518, 0.34238913389412, 0.3314092711000392, 0.3337258934588733, 0.32710319735086973, 0.3274989224743538, 0.3261030818305221, 0.3274519997380948, 0.3290829372983408, 0.3309851319616018, 0.33041089147665714, 0.3313842327982618, 0.33460563961564105, 0.3347308564336964, 0.33422953784178583, 0.33348496604629785, 0.33293262130351353, 0.33271412898870273, 0.3326174615996891, 0.33263518798168923, 0.3326417215730295], ""epochs"": 60, ""lr"": 0.0005, ""layer_decay"": 0.9, ""weight_decay"": 0.05, ""label_smoothing"": 0.1, ""finetune_batch_size"": 16, ""steps_per_epoch"": 10, ""total_steps"": 600, ""warmup_steps"": 60, ""freeze_blocks"": 0, ""n_frozen_tensors"": 0, ""n_frozen_modules_in_eval"": 0, ""head_warmup_epochs"": 0, ""n_trainable_parameters"": 5023002, ""model"": ""cbramod"", ""builder"": ""CBraMod"", ""checkpoint"": ""braindecode/cbramod-pretrained"", ""pretrained"": true, ""n_parameters"": 5023202, ""n_times"": 800, ""n_chans"": 62, ""amplitude_divisor"": 100.0}"
lee2019_mi,Lee2019_MI,44,2,cbramod_finetune_sel,cbramod_finetune,0.75,0.28899658795706856,0.16216934958781135,0.43850014674960525,0.81,0.2613972413580359,0.07821999349487378,0.4091893790075558,0.2598298939682635,0.08031043755357699,0.5,0.5,1.3115527629852295,False,4,4.0,A0xT_validation,False,"{""adaptation"": ""finetune_end_to_end"", ""selected_epoch"": 14, ""selection_Brier_at_selected_epoch"": 0.2952371426747959, ""val_brier_curve"": [0.4954278268001344, 0.48955641299496994, 0.4800675061384846, 0.42371767990249526, 0.4955564924283422, 0.38495868351182344, 0.3188357268020564, 0.44122624379400416, 0.4012573261862795, 0.37199805785640205, 0.34789800967436657, 0.35839188143429607, 0.36794707438376467, 0.30786276734053847, 0.2952371426747959, 0.37206345168391675, 0.3573758588327872, 0.33670647366252593, 0.3287674972238633, 0.35729025481437393, 0.35895414117049385, 0.34574891707314653, 0.3864317918372199, 0.377348525944912, 0.34989080941232287, 0.36487153860340904, 0.4089649615036741, 0.36994839675400015, 0.33717297661829393, 0.3619898283604096, 0.3685558409924898, 0.37431309058431933, 0.3867227192735908, 0.3896488472738099, 0.38745146075902576, 0.38190397235601947, 0.38173808365916895, 0.3713736466987755, 0.3664344970109573, 0.3675617767760233, 0.38840833037504063, 0.39769364267946844, 0.38833465765199815, 0.3935868686772324, 0.39088406965332917, 0.39208120004387254, 0.3896345242923543, 0.38772900575948854, 0.3845812347422427, 0.39028868599992844, 0.39440859058092015, 0.3927568245215749, 0.3939674926239571, 0.3937364654218496, 0.3934723111359478, 0.393423484315172, 0.39289700423880136, 0.3927967031188805, 0.39296617504591935, 0.3930080983048384], ""epochs"": 60, ""lr"": 0.0005, ""layer_decay"": 0.9, ""weight_decay"": 0.05, ""label_smoothing"": 0.1, ""finetune_batch_size"": 16, ""steps_per_epoch"": 10, ""total_steps"": 600, ""warmup_steps"": 60, ""freeze_blocks"": 0, ""n_frozen_tensors"": 0, ""n_frozen_modules_in_eval"": 0, ""head_warmup_epochs"": 0, ""n_trainable_parameters"": 5023002, ""model"": ""cbramod"", ""builder"": ""CBraMod"", ""checkpoint"": ""braindecode/cbramod-pretrained"", ""pretrained"": true, ""n_parameters"": 5023202, ""n_times"": 800, ""n_chans"": 62, ""amplitude_divisor"": 100.0}"
lee2019_mi,Lee2019_MI,45,2,cbramod_finetune_sel,cbramod_finetune,0.65,0.42277336083853073,0.22886779426658002,0.611587047108762,0.58,0.48402197123007457,0.12784871626822697,0.6816461737947301,0.516355688112369,0.17290872256676437,0.5,0.5,1.5633641481399536,False,4,4.0,A0xT_validation,False,"{""adaptation"": ""finetune_end_to_end"", ""selected_epoch"": 4, ""selection_Brier_at_selected_epoch"": 0.4344740089964267, ""val_brier_curve"": [0.4956746001450062, 0.4959264612835238, 0.47680730461030885, 0.512182362420438, 0.4344740089964267, 0.5142411441517087, 0.5021468646207736, 0.4855279683911172, 0.4883997315466634, 0.5413356375635976, 0.5041912680987672, 0.4604628958661682, 0.5048976932753831, 0.6145864959096439, 0.5948062432267529, 0.5966299201828635, 0.4605404487294761, 0.5012859793750162, 0.4946935160640026, 0.4703165703909729, 0.4837766441773681, 0.4709846655987405, 0.5015868600020983, 0.4809609720143671, 0.4652661359501117, 0.5043613241952786, 0.4842181668656892, 0.49381877357093895, 0.4800539097132825, 0.4747471901511943, 0.4706669146211909, 0.4819893131954059, 0.49788479673505426, 0.46758701905571326, 0.4654921354765588, 0.4868637552944824, 0.4784936811296472, 0.45242654222743733, 0.46401937080092426, 0.45632358043143073, 0.45222612332580303, 0.438616444859347, 0.44015089267156393, 0.44823494242009404, 0.4549518430330884, 0.4444273944605136, 0.4457264201954951, 0.44628785557116285, 0.44897874058456166, 0.44989151371781827, 0.4490133807167146, 0.4507008681609165, 0.4517299732003037, 0.4513971772232447, 0.4527014200712084, 0.4537447219248431, 0.45368612485000537, 0.4533661738901372, 0.45329765522795223, 0.45328886801145296], ""epochs"": 60, ""lr"": 0.0005, ""layer_decay"": 0.9, ""weight_decay"": 0.05, ""label_smoothing"": 0.1, ""finetune_batch_size"": 16, ""steps_per_epoch"": 10, ""total_steps"": 600, ""warmup_steps"": 60, ""freeze_blocks"": 0, ""n_frozen_tensors"": 0, ""n_frozen_modules_in_eval"": 0, ""head_warmup_epochs"": 0, ""n_trainable_parameters"": 5023002, ""model"": ""cbramod"", ""builder"": ""CBraMod"", ""checkpoint"": ""braindecode/cbramod-pretrained"", ""pretrained"": true, ""n_parameters"": 5023202, ""n_times"": 800, ""n_chans"": 62, ""amplitude_divisor"": 100.0}"
lee2019_mi,Lee2019_MI,46,2,cbramod_finetune_sel,cbramod_finetune,0.8,0.2707031547246196,0.13588109586336627,0.4135785432213267,0.695,0.41251432753830886,0.15108271367333004,0.616247444769175,0.42292316247602324,0.1610174692095611,0.5,0.5,1.1211936473846436,False,4,4.0,A0xT_validation,False,"{""adaptation"": ""finetune_end_to_end"", ""selected_epoch"": 13, ""selection_Brier_at_selected_epoch"": 0.2711890997988182, ""val_brier_curve"": [0.49321814720026735, 0.4431772135467672, 0.5184793855267997, 0.41756337479446143, 0.35898808803372956, 0.3565460955832728, 0.33036663345875616, 0.2934070809162804, 0.3332923455047432, 0.3623187054983962, 0.32938174637809053, 0.31011824178723585, 0.33021665278912254, 0.2711890997988182, 0.3554229315069903, 0.32753897873894594, 0.3337251433163983, 0.3826783485780239, 0.3636932435094633, 0.4251560282840914, 0.3480665641296114, 0.3545009068767594, 0.34902427236762135, 0.35352578273035334, 0.301458212708485, 0.30447362092077956, 0.320114539545759, 0.3155935276586717, 0.34438994038073945, 0.3311213673970167, 0.3519028917206938, 0.34853040583863715, 0.3590026812496655, 0.35269811228517417, 0.3412230877184611, 0.34502672630200115, 0.3487287737763034, 0.3397392492599626, 0.3447814453346053, 0.3339267253911213, 0.33480984360065846, 0.3251421630141832, 0.32147517387542746, 0.32096742909223414, 0.32400791515704264, 0.3251124539247659, 0.3376175622820365, 0.3430881770081736, 0.33322201625355174, 0.3304394020720723, 0.3297950130104367, 0.3321155786659617, 0.3309381550306264, 0.33026718277652234, 0.3288294020144722, 0.32749498796417464, 0.32693636301407475, 0.32641062552730327, 0.3262794885496125, 0.32628721155872586], ""epochs"": 60, ""lr"": 0.0005, ""layer_decay"": 0.9, ""weight_decay"": 0.05, ""label_smoothing"": 0.1, ""finetune_batch_size"": 16, ""steps_per_epoch"": 10, ""total_steps"": 600, ""warmup_steps"": 60, ""freeze_blocks"": 0, ""n_frozen_tensors"": 0, ""n_frozen_modules_in_eval"": 0, ""head_warmup_epochs"": 0, ""n_trainable_parameters"": 5023002, ""model"": ""cbramod"", ""builder"": ""CBraMod"", ""checkpoint"": ""braindecode/cbramod-pretrained"", ""pretrained"": true, ""n_parameters"": 5023202, ""n_times"": 800, ""n_chans"": 62, ""amplitude_divisor"": 100.0}"
lee2019_mi,Lee2019_MI,47,2,cbramod_finetune_sel,cbramod_finetune,0.8,0.2519410315028764,0.14784088867899203,0.3885081345409872,0.83,0.2338057061689252,0.08784924616624658,0.36995103913057314,0.2292455444295839,0.07504783706636468,0.5,0.5,1.1551381349563599,False,4,4.0,A0xT_validation,False,"{""adaptation"": ""finetune_end_to_end"", ""selected_epoch"": 2, ""selection_Brier_at_selected_epoch"": 0.2507574761265242, ""val_brier_curve"": [0.4944889769780504, 0.425881781212451, 0.2507574761265242, 0.3550838870384109, 0.2548844570683609, 0.5595288968344276, 0.28715909256690936, 0.30578190161925045, 0.3015641152339639, 0.3092846079879411, 0.30426431994659825, 0.2793327338907023, 0.32267303125554586, 0.3344956844161439, 0.290886961261096, 0.3039812578192927, 0.3509722850419363, 0.3272103531540833, 0.33178271968025874, 0.3260949989122299, 0.4005093794962307, 0.33885968151954776, 0.3379764090734002, 0.39203759147821654, 0.33988289285194206, 0.31086080676623634, 0.34849381121113965, 0.3014441302246938, 0.3236635948512293, 0.3356595549940332, 0.32221256533002895, 0.31188656875805687, 0.2923122211995016, 0.29355600259374653, 0.3121584468156067, 0.3286121006027659, 0.2942419093696079, 0.3170820470825849, 0.315618906708454, 0.2991641601069479, 0.31272836173390045, 0.30822022581604347, 0.30905399540038625, 0.29958065081070134, 0.3101759720087241, 0.3149446055380608, 0.31126137308837387, 0.3120423069359054, 0.31635774418806717, 0.3149015191067096, 0.31051531633032814, 0.31299460324050504, 0.3159229757368127, 0.3162696313861518, 0.31370987048979737, 0.3120038669984723, 0.31118125455656265, 0.3113093319509046, 0.3113537598077726, 0.31134703726105706], ""epochs"": 60, ""lr"": 0.0005, ""layer_decay"": 0.9, ""weight_decay"": 0.05, ""label_smoothing"": 0.1, ""finetune_batch_size"": 16, ""steps_per_epoch"": 10, ""total_steps"": 600, ""warmup_steps"": 60, ""freeze_blocks"": 0, ""n_frozen_tensors"": 0, ""n_frozen_modules_in_eval"": 0, ""head_warmup_epochs"": 0, ""n_trainable_parameters"": 5023002, ""model"": ""cbramod"", ""builder"": ""CBraMod"", ""checkpoint"": ""braindecode/cbramod-pretrained"", ""pretrained"": true, ""n_parameters"": 5023202, ""n_times"": 800, ""n_chans"": 62, ""amplitude_divisor"": 100.0}"
lee2019_mi,Lee2019_MI,48,2,cbramod_finetune_sel,cbramod_finetune,0.85,0.17305353420710043,0.0893053513989064,0.2580694745078381,0.73,0.3698626490736806,0.12794228717497938,0.5682291085400625,0.3372332161574589,0.074165195133162,0.5,0.5,0.6115217804908752,False,4,4.0,A0xT_validation,False,"{""adaptation"": ""finetune_end_to_end"", ""selected_epoch"": 16, ""selection_Brier_at_selected_epoch"": 0.17649370059297703, ""val_brier_curve"": [0.49012140720418884, 0.2569853271187815, 0.3707649920018669, 0.23571308460160054, 0.2040001478262667, 0.23732552404903728, 0.2300706294960254, 0.22435386162566912, 0.24154087144819658, 0.20365292478473523, 0.3009453884377252, 0.2327986566516736, 0.23295046624955945, 0.23366450408914136, 0.26397333138110635, 0.1835196537014567, 0.17649370059297703, 0.23321279059328384, 0.23318465154312476, 0.2644871659540108, 0.23277210401315243, 0.22598732940545735, 0.25419552725071165, 0.2178569692713575, 0.2089350173005414, 0.2121171113944899, 0.23866015446176717, 0.2538803574201635, 0.20373954871615857, 0.20134876693778403, 0.2106720254034081, 0.207161661167598, 0.208998783658806, 0.23388311669785086, 0.2261043082775132, 0.207902934970916, 0.23090695020419613, 0.2331455174702147, 0.22660703251101735, 0.22724216147526421, 0.23705162026207108, 0.22753022424591154, 0.2247172671878183, 0.22343993701288092, 0.22249548533639776, 0.22100341346475932, 0.22442415750281083, 0.2201321596098626, 0.22223449411534452, 0.2240582884942007, 0.2227771296899328, 0.2193073531506094, 0.21829352789771508, 0.21962128098603015, 0.22122512399275637, 0.22221732696325042, 0.22186269514449997, 0.22150969452220207, 0.22137836101712854, 0.22136243953650753], ""epochs"": 60, ""lr"": 0.0005, ""layer_decay"": 0.9, ""weight_decay"": 0.05, ""label_smoothing"": 0.1, ""finetune_batch_size"": 16, ""steps_per_epoch"": 10, ""total_steps"": 600, ""warmup_steps"": 60, ""freeze_blocks"": 0, ""n_frozen_tensors"": 0, ""n_frozen_modules_in_eval"": 0, ""head_warmup_epochs"": 0, ""n_trainable_parameters"": 5023002, ""model"": ""cbramod"", ""builder"": ""CBraMod"", ""checkpoint"": ""braindecode/cbramod-pretrained"", ""pretrained"": true, ""n_parameters"": 5023202, ""n_times"": 800, ""n_chans"": 62, ""amplitude_divisor"": 100.0}"
lee2019_mi,Lee2019_MI,49,2,cbramod_finetune_sel,cbramod_finetune,0.675,0.4207117885203651,0.23965804141267136,0.6105966874752857,0.705,0.37105205776307754,0.13177860703118408,0.5494421367833295,0.37389267558566963,0.11288051044069917,0.5,0.5,1.7353034019470215,False,4,4.0,A0xT_validation,False,"{""adaptation"": ""finetune_end_to_end"", ""selected_epoch"": 26, ""selection_Brier_at_selected_epoch"": 0.43343094619947997, ""val_brier_curve"": [0.4978564235234845, 0.4923089636126292, 0.4892394119556921, 0.4689436165799671, 0.5806095302349752, 0.6386298585607187, 0.5228934072323472, 0.5779116845543796, 0.5468779043696037, 0.4376489735112026, 0.4370850050241355, 0.5052469035069675, 0.5698197846945076, 0.48924176061030716, 0.5127092837233435, 0.534437380655884, 0.509757834742927, 0.5223070487295514, 0.4873948987756524, 0.5003183900451196, 0.4835428732384422, 0.471560833186787, 0.48070718024290215, 0.4820363092739243, 0.4917765494248639, 0.45784385614464773, 0.43343094619947997, 0.4592930301357427, 0.49439450865441026, 0.47711448681753543, 0.48245826911166195, 0.4939329586485025, 0.5004280681074953, 0.4968470638858606, 0.47806024055318214, 0.47695485766869616, 0.4820278948464868, 0.48580162054742126, 0.481312975949011, 0.4852780117610228, 0.4899630713508724, 0.4816489857229236, 0.48167334662639993, 0.4839441730089685, 0.48880512466375875, 0.4885920553101748, 0.4841622942837625, 0.48320804936595146, 0.48208178318568623, 0.4822810635596208, 0.48352335340433983, 0.4845603506861174, 0.4859596787284456, 0.48345507192808, 0.4832102378679332, 0.48312724412666075, 0.4833394367955962, 0.48334175402595364, 0.48335752717790115, 0.4833561344822058], ""epochs"": 60, ""lr"": 0.0005, ""layer_decay"": 0.9, ""weight_decay"": 0.05, ""label_smoothing"": 0.1, ""finetune_batch_size"": 16, ""steps_per_epoch"": 10, ""total_steps"": 600, ""warmup_steps"": 60, ""freeze_blocks"": 0, ""n_frozen_tensors"": 0, ""n_frozen_modules_in_eval"": 0, ""head_warmup_epochs"": 0, ""n_trainable_parameters"": 5023002, ""model"": ""cbramod"", ""builder"": ""CBraMod"", ""checkpoint"": ""braindecode/cbramod-pretrained"", ""pretrained"": true, ""n_parameters"": 5023202, ""n_times"": 800, ""n_chans"": 62, ""amplitude_divisor"": 100.0}"
lee2019_mi,Lee2019_MI,50,2,cbramod_finetune_sel,cbramod_finetune,0.425,0.5002868871344681,0.3002599547565015,0.6934340682949894,0.485,0.5000764604808322,0.1151178828318095,0.6932236414306314,0.5019884353124315,0.1173532986988035,0.5,0.5,20.0,True,4,4.0,A0xT_validation,False,"{""adaptation"": ""finetune_end_to_end"", ""selected_epoch"": 0, ""selection_Brier_at_selected_epoch"": 0.5060676149115408, ""val_brier_curve"": [0.5060676149115408, 0.5097533350073756, 0.5277569344130024, 0.6297760766028999, 0.780265684500014, 0.7424626755528492, 0.7707278219599638, 0.8857601643568067, 0.7888466723019393, 0.8926387713300091, 0.7918429460732105, 0.8322417074721672, 0.8044561307748073, 0.7823969245185403, 0.7953932055307675, 0.8346340097294659, 0.9305302248542444, 0.8138071467976173, 0.8241241961002735, 0.8495474763310241, 0.8802335396285752, 0.8445260485440151, 0.7837275026341008, 0.8362728346672419, 0.7871878655367472, 0.8187735566892285, 0.8185058309517984, 0.8331269525119256, 0.7694551715391965, 0.8278246490568091, 0.8019268589568952, 0.8105496374248945, 0.828425653755979, 0.8341277037019499, 0.7996979799828243, 0.8231763331680646, 0.802466730102015, 0.798001483865098, 0.8277557967112076, 0.8355815712813188, 0.8314372082538259, 0.8233197965805017, 0.8262456888506649, 0.8085633616399083, 0.8089048325599162, 0.8221652916636002, 0.8201190306463163, 0.8162678531592606, 0.8194306671581975, 0.8217273797401512, 0.8152411893207638, 0.818264363951784, 0.8189020188693039, 0.817858041754379, 0.8182825193596758, 0.8189134384474919, 0.8188452534038255, 0.8184620296414403, 0.8182364986350763, 0.8182184968856582], ""epochs"": 60, ""lr"": 0.0005, ""layer_decay"": 0.9, ""weight_decay"": 0.05, ""label_smoothing"": 0.1, ""finetune_batch_size"": 16, ""steps_per_epoch"": 10, ""total_steps"": 600, ""warmup_steps"": 60, ""freeze_blocks"": 0, ""n_frozen_tensors"": 0, ""n_frozen_modules_in_eval"": 0, ""head_warmup_epochs"": 0, ""n_trainable_parameters"": 5023002, ""model"": ""cbramod"", ""builder"": ""CBraMod"", ""checkpoint"": ""braindecode/cbramod-pretrained"", ""pretrained"": true, ""n_parameters"": 5023202, ""n_times"": 800, ""n_chans"": 62, ""amplitude_divisor"": 100.0}"
lee2019_mi,Lee2019_MI,51,2,cbramod_finetune_sel,cbramod_finetune,0.725,0.3802873483387382,0.24608005021417215,0.5545074862150832,0.52,0.6141636842694517,0.24545214113628291,0.87212251689712,0.6539158786086177,0.27757429062026484,0.5,0.5,1.252670168876648,False,4,4.0,A0xT_validation,False,"{""adaptation"": ""finetune_end_to_end"", ""selected_epoch"": 5, ""selection_Brier_at_selected_epoch"": 0.3860750895879325, ""val_brier_curve"": [0.5023284790755819, 0.495023384483315, 0.4809359503281154, 0.5138697909840527, 0.5033926340200884, 0.3860750895879325, 0.48892555854159225, 0.41640287526406433, 0.5289304348523233, 0.47578254625484007, 0.45242452681127504, 0.5019850971194174, 0.5330310578007457, 0.480212019880527, 0.5119083741696897, 0.4829227779574447, 0.5133607991005079, 0.6132955347099157, 0.5349635345220415, 0.47619396189727003, 0.4502005198526044, 0.5600735768702041, 0.5669377912203483, 0.5163533800387163, 0.5121965961030357, 0.5209137459966218, 0.5140154642724256, 0.5093592743926992, 0.5146744321937746, 0.49195734004139435, 0.49524691380417013, 0.5101149047766935, 0.5169634463410068, 0.47872573120552414, 0.4777171388624611, 0.47888705711192897, 0.48143029753498795, 0.48836602565670273, 0.49346464468557344, 0.49814670594326926, 0.48235421520299593, 0.4861854899213659, 0.4897787925778827, 0.4914285082949913, 0.49770810467902604, 0.5075110123620064, 0.5076321476715002, 0.5071133373700506, 0.5019357664002512, 0.48926319273232177, 0.4882295831241626, 0.4917582693328576, 0.48970005707280617, 0.487232524306782, 0.48748162282331464, 0.4881613108408095, 0.4882349406207678, 0.48842124700441153, 0.48854712102798736, 0.4885811284864182], ""epochs"": 60, ""lr"": 0.0005, ""layer_decay"": 0.9, ""weight_decay"": 0.05, ""label_smoothing"": 0.1, ""finetune_batch_size"": 16, ""steps_per_epoch"": 10, ""total_steps"": 600, ""warmup_steps"": 60, ""freeze_blocks"": 0, ""n_frozen_tensors"": 0, ""n_frozen_modules_in_eval"": 0, ""head_warmup_epochs"": 0, ""n_trainable_parameters"": 5023002, ""model"": ""cbramod"", ""builder"": ""CBraMod"", ""checkpoint"": ""braindecode/cbramod-pretrained"", ""pretrained"": true, ""n_parameters"": 5023202, ""n_times"": 800, ""n_chans"": 62, ""amplitude_divisor"": 100.0}"
lee2019_mi,Lee2019_MI,52,2,cbramod_finetune_sel,cbramod_finetune,0.8,0.29343672319505737,0.20190567079708532,0.47186850625873955,0.685,0.3984126303080751,0.1083012884691383,0.5843992193728484,0.43655979156073343,0.15908307521227644,0.5,0.5,1.6705076694488525,False,4,4.0,A0xT_validation,False,"{""adaptation"": ""finetune_end_to_end"", ""selected_epoch"": 6, ""selection_Brier_at_selected_epoch"": 0.2865679215486473, ""val_brier_curve"": [0.49638993454411634, 0.44107332986753517, 0.43819400813085563, 0.41447351156734624, 0.32203373546032754, 0.3558758485485086, 0.2865679215486473, 0.35580955684091825, 0.3656172439291259, 0.41929800488182345, 0.37309051162999174, 0.3628802536744959, 0.3474226561446123, 0.3585237570345306, 0.39281088881677456, 0.3354272389523872, 0.39166351427305546, 0.3356211855047553, 0.3433874497813677, 0.3342373500426079, 0.35765020297804706, 0.34810399175256623, 0.3098877393612011, 0.3511710274797384, 0.36724734221020394, 0.3785627392523326, 0.3580483586658551, 0.3592993428356441, 0.36198248501922115, 0.3681548779659347, 0.3605037270947715, 0.3587868545017449, 0.34530449461438706, 0.3568986424471492, 0.3460491958120584, 0.3477455749759465, 0.34456978531079907, 0.3499338861775412, 0.3534053002200287, 0.3534007143516429, 0.3511641927978137, 0.3504632321214669, 0.35224362812619026, 0.35675552375527875, 0.350670876028869, 0.34758674372257714, 0.3468441234765166, 0.3508050112532886, 0.35476196040445424, 0.3548374682541019, 0.35491458314766805, 0.3547860837204965, 0.3551117593002494, 0.3551792431004635, 0.35526105556000054, 0.35547250968839506, 0.35555108713411193, 0.3555559089893164, 0.3555468555690281, 0.35553966540463094], ""epochs"": 60, ""lr"": 0.0005, ""layer_decay"": 0.9, ""weight_decay"": 0.05, ""label_smoothing"": 0.1, ""finetune_batch_size"": 16, ""steps_per_epoch"": 10, ""total_steps"": 600, ""warmup_steps"": 60, ""freeze_blocks"": 0, ""n_frozen_tensors"": 0, ""n_frozen_modules_in_eval"": 0, ""head_warmup_epochs"": 0, ""n_trainable_parameters"": 5023002, ""model"": ""cbramod"", ""builder"": ""CBraMod"", ""checkpoint"": ""braindecode/cbramod-pretrained"", ""pretrained"": true, ""n_parameters"": 5023202, ""n_times"": 800, ""n_chans"": 62, ""amplitude_divisor"": 100.0}"
lee2019_mi,Lee2019_MI,53,2,cbramod_finetune_sel,cbramod_finetune,0.675,0.40324778005951334,0.16725934845642967,0.5815819357497853,0.585,0.497831376700433,0.1596252363623427,0.7012122284995703,0.5514318975692128,0.21274563876651897,0.5,0.5,1.7498233318328857,False,4,4.0,A0xT_validation,False,"{""adaptation"": ""finetune_end_to_end"", ""selected_epoch"": 20, ""selection_Brier_at_selected_epoch"": 0.4278953405511962, ""val_brier_curve"": [0.5003526580173566, 0.500424854387322, 0.5710741557779555, 0.48307929977830655, 0.5098763016287686, 0.5086561497523682, 0.48109350563609626, 0.4692301791618142, 0.5763489304074959, 0.5376895861133527, 0.5305752025585717, 0.4706282365132484, 0.4948438723031178, 0.43007276663622973, 0.43505906681289713, 0.46299720455515914, 0.45575373423270216, 0.48917647196847297, 0.5107180609121962, 0.47633820208702027, 0.4278953405511962, 0.4433741324135886, 0.44946284496020333, 0.4751689008285845, 0.4282078870640348, 0.4590228667530316, 0.45933654450751044, 0.4802758012913738, 0.4640173554862813, 0.4623549545792092, 0.47093243218437364, 0.4562521821448694, 0.457634432665206, 0.4422119363726395, 0.4494951515463662, 0.4529822952813472, 0.4486550404797097, 0.46727072533838837, 0.4597977447154726, 0.4597024265352174, 0.45510891495359884, 0.45665315243821647, 0.45842774649048323, 0.46692751506507024, 0.4637570043774099, 0.4584727969095267, 0.4594167167776447, 0.4570317829827669, 0.455748524882551, 0.4537527397018876, 0.4558873346116579, 0.4557623009082956, 0.45555266504585257, 0.45529823980686707, 0.4548917477280326, 0.4543580372967372, 0.45465032287689694, 0.45496561954167686, 0.4550299525707719, 0.4550326581140517], ""epochs"": 60, ""lr"": 0.0005, ""layer_decay"": 0.9, ""weight_decay"": 0.05, ""label_smoothing"": 0.1, ""finetune_batch_size"": 16, ""steps_per_epoch"": 10, ""total_steps"": 600, ""warmup_steps"": 60, ""freeze_blocks"": 0, ""n_frozen_tensors"": 0, ""n_frozen_modules_in_eval"": 0, ""head_warmup_epochs"": 0, ""n_trainable_parameters"": 5023002, ""model"": ""cbramod"", ""builder"": ""CBraMod"", ""checkpoint"": ""braindecode/cbramod-pretrained"", ""pretrained"": true, ""n_parameters"": 5023202, ""n_times"": 800, ""n_chans"": 62, ""amplitude_divisor"": 100.0}"
lee2019_mi,Lee2019_MI,54,2,cbramod_finetune_sel,cbramod_finetune,0.75,0.411645241532128,0.2443837107549813,0.6020236506198527,0.585,0.4917953475417037,0.08818709321939297,0.6894109858139045,0.5456720281103739,0.17187806222843113,0.5,0.5,1.8352757692337036,False,4,4.0,A0xT_validation,False,"{""adaptation"": ""finetune_end_to_end"", ""selected_epoch"": 6, ""selection_Brier_at_selected_epoch"": 0.42071750856211754, ""val_brier_curve"": [0.4984094733761135, 0.48987658358003483, 0.44349611993649996, 0.4798385865258359, 0.5847347225192719, 0.5091950684955953, 0.42071750856211754, 0.5728463973980057, 0.5502334847936242, 0.5951831297092853, 0.667494804936066, 0.6295689314266776, 0.5933031123782746, 0.6821262102896443, 0.6101722737367951, 0.7497176111842139, 0.6125722388859097, 0.5869109566414118, 0.6796768717299063, 0.6176287182656911, 0.6643850524198412, 0.6406326902408843, 0.7156926581220617, 0.690199932402719, 0.5991897865188704, 0.6262772219646908, 0.6522651130471822, 0.6324584474604811, 0.6241640138831245, 0.6160050529390999, 0.6443207766385686, 0.6192108480027284, 0.6639058056388254, 0.6554564178984148, 0.6676763474762625, 0.6760768652846895, 0.6643233533109394, 0.6677685534818012, 0.6855827905741367, 0.6826366391185058, 0.6572812000542043, 0.6520465166658893, 0.6722453924389459, 0.6634622427027883, 0.6751831273156104, 0.6668266602160888, 0.6580134397593971, 0.6588731032039765, 0.6559115983067114, 0.6555056761087756, 0.6518068112480404, 0.6539785419372705, 0.6588678138217595, 0.6613143313372961, 0.6605614575887528, 0.6584630124367198, 0.6573907421436129, 0.6577131088003266, 0.6577427056660217, 0.657780113803802], ""epochs"": 60, ""lr"": 0.0005, ""layer_decay"": 0.9, ""weight_decay"": 0.05, ""label_smoothing"": 0.1, ""finetune_batch_size"": 16, ""steps_per_epoch"": 10, ""total_steps"": 600, ""warmup_steps"": 60, ""freeze_blocks"": 0, ""n_frozen_tensors"": 0, ""n_frozen_modules_in_eval"": 0, ""head_warmup_epochs"": 0, ""n_trainable_parameters"": 5023002, ""model"": ""cbramod"", ""builder"": ""CBraMod"", ""checkpoint"": ""braindecode/cbramod-pretrained"", ""pretrained"": true, ""n_parameters"": 5023202, ""n_times"": 800, ""n_chans"": 62, ""amplitude_divisor"": 100.0}"
