bin,bin_lower,bin_upper,count,confidence,accuracy,gap,dataset,subject,method,method_label,source_file
0,0.0,0.1,0,,,,BCI IIIa,k3b,augmentation,Augmentation,results/calibration_workflow_bci_iiia/probabilities/validation_only_selection_bci_iiia_subjectk3b_probabilities.npz
1,0.1,0.2,0,,,,BCI IIIa,k3b,augmentation,Augmentation,results/calibration_workflow_bci_iiia/probabilities/validation_only_selection_bci_iiia_subjectk3b_probabilities.npz
2,0.2,0.30000000000000004,0,,,,BCI IIIa,k3b,augmentation,Augmentation,results/calibration_workflow_bci_iiia/probabilities/validation_only_selection_bci_iiia_subjectk3b_probabilities.npz
3,0.30000000000000004,0.4,0,,,,BCI IIIa,k3b,augmentation,Augmentation,results/calibration_workflow_bci_iiia/probabilities/validation_only_selection_bci_iiia_subjectk3b_probabilities.npz
4,0.4,0.5,0,,,,BCI IIIa,k3b,augmentation,Augmentation,results/calibration_workflow_bci_iiia/probabilities/validation_only_selection_bci_iiia_subjectk3b_probabilities.npz
5,0.5,0.6000000000000001,0,,,,BCI IIIa,k3b,augmentation,Augmentation,results/calibration_workflow_bci_iiia/probabilities/validation_only_selection_bci_iiia_subjectk3b_probabilities.npz
6,0.6000000000000001,0.7000000000000001,2,0.6276090251106226,1.0,0.37239097488937745,BCI IIIa,k3b,augmentation,Augmentation,results/calibration_workflow_bci_iiia/probabilities/validation_only_selection_bci_iiia_subjectk3b_probabilities.npz
7,0.7000000000000001,0.8,2,0.7298020969419327,0.0,0.7298020969419327,BCI IIIa,k3b,augmentation,Augmentation,results/calibration_workflow_bci_iiia/probabilities/validation_only_selection_bci_iiia_subjectk3b_probabilities.npz
8,0.8,0.9,1,0.8636953741684195,1.0,0.13630462583158054,BCI IIIa,k3b,augmentation,Augmentation,results/calibration_workflow_bci_iiia/probabilities/validation_only_selection_bci_iiia_subjectk3b_probabilities.npz
9,0.9,1.0,58,0.9950524786480713,0.896551724137931,0.09850075451014029,BCI IIIa,k3b,augmentation,Augmentation,results/calibration_workflow_bci_iiia/probabilities/validation_only_selection_bci_iiia_subjectk3b_probabilities.npz
0,0.0,0.1,0,,,,BCI IIIa,k6b,augmentation,Augmentation,results/calibration_workflow_bci_iiia/probabilities/validation_only_selection_bci_iiia_subjectk6b_probabilities.npz
1,0.1,0.2,0,,,,BCI IIIa,k6b,augmentation,Augmentation,results/calibration_workflow_bci_iiia/probabilities/validation_only_selection_bci_iiia_subjectk6b_probabilities.npz
2,0.2,0.30000000000000004,0,,,,BCI IIIa,k6b,augmentation,Augmentation,results/calibration_workflow_bci_iiia/probabilities/validation_only_selection_bci_iiia_subjectk6b_probabilities.npz
3,0.30000000000000004,0.4,5,0.3611356368809712,0.4,0.0388643631190288,BCI IIIa,k6b,augmentation,Augmentation,results/calibration_workflow_bci_iiia/probabilities/validation_only_selection_bci_iiia_subjectk6b_probabilities.npz
4,0.4,0.5,11,0.4461982364013922,0.45454545454545453,0.008347218144062307,BCI IIIa,k6b,augmentation,Augmentation,results/calibration_workflow_bci_iiia/probabilities/validation_only_selection_bci_iiia_subjectk6b_probabilities.npz
5,0.5,0.6000000000000001,7,0.526680489503535,0.5714285714285714,0.04474808192503643,BCI IIIa,k6b,augmentation,Augmentation,results/calibration_workflow_bci_iiia/probabilities/validation_only_selection_bci_iiia_subjectk6b_probabilities.npz
6,0.6000000000000001,0.7000000000000001,4,0.6338389222553532,1.0,0.3661610777446468,BCI IIIa,k6b,augmentation,Augmentation,results/calibration_workflow_bci_iiia/probabilities/validation_only_selection_bci_iiia_subjectk6b_probabilities.npz
7,0.7000000000000001,0.8,5,0.762756817570794,0.8,0.03724318242920599,BCI IIIa,k6b,augmentation,Augmentation,results/calibration_workflow_bci_iiia/probabilities/validation_only_selection_bci_iiia_subjectk6b_probabilities.npz
8,0.8,0.9,3,0.8722508008523842,1.0,0.12774919914761584,BCI IIIa,k6b,augmentation,Augmentation,results/calibration_workflow_bci_iiia/probabilities/validation_only_selection_bci_iiia_subjectk6b_probabilities.npz
9,0.9,1.0,7,0.9691937196732924,1.0,0.030806280326707625,BCI IIIa,k6b,augmentation,Augmentation,results/calibration_workflow_bci_iiia/probabilities/validation_only_selection_bci_iiia_subjectk6b_probabilities.npz
0,0.0,0.1,0,,,,BCI IIIa,l1b,augmentation,Augmentation,results/calibration_workflow_bci_iiia/probabilities/validation_only_selection_bci_iiia_subjectl1b_probabilities.npz
1,0.1,0.2,0,,,,BCI IIIa,l1b,augmentation,Augmentation,results/calibration_workflow_bci_iiia/probabilities/validation_only_selection_bci_iiia_subjectl1b_probabilities.npz
2,0.2,0.30000000000000004,0,,,,BCI IIIa,l1b,augmentation,Augmentation,results/calibration_workflow_bci_iiia/probabilities/validation_only_selection_bci_iiia_subjectl1b_probabilities.npz
3,0.30000000000000004,0.4,3,0.36432801290479544,0.6666666666666666,0.3023386537618712,BCI IIIa,l1b,augmentation,Augmentation,results/calibration_workflow_bci_iiia/probabilities/validation_only_selection_bci_iiia_subjectl1b_probabilities.npz
4,0.4,0.5,11,0.4582891865869356,0.36363636363636365,0.09465282295057198,BCI IIIa,l1b,augmentation,Augmentation,results/calibration_workflow_bci_iiia/probabilities/validation_only_selection_bci_iiia_subjectl1b_probabilities.npz
5,0.5,0.6000000000000001,13,0.551866322059431,0.6923076923076923,0.1404413702482613,BCI IIIa,l1b,augmentation,Augmentation,results/calibration_workflow_bci_iiia/probabilities/validation_only_selection_bci_iiia_subjectl1b_probabilities.npz
6,0.6000000000000001,0.7000000000000001,7,0.6503156273842238,1.0,0.34968437261577623,BCI IIIa,l1b,augmentation,Augmentation,results/calibration_workflow_bci_iiia/probabilities/validation_only_selection_bci_iiia_subjectl1b_probabilities.npz
7,0.7000000000000001,0.8,5,0.7191348586584234,1.0,0.2808651413415766,BCI IIIa,l1b,augmentation,Augmentation,results/calibration_workflow_bci_iiia/probabilities/validation_only_selection_bci_iiia_subjectl1b_probabilities.npz
8,0.8,0.9,1,0.8499960899353027,1.0,0.15000391006469727,BCI IIIa,l1b,augmentation,Augmentation,results/calibration_workflow_bci_iiia/probabilities/validation_only_selection_bci_iiia_subjectl1b_probabilities.npz
9,0.9,1.0,2,0.9677315517989971,1.0,0.03226844820100294,BCI IIIa,l1b,augmentation,Augmentation,results/calibration_workflow_bci_iiia/probabilities/validation_only_selection_bci_iiia_subjectl1b_probabilities.npz
0,0.0,0.1,0,,,,BCI IIIa,k3b,baseline,Baseline,results/calibration_workflow_bci_iiia/probabilities/validation_only_selection_bci_iiia_subjectk3b_probabilities.npz
1,0.1,0.2,0,,,,BCI IIIa,k3b,baseline,Baseline,results/calibration_workflow_bci_iiia/probabilities/validation_only_selection_bci_iiia_subjectk3b_probabilities.npz
2,0.2,0.30000000000000004,0,,,,BCI IIIa,k3b,baseline,Baseline,results/calibration_workflow_bci_iiia/probabilities/validation_only_selection_bci_iiia_subjectk3b_probabilities.npz
3,0.30000000000000004,0.4,1,0.3399966758488618,1.0,0.6600033241511383,BCI IIIa,k3b,baseline,Baseline,results/calibration_workflow_bci_iiia/probabilities/validation_only_selection_bci_iiia_subjectk3b_probabilities.npz
4,0.4,0.5,1,0.4606993668673093,0.0,0.4606993668673093,BCI IIIa,k3b,baseline,Baseline,results/calibration_workflow_bci_iiia/probabilities/validation_only_selection_bci_iiia_subjectk3b_probabilities.npz
5,0.5,0.6000000000000001,2,0.5650814760791221,0.0,0.5650814760791221,BCI IIIa,k3b,baseline,Baseline,results/calibration_workflow_bci_iiia/probabilities/validation_only_selection_bci_iiia_subjectk3b_probabilities.npz
6,0.6000000000000001,0.7000000000000001,2,0.6612144559690751,1.0,0.33878554403092487,BCI IIIa,k3b,baseline,Baseline,results/calibration_workflow_bci_iiia/probabilities/validation_only_selection_bci_iiia_subjectk3b_probabilities.npz
7,0.7000000000000001,0.8,3,0.7415641437898058,0.6666666666666666,0.07489747712313921,BCI IIIa,k3b,baseline,Baseline,results/calibration_workflow_bci_iiia/probabilities/validation_only_selection_bci_iiia_subjectk3b_probabilities.npz
8,0.8,0.9,6,0.8415238510191484,0.5,0.3415238510191484,BCI IIIa,k3b,baseline,Baseline,results/calibration_workflow_bci_iiia/probabilities/validation_only_selection_bci_iiia_subjectk3b_probabilities.npz
9,0.9,1.0,48,0.988850791763582,0.9375,0.05135079176358204,BCI IIIa,k3b,baseline,Baseline,results/calibration_workflow_bci_iiia/probabilities/validation_only_selection_bci_iiia_subjectk3b_probabilities.npz
0,0.0,0.1,0,,,,BCI IIIa,k6b,baseline,Baseline,results/calibration_workflow_bci_iiia/probabilities/validation_only_selection_bci_iiia_subjectk6b_probabilities.npz
1,0.1,0.2,0,,,,BCI IIIa,k6b,baseline,Baseline,results/calibration_workflow_bci_iiia/probabilities/validation_only_selection_bci_iiia_subjectk6b_probabilities.npz
2,0.2,0.30000000000000004,0,,,,BCI IIIa,k6b,baseline,Baseline,results/calibration_workflow_bci_iiia/probabilities/validation_only_selection_bci_iiia_subjectk6b_probabilities.npz
3,0.30000000000000004,0.4,13,0.36815913494422947,0.5384615384615384,0.17030240351730896,BCI IIIa,k6b,baseline,Baseline,results/calibration_workflow_bci_iiia/probabilities/validation_only_selection_bci_iiia_subjectk6b_probabilities.npz
4,0.4,0.5,16,0.44649729702056085,0.625,0.17850270297943915,BCI IIIa,k6b,baseline,Baseline,results/calibration_workflow_bci_iiia/probabilities/validation_only_selection_bci_iiia_subjectk6b_probabilities.npz
5,0.5,0.6000000000000001,3,0.575969906968861,1.0,0.42403009303113903,BCI IIIa,k6b,baseline,Baseline,results/calibration_workflow_bci_iiia/probabilities/validation_only_selection_bci_iiia_subjectk6b_probabilities.npz
6,0.6000000000000001,0.7000000000000001,2,0.6485248437409845,1.0,0.3514751562590155,BCI IIIa,k6b,baseline,Baseline,results/calibration_workflow_bci_iiia/probabilities/validation_only_selection_bci_iiia_subjectk6b_probabilities.npz
7,0.7000000000000001,0.8,3,0.7446859513960944,1.0,0.2553140486039056,BCI IIIa,k6b,baseline,Baseline,results/calibration_workflow_bci_iiia/probabilities/validation_only_selection_bci_iiia_subjectk6b_probabilities.npz
8,0.8,0.9,1,0.8384057863831412,1.0,0.16159421361685877,BCI IIIa,k6b,baseline,Baseline,results/calibration_workflow_bci_iiia/probabilities/validation_only_selection_bci_iiia_subjectk6b_probabilities.npz
9,0.9,1.0,4,0.9614477699415201,1.0,0.03855223005847985,BCI IIIa,k6b,baseline,Baseline,results/calibration_workflow_bci_iiia/probabilities/validation_only_selection_bci_iiia_subjectk6b_probabilities.npz
0,0.0,0.1,0,,,,BCI IIIa,l1b,baseline,Baseline,results/calibration_workflow_bci_iiia/probabilities/validation_only_selection_bci_iiia_subjectl1b_probabilities.npz
1,0.1,0.2,0,,,,BCI IIIa,l1b,baseline,Baseline,results/calibration_workflow_bci_iiia/probabilities/validation_only_selection_bci_iiia_subjectl1b_probabilities.npz
2,0.2,0.30000000000000004,0,,,,BCI IIIa,l1b,baseline,Baseline,results/calibration_workflow_bci_iiia/probabilities/validation_only_selection_bci_iiia_subjectl1b_probabilities.npz
3,0.30000000000000004,0.4,4,0.35611441295950236,0.0,0.35611441295950236,BCI IIIa,l1b,baseline,Baseline,results/calibration_workflow_bci_iiia/probabilities/validation_only_selection_bci_iiia_subjectl1b_probabilities.npz
4,0.4,0.5,4,0.4559649046764477,0.5,0.04403509532355232,BCI IIIa,l1b,baseline,Baseline,results/calibration_workflow_bci_iiia/probabilities/validation_only_selection_bci_iiia_subjectl1b_probabilities.npz
5,0.5,0.6000000000000001,12,0.5445707125645693,0.6666666666666666,0.12209595410209728,BCI IIIa,l1b,baseline,Baseline,results/calibration_workflow_bci_iiia/probabilities/validation_only_selection_bci_iiia_subjectl1b_probabilities.npz
6,0.6000000000000001,0.7000000000000001,8,0.6247768767842277,0.625,0.00022312321577233618,BCI IIIa,l1b,baseline,Baseline,results/calibration_workflow_bci_iiia/probabilities/validation_only_selection_bci_iiia_subjectl1b_probabilities.npz
7,0.7000000000000001,0.8,8,0.743290555497355,0.75,0.00670944450264499,BCI IIIa,l1b,baseline,Baseline,results/calibration_workflow_bci_iiia/probabilities/validation_only_selection_bci_iiia_subjectl1b_probabilities.npz
8,0.8,0.9,3,0.8647923234891465,1.0,0.13520767651085353,BCI IIIa,l1b,baseline,Baseline,results/calibration_workflow_bci_iiia/probabilities/validation_only_selection_bci_iiia_subjectl1b_probabilities.npz
9,0.9,1.0,3,0.9603122110660708,1.0,0.03968778893392921,BCI IIIa,l1b,baseline,Baseline,results/calibration_workflow_bci_iiia/probabilities/validation_only_selection_bci_iiia_subjectl1b_probabilities.npz
0,0.0,0.1,0,,,,BCI IIIa,k3b,seed_ensemble,Seed ensemble,results/calibration_workflow_bci_iiia/probabilities/validation_only_selection_bci_iiia_subjectk3b_probabilities.npz
1,0.1,0.2,0,,,,BCI IIIa,k3b,seed_ensemble,Seed ensemble,results/calibration_workflow_bci_iiia/probabilities/validation_only_selection_bci_iiia_subjectk3b_probabilities.npz
2,0.2,0.30000000000000004,0,,,,BCI IIIa,k3b,seed_ensemble,Seed ensemble,results/calibration_workflow_bci_iiia/probabilities/validation_only_selection_bci_iiia_subjectk3b_probabilities.npz
3,0.30000000000000004,0.4,0,,,,BCI IIIa,k3b,seed_ensemble,Seed ensemble,results/calibration_workflow_bci_iiia/probabilities/validation_only_selection_bci_iiia_subjectk3b_probabilities.npz
4,0.4,0.5,0,,,,BCI IIIa,k3b,seed_ensemble,Seed ensemble,results/calibration_workflow_bci_iiia/probabilities/validation_only_selection_bci_iiia_subjectk3b_probabilities.npz
5,0.5,0.6000000000000001,1,0.5844434575103509,0.0,0.5844434575103509,BCI IIIa,k3b,seed_ensemble,Seed ensemble,results/calibration_workflow_bci_iiia/probabilities/validation_only_selection_bci_iiia_subjectk3b_probabilities.npz
6,0.6000000000000001,0.7000000000000001,3,0.6273397904397543,0.3333333333333333,0.294006457106421,BCI IIIa,k3b,seed_ensemble,Seed ensemble,results/calibration_workflow_bci_iiia/probabilities/validation_only_selection_bci_iiia_subjectk3b_probabilities.npz
7,0.7000000000000001,0.8,2,0.7303453289981845,0.0,0.7303453289981845,BCI IIIa,k3b,seed_ensemble,Seed ensemble,results/calibration_workflow_bci_iiia/probabilities/validation_only_selection_bci_iiia_subjectk3b_probabilities.npz
8,0.8,0.9,3,0.8427967402701816,0.3333333333333333,0.5094634069368482,BCI IIIa,k3b,seed_ensemble,Seed ensemble,results/calibration_workflow_bci_iiia/probabilities/validation_only_selection_bci_iiia_subjectk3b_probabilities.npz
9,0.9,1.0,54,0.9905151362951238,0.9444444444444444,0.04607069185067936,BCI IIIa,k3b,seed_ensemble,Seed ensemble,results/calibration_workflow_bci_iiia/probabilities/validation_only_selection_bci_iiia_subjectk3b_probabilities.npz
0,0.0,0.1,0,,,,BCI IIIa,k6b,seed_ensemble,Seed ensemble,results/calibration_workflow_bci_iiia/probabilities/validation_only_selection_bci_iiia_subjectk6b_probabilities.npz
1,0.1,0.2,0,,,,BCI IIIa,k6b,seed_ensemble,Seed ensemble,results/calibration_workflow_bci_iiia/probabilities/validation_only_selection_bci_iiia_subjectk6b_probabilities.npz
2,0.2,0.30000000000000004,0,,,,BCI IIIa,k6b,seed_ensemble,Seed ensemble,results/calibration_workflow_bci_iiia/probabilities/validation_only_selection_bci_iiia_subjectk6b_probabilities.npz
3,0.30000000000000004,0.4,18,0.36584640533124263,0.6111111111111112,0.24526470577986853,BCI IIIa,k6b,seed_ensemble,Seed ensemble,results/calibration_workflow_bci_iiia/probabilities/validation_only_selection_bci_iiia_subjectk6b_probabilities.npz
4,0.4,0.5,8,0.4508429057190142,0.5,0.0491570942809858,BCI IIIa,k6b,seed_ensemble,Seed ensemble,results/calibration_workflow_bci_iiia/probabilities/validation_only_selection_bci_iiia_subjectk6b_probabilities.npz
5,0.5,0.6000000000000001,3,0.5325593922787634,0.6666666666666666,0.13410727438790326,BCI IIIa,k6b,seed_ensemble,Seed ensemble,results/calibration_workflow_bci_iiia/probabilities/validation_only_selection_bci_iiia_subjectk6b_probabilities.npz
6,0.6000000000000001,0.7000000000000001,3,0.6655256808370419,1.0,0.3344743191629581,BCI IIIa,k6b,seed_ensemble,Seed ensemble,results/calibration_workflow_bci_iiia/probabilities/validation_only_selection_bci_iiia_subjectk6b_probabilities.npz
7,0.7000000000000001,0.8,5,0.7588215902583928,1.0,0.2411784097416072,BCI IIIa,k6b,seed_ensemble,Seed ensemble,results/calibration_workflow_bci_iiia/probabilities/validation_only_selection_bci_iiia_subjectk6b_probabilities.npz
8,0.8,0.9,1,0.8490365925504283,1.0,0.1509634074495717,BCI IIIa,k6b,seed_ensemble,Seed ensemble,results/calibration_workflow_bci_iiia/probabilities/validation_only_selection_bci_iiia_subjectk6b_probabilities.npz
9,0.9,1.0,4,0.9672415163790602,1.0,0.032758483620939804,BCI IIIa,k6b,seed_ensemble,Seed ensemble,results/calibration_workflow_bci_iiia/probabilities/validation_only_selection_bci_iiia_subjectk6b_probabilities.npz
0,0.0,0.1,0,,,,BCI IIIa,l1b,seed_ensemble,Seed ensemble,results/calibration_workflow_bci_iiia/probabilities/validation_only_selection_bci_iiia_subjectl1b_probabilities.npz
1,0.1,0.2,0,,,,BCI IIIa,l1b,seed_ensemble,Seed ensemble,results/calibration_workflow_bci_iiia/probabilities/validation_only_selection_bci_iiia_subjectl1b_probabilities.npz
2,0.2,0.30000000000000004,0,,,,BCI IIIa,l1b,seed_ensemble,Seed ensemble,results/calibration_workflow_bci_iiia/probabilities/validation_only_selection_bci_iiia_subjectl1b_probabilities.npz
3,0.30000000000000004,0.4,3,0.3664998759796199,0.6666666666666666,0.3001667906870467,BCI IIIa,l1b,seed_ensemble,Seed ensemble,results/calibration_workflow_bci_iiia/probabilities/validation_only_selection_bci_iiia_subjectl1b_probabilities.npz
4,0.4,0.5,6,0.4598905400999655,0.3333333333333333,0.12655720676663218,BCI IIIa,l1b,seed_ensemble,Seed ensemble,results/calibration_workflow_bci_iiia/probabilities/validation_only_selection_bci_iiia_subjectl1b_probabilities.npz
5,0.5,0.6000000000000001,11,0.5505111145880576,0.5454545454545454,0.0050565691335121565,BCI IIIa,l1b,seed_ensemble,Seed ensemble,results/calibration_workflow_bci_iiia/probabilities/validation_only_selection_bci_iiia_subjectl1b_probabilities.npz
6,0.6000000000000001,0.7000000000000001,7,0.6551044798506894,0.7142857142857143,0.059181234435024876,BCI IIIa,l1b,seed_ensemble,Seed ensemble,results/calibration_workflow_bci_iiia/probabilities/validation_only_selection_bci_iiia_subjectl1b_probabilities.npz
7,0.7000000000000001,0.8,9,0.7429484944237859,1.0,0.25705150557621415,BCI IIIa,l1b,seed_ensemble,Seed ensemble,results/calibration_workflow_bci_iiia/probabilities/validation_only_selection_bci_iiia_subjectl1b_probabilities.npz
8,0.8,0.9,3,0.8462238834876595,1.0,0.15377611651234047,BCI IIIa,l1b,seed_ensemble,Seed ensemble,results/calibration_workflow_bci_iiia/probabilities/validation_only_selection_bci_iiia_subjectl1b_probabilities.npz
9,0.9,1.0,3,0.9696396219514368,1.0,0.030360378048563175,BCI IIIa,l1b,seed_ensemble,Seed ensemble,results/calibration_workflow_bci_iiia/probabilities/validation_only_selection_bci_iiia_subjectl1b_probabilities.npz
0,0.0,0.1,0,,,,BCI IIIa,k3b,teacher_student_mixture,Teacher/student,results/calibration_workflow_bci_iiia/probabilities/validation_only_selection_bci_iiia_subjectk3b_probabilities.npz
1,0.1,0.2,0,,,,BCI IIIa,k3b,teacher_student_mixture,Teacher/student,results/calibration_workflow_bci_iiia/probabilities/validation_only_selection_bci_iiia_subjectk3b_probabilities.npz
2,0.2,0.30000000000000004,0,,,,BCI IIIa,k3b,teacher_student_mixture,Teacher/student,results/calibration_workflow_bci_iiia/probabilities/validation_only_selection_bci_iiia_subjectk3b_probabilities.npz
3,0.30000000000000004,0.4,1,0.36350222609559685,1.0,0.6364977739044031,BCI IIIa,k3b,teacher_student_mixture,Teacher/student,results/calibration_workflow_bci_iiia/probabilities/validation_only_selection_bci_iiia_subjectk3b_probabilities.npz
4,0.4,0.5,1,0.4429053711643552,0.0,0.4429053711643552,BCI IIIa,k3b,teacher_student_mixture,Teacher/student,results/calibration_workflow_bci_iiia/probabilities/validation_only_selection_bci_iiia_subjectk3b_probabilities.npz
5,0.5,0.6000000000000001,2,0.5413460163579984,0.0,0.5413460163579984,BCI IIIa,k3b,teacher_student_mixture,Teacher/student,results/calibration_workflow_bci_iiia/probabilities/validation_only_selection_bci_iiia_subjectk3b_probabilities.npz
6,0.6000000000000001,0.7000000000000001,2,0.6632281886651037,1.0,0.3367718113348963,BCI IIIa,k3b,teacher_student_mixture,Teacher/student,results/calibration_workflow_bci_iiia/probabilities/validation_only_selection_bci_iiia_subjectk3b_probabilities.npz
7,0.7000000000000001,0.8,3,0.7387703808304406,0.6666666666666666,0.07210371416377392,BCI IIIa,k3b,teacher_student_mixture,Teacher/student,results/calibration_workflow_bci_iiia/probabilities/validation_only_selection_bci_iiia_subjectk3b_probabilities.npz
8,0.8,0.9,7,0.8381702681381633,0.5714285714285714,0.2667416967095919,BCI IIIa,k3b,teacher_student_mixture,Teacher/student,results/calibration_workflow_bci_iiia/probabilities/validation_only_selection_bci_iiia_subjectk3b_probabilities.npz
9,0.9,1.0,47,0.9848914782061772,0.9361702127659575,0.04872126544021971,BCI IIIa,k3b,teacher_student_mixture,Teacher/student,results/calibration_workflow_bci_iiia/probabilities/validation_only_selection_bci_iiia_subjectk3b_probabilities.npz
0,0.0,0.1,0,,,,BCI IIIa,k6b,teacher_student_mixture,Teacher/student,results/calibration_workflow_bci_iiia/probabilities/validation_only_selection_bci_iiia_subjectk6b_probabilities.npz
1,0.1,0.2,0,,,,BCI IIIa,k6b,teacher_student_mixture,Teacher/student,results/calibration_workflow_bci_iiia/probabilities/validation_only_selection_bci_iiia_subjectk6b_probabilities.npz
2,0.2,0.30000000000000004,0,,,,BCI IIIa,k6b,teacher_student_mixture,Teacher/student,results/calibration_workflow_bci_iiia/probabilities/validation_only_selection_bci_iiia_subjectk6b_probabilities.npz
3,0.30000000000000004,0.4,8,0.36103461373712664,0.5,0.13896538626287336,BCI IIIa,k6b,teacher_student_mixture,Teacher/student,results/calibration_workflow_bci_iiia/probabilities/validation_only_selection_bci_iiia_subjectk6b_probabilities.npz
4,0.4,0.5,9,0.4462016334346257,0.4444444444444444,0.001757188990181291,BCI IIIa,k6b,teacher_student_mixture,Teacher/student,results/calibration_workflow_bci_iiia/probabilities/validation_only_selection_bci_iiia_subjectk6b_probabilities.npz
5,0.5,0.6000000000000001,10,0.5624106822417358,0.7,0.1375893177582641,BCI IIIa,k6b,teacher_student_mixture,Teacher/student,results/calibration_workflow_bci_iiia/probabilities/validation_only_selection_bci_iiia_subjectk6b_probabilities.npz
6,0.6000000000000001,0.7000000000000001,4,0.6797368022596628,1.0,0.3202631977403372,BCI IIIa,k6b,teacher_student_mixture,Teacher/student,results/calibration_workflow_bci_iiia/probabilities/validation_only_selection_bci_iiia_subjectk6b_probabilities.npz
7,0.7000000000000001,0.8,5,0.7411037860726093,1.0,0.2588962139273907,BCI IIIa,k6b,teacher_student_mixture,Teacher/student,results/calibration_workflow_bci_iiia/probabilities/validation_only_selection_bci_iiia_subjectk6b_probabilities.npz
8,0.8,0.9,3,0.8176778431176421,1.0,0.18232215688235787,BCI IIIa,k6b,teacher_student_mixture,Teacher/student,results/calibration_workflow_bci_iiia/probabilities/validation_only_selection_bci_iiia_subjectk6b_probabilities.npz
9,0.9,1.0,3,0.9723705769693662,1.0,0.02762942303063376,BCI IIIa,k6b,teacher_student_mixture,Teacher/student,results/calibration_workflow_bci_iiia/probabilities/validation_only_selection_bci_iiia_subjectk6b_probabilities.npz
0,0.0,0.1,0,,,,BCI IIIa,l1b,teacher_student_mixture,Teacher/student,results/calibration_workflow_bci_iiia/probabilities/validation_only_selection_bci_iiia_subjectl1b_probabilities.npz
1,0.1,0.2,0,,,,BCI IIIa,l1b,teacher_student_mixture,Teacher/student,results/calibration_workflow_bci_iiia/probabilities/validation_only_selection_bci_iiia_subjectl1b_probabilities.npz
2,0.2,0.30000000000000004,1,0.2849794924259186,0.0,0.2849794924259186,BCI IIIa,l1b,teacher_student_mixture,Teacher/student,results/calibration_workflow_bci_iiia/probabilities/validation_only_selection_bci_iiia_subjectl1b_probabilities.npz
3,0.30000000000000004,0.4,5,0.3672875320397641,0.6,0.23271246796023587,BCI IIIa,l1b,teacher_student_mixture,Teacher/student,results/calibration_workflow_bci_iiia/probabilities/validation_only_selection_bci_iiia_subjectl1b_probabilities.npz
4,0.4,0.5,6,0.456572112808983,0.5,0.04342788719101698,BCI IIIa,l1b,teacher_student_mixture,Teacher/student,results/calibration_workflow_bci_iiia/probabilities/validation_only_selection_bci_iiia_subjectl1b_probabilities.npz
5,0.5,0.6000000000000001,10,0.5489067693599585,0.8,0.2510932306400415,BCI IIIa,l1b,teacher_student_mixture,Teacher/student,results/calibration_workflow_bci_iiia/probabilities/validation_only_selection_bci_iiia_subjectl1b_probabilities.npz
6,0.6000000000000001,0.7000000000000001,11,0.6444414884337013,0.8181818181818182,0.17374032974811693,BCI IIIa,l1b,teacher_student_mixture,Teacher/student,results/calibration_workflow_bci_iiia/probabilities/validation_only_selection_bci_iiia_subjectl1b_probabilities.npz
7,0.7000000000000001,0.8,6,0.7517177160456869,0.8333333333333334,0.08161561728764644,BCI IIIa,l1b,teacher_student_mixture,Teacher/student,results/calibration_workflow_bci_iiia/probabilities/validation_only_selection_bci_iiia_subjectl1b_probabilities.npz
8,0.8,0.9,2,0.8186566439870158,1.0,0.18134335601298424,BCI IIIa,l1b,teacher_student_mixture,Teacher/student,results/calibration_workflow_bci_iiia/probabilities/validation_only_selection_bci_iiia_subjectl1b_probabilities.npz
9,0.9,1.0,1,0.9919059014456999,1.0,0.0080940985543001,BCI IIIa,l1b,teacher_student_mixture,Teacher/student,results/calibration_workflow_bci_iiia/probabilities/validation_only_selection_bci_iiia_subjectl1b_probabilities.npz
0,0.0,0.1,0,,,,BCI IV-2a,1,augmentation,Augmentation,results/calibration_workflow/probabilities/validation_only_selection_bci4_2a_subject1_probabilities.npz
1,0.1,0.2,0,,,,BCI IV-2a,1,augmentation,Augmentation,results/calibration_workflow/probabilities/validation_only_selection_bci4_2a_subject1_probabilities.npz
2,0.2,0.30000000000000004,0,,,,BCI IV-2a,1,augmentation,Augmentation,results/calibration_workflow/probabilities/validation_only_selection_bci4_2a_subject1_probabilities.npz
3,0.30000000000000004,0.4,0,,,,BCI IV-2a,1,augmentation,Augmentation,results/calibration_workflow/probabilities/validation_only_selection_bci4_2a_subject1_probabilities.npz
4,0.4,0.5,1,0.4703831018268597,0.0,0.4703831018268597,BCI IV-2a,1,augmentation,Augmentation,results/calibration_workflow/probabilities/validation_only_selection_bci4_2a_subject1_probabilities.npz
5,0.5,0.6000000000000001,37,0.5569698389270958,0.5405405405405406,0.01642929838655527,BCI IV-2a,1,augmentation,Augmentation,results/calibration_workflow/probabilities/validation_only_selection_bci4_2a_subject1_probabilities.npz
6,0.6000000000000001,0.7000000000000001,33,0.650498642732739,0.6363636363636364,0.014135006369102698,BCI IV-2a,1,augmentation,Augmentation,results/calibration_workflow/probabilities/validation_only_selection_bci4_2a_subject1_probabilities.npz
7,0.7000000000000001,0.8,41,0.7598889324114017,0.7073170731707317,0.05257185924066998,BCI IV-2a,1,augmentation,Augmentation,results/calibration_workflow/probabilities/validation_only_selection_bci4_2a_subject1_probabilities.npz
8,0.8,0.9,43,0.8561027428182828,0.8837209302325582,0.027618187414275353,BCI IV-2a,1,augmentation,Augmentation,results/calibration_workflow/probabilities/validation_only_selection_bci4_2a_subject1_probabilities.npz
9,0.9,1.0,133,0.9787371564313376,0.9398496240601504,0.03888753237118725,BCI IV-2a,1,augmentation,Augmentation,results/calibration_workflow/probabilities/validation_only_selection_bci4_2a_subject1_probabilities.npz
0,0.0,0.1,0,,,,BCI IV-2a,2,augmentation,Augmentation,results/calibration_workflow/probabilities/validation_only_selection_bci4_2a_subject2_probabilities.npz
1,0.1,0.2,0,,,,BCI IV-2a,2,augmentation,Augmentation,results/calibration_workflow/probabilities/validation_only_selection_bci4_2a_subject2_probabilities.npz
2,0.2,0.30000000000000004,1,0.2891088085009335,0.0,0.2891088085009335,BCI IV-2a,2,augmentation,Augmentation,results/calibration_workflow/probabilities/validation_only_selection_bci4_2a_subject2_probabilities.npz
3,0.30000000000000004,0.4,15,0.3616172223796508,0.8,0.4383827776203492,BCI IV-2a,2,augmentation,Augmentation,results/calibration_workflow/probabilities/validation_only_selection_bci4_2a_subject2_probabilities.npz
4,0.4,0.5,55,0.4575092533120651,0.32727272727272727,0.13023652603933783,BCI IV-2a,2,augmentation,Augmentation,results/calibration_workflow/probabilities/validation_only_selection_bci4_2a_subject2_probabilities.npz
5,0.5,0.6000000000000001,66,0.551530110665341,0.4393939393939394,0.11213617127140157,BCI IV-2a,2,augmentation,Augmentation,results/calibration_workflow/probabilities/validation_only_selection_bci4_2a_subject2_probabilities.npz
6,0.6000000000000001,0.7000000000000001,42,0.645247463179406,0.4523809523809524,0.19286651079845357,BCI IV-2a,2,augmentation,Augmentation,results/calibration_workflow/probabilities/validation_only_selection_bci4_2a_subject2_probabilities.npz
7,0.7000000000000001,0.8,44,0.749094292493086,0.5227272727272727,0.2263670197658133,BCI IV-2a,2,augmentation,Augmentation,results/calibration_workflow/probabilities/validation_only_selection_bci4_2a_subject2_probabilities.npz
8,0.8,0.9,28,0.8353760958700993,0.7142857142857143,0.12109038158438501,BCI IV-2a,2,augmentation,Augmentation,results/calibration_workflow/probabilities/validation_only_selection_bci4_2a_subject2_probabilities.npz
9,0.9,1.0,37,0.943397995124153,0.8918918918918919,0.051506103232261125,BCI IV-2a,2,augmentation,Augmentation,results/calibration_workflow/probabilities/validation_only_selection_bci4_2a_subject2_probabilities.npz
0,0.0,0.1,0,,,,BCI IV-2a,3,augmentation,Augmentation,results/calibration_workflow/probabilities/validation_only_selection_bci4_2a_subject3_probabilities.npz
1,0.1,0.2,0,,,,BCI IV-2a,3,augmentation,Augmentation,results/calibration_workflow/probabilities/validation_only_selection_bci4_2a_subject3_probabilities.npz
2,0.2,0.30000000000000004,0,,,,BCI IV-2a,3,augmentation,Augmentation,results/calibration_workflow/probabilities/validation_only_selection_bci4_2a_subject3_probabilities.npz
3,0.30000000000000004,0.4,1,0.3948232287301586,0.0,0.3948232287301586,BCI IV-2a,3,augmentation,Augmentation,results/calibration_workflow/probabilities/validation_only_selection_bci4_2a_subject3_probabilities.npz
4,0.4,0.5,2,0.4652305109209911,1.0,0.5347694890790089,BCI IV-2a,3,augmentation,Augmentation,results/calibration_workflow/probabilities/validation_only_selection_bci4_2a_subject3_probabilities.npz
5,0.5,0.6000000000000001,9,0.5636320405030957,0.3333333333333333,0.23029870716976236,BCI IV-2a,3,augmentation,Augmentation,results/calibration_workflow/probabilities/validation_only_selection_bci4_2a_subject3_probabilities.npz
6,0.6000000000000001,0.7000000000000001,11,0.6504002950865954,0.6363636363636364,0.014036658722959006,BCI IV-2a,3,augmentation,Augmentation,results/calibration_workflow/probabilities/validation_only_selection_bci4_2a_subject3_probabilities.npz
7,0.7000000000000001,0.8,16,0.7512906209397849,0.875,0.12370937906021506,BCI IV-2a,3,augmentation,Augmentation,results/calibration_workflow/probabilities/validation_only_selection_bci4_2a_subject3_probabilities.npz
8,0.8,0.9,25,0.8470245184681591,0.88,0.03297548153184093,BCI IV-2a,3,augmentation,Augmentation,results/calibration_workflow/probabilities/validation_only_selection_bci4_2a_subject3_probabilities.npz
9,0.9,1.0,224,0.9854232599752992,0.96875,0.016673259975299226,BCI IV-2a,3,augmentation,Augmentation,results/calibration_workflow/probabilities/validation_only_selection_bci4_2a_subject3_probabilities.npz
0,0.0,0.1,0,,,,BCI IV-2a,4,augmentation,Augmentation,results/calibration_workflow/probabilities/validation_only_selection_bci4_2a_subject4_probabilities.npz
1,0.1,0.2,0,,,,BCI IV-2a,4,augmentation,Augmentation,results/calibration_workflow/probabilities/validation_only_selection_bci4_2a_subject4_probabilities.npz
2,0.2,0.30000000000000004,0,,,,BCI IV-2a,4,augmentation,Augmentation,results/calibration_workflow/probabilities/validation_only_selection_bci4_2a_subject4_probabilities.npz
3,0.30000000000000004,0.4,8,0.37867165932250674,0.375,0.0036716593225067373,BCI IV-2a,4,augmentation,Augmentation,results/calibration_workflow/probabilities/validation_only_selection_bci4_2a_subject4_probabilities.npz
4,0.4,0.5,42,0.4445604259364108,0.42857142857142855,0.01598899736498227,BCI IV-2a,4,augmentation,Augmentation,results/calibration_workflow/probabilities/validation_only_selection_bci4_2a_subject4_probabilities.npz
5,0.5,0.6000000000000001,47,0.5495438974169347,0.48936170212765956,0.0601821952892751,BCI IV-2a,4,augmentation,Augmentation,results/calibration_workflow/probabilities/validation_only_selection_bci4_2a_subject4_probabilities.npz
6,0.6000000000000001,0.7000000000000001,51,0.6455351709494255,0.7058823529411765,0.06034718199175104,BCI IV-2a,4,augmentation,Augmentation,results/calibration_workflow/probabilities/validation_only_selection_bci4_2a_subject4_probabilities.npz
7,0.7000000000000001,0.8,41,0.7474900912283032,0.9024390243902439,0.1549489331619407,BCI IV-2a,4,augmentation,Augmentation,results/calibration_workflow/probabilities/validation_only_selection_bci4_2a_subject4_probabilities.npz
8,0.8,0.9,53,0.8493492423641913,0.8490566037735849,0.00029263859060635333,BCI IV-2a,4,augmentation,Augmentation,results/calibration_workflow/probabilities/validation_only_selection_bci4_2a_subject4_probabilities.npz
9,0.9,1.0,46,0.9471603822793694,0.9565217391304348,0.009361356851065428,BCI IV-2a,4,augmentation,Augmentation,results/calibration_workflow/probabilities/validation_only_selection_bci4_2a_subject4_probabilities.npz
0,0.0,0.1,0,,,,BCI IV-2a,5,augmentation,Augmentation,results/calibration_workflow/probabilities/validation_only_selection_bci4_2a_subject5_probabilities.npz
1,0.1,0.2,0,,,,BCI IV-2a,5,augmentation,Augmentation,results/calibration_workflow/probabilities/validation_only_selection_bci4_2a_subject5_probabilities.npz
2,0.2,0.30000000000000004,2,0.2829948726908928,0.0,0.2829948726908928,BCI IV-2a,5,augmentation,Augmentation,results/calibration_workflow/probabilities/validation_only_selection_bci4_2a_subject5_probabilities.npz
3,0.30000000000000004,0.4,33,0.36134833659178833,0.36363636363636365,0.0022880270445753137,BCI IV-2a,5,augmentation,Augmentation,results/calibration_workflow/probabilities/validation_only_selection_bci4_2a_subject5_probabilities.npz
4,0.4,0.5,52,0.4539335867989601,0.36538461538461536,0.08854897141434476,BCI IV-2a,5,augmentation,Augmentation,results/calibration_workflow/probabilities/validation_only_selection_bci4_2a_subject5_probabilities.npz
5,0.5,0.6000000000000001,54,0.5506574284415069,0.5185185185185185,0.0321389099229884,BCI IV-2a,5,augmentation,Augmentation,results/calibration_workflow/probabilities/validation_only_selection_bci4_2a_subject5_probabilities.npz
6,0.6000000000000001,0.7000000000000001,63,0.6473086303589467,0.5714285714285714,0.0758800589303753,BCI IV-2a,5,augmentation,Augmentation,results/calibration_workflow/probabilities/validation_only_selection_bci4_2a_subject5_probabilities.npz
7,0.7000000000000001,0.8,31,0.7410974621643038,0.6774193548387096,0.0636781073255942,BCI IV-2a,5,augmentation,Augmentation,results/calibration_workflow/probabilities/validation_only_selection_bci4_2a_subject5_probabilities.npz
8,0.8,0.9,36,0.8504028349545415,0.8055555555555556,0.04484727939898592,BCI IV-2a,5,augmentation,Augmentation,results/calibration_workflow/probabilities/validation_only_selection_bci4_2a_subject5_probabilities.npz
9,0.9,1.0,17,0.9316222364212637,0.8823529411764706,0.049269295244793176,BCI IV-2a,5,augmentation,Augmentation,results/calibration_workflow/probabilities/validation_only_selection_bci4_2a_subject5_probabilities.npz
0,0.0,0.1,0,,,,BCI IV-2a,6,augmentation,Augmentation,results/calibration_workflow/probabilities/validation_only_selection_bci4_2a_subject6_probabilities.npz
1,0.1,0.2,0,,,,BCI IV-2a,6,augmentation,Augmentation,results/calibration_workflow/probabilities/validation_only_selection_bci4_2a_subject6_probabilities.npz
2,0.2,0.30000000000000004,0,,,,BCI IV-2a,6,augmentation,Augmentation,results/calibration_workflow/probabilities/validation_only_selection_bci4_2a_subject6_probabilities.npz
3,0.30000000000000004,0.4,28,0.3616375038745345,0.14285714285714285,0.21878036101739168,BCI IV-2a,6,augmentation,Augmentation,results/calibration_workflow/probabilities/validation_only_selection_bci4_2a_subject6_probabilities.npz
4,0.4,0.5,63,0.45070245235042145,0.42857142857142855,0.022131023778992898,BCI IV-2a,6,augmentation,Augmentation,results/calibration_workflow/probabilities/validation_only_selection_bci4_2a_subject6_probabilities.npz
5,0.5,0.6000000000000001,69,0.5393285199086575,0.30434782608695654,0.23498069382170095,BCI IV-2a,6,augmentation,Augmentation,results/calibration_workflow/probabilities/validation_only_selection_bci4_2a_subject6_probabilities.npz
6,0.6000000000000001,0.7000000000000001,52,0.6458632733626899,0.6153846153846154,0.030478657978074475,BCI IV-2a,6,augmentation,Augmentation,results/calibration_workflow/probabilities/validation_only_selection_bci4_2a_subject6_probabilities.npz
7,0.7000000000000001,0.8,33,0.754211779451516,0.6060606060606061,0.14815117339090988,BCI IV-2a,6,augmentation,Augmentation,results/calibration_workflow/probabilities/validation_only_selection_bci4_2a_subject6_probabilities.npz
8,0.8,0.9,34,0.8490107465771087,0.8529411764705882,0.00393042989347947,BCI IV-2a,6,augmentation,Augmentation,results/calibration_workflow/probabilities/validation_only_selection_bci4_2a_subject6_probabilities.npz
9,0.9,1.0,9,0.9334227567031085,0.7777777777777778,0.1556449789253307,BCI IV-2a,6,augmentation,Augmentation,results/calibration_workflow/probabilities/validation_only_selection_bci4_2a_subject6_probabilities.npz
0,0.0,0.1,0,,,,BCI IV-2a,7,augmentation,Augmentation,results/calibration_workflow/probabilities/validation_only_selection_bci4_2a_subject7_probabilities.npz
1,0.1,0.2,0,,,,BCI IV-2a,7,augmentation,Augmentation,results/calibration_workflow/probabilities/validation_only_selection_bci4_2a_subject7_probabilities.npz
2,0.2,0.30000000000000004,0,,,,BCI IV-2a,7,augmentation,Augmentation,results/calibration_workflow/probabilities/validation_only_selection_bci4_2a_subject7_probabilities.npz
3,0.30000000000000004,0.4,0,,,,BCI IV-2a,7,augmentation,Augmentation,results/calibration_workflow/probabilities/validation_only_selection_bci4_2a_subject7_probabilities.npz
4,0.4,0.5,1,0.40686041230389963,0.0,0.40686041230389963,BCI IV-2a,7,augmentation,Augmentation,results/calibration_workflow/probabilities/validation_only_selection_bci4_2a_subject7_probabilities.npz
5,0.5,0.6000000000000001,15,0.5533329939851444,0.6,0.04666700601485563,BCI IV-2a,7,augmentation,Augmentation,results/calibration_workflow/probabilities/validation_only_selection_bci4_2a_subject7_probabilities.npz
6,0.6000000000000001,0.7000000000000001,13,0.6439337643752694,0.5384615384615384,0.10547222591373095,BCI IV-2a,7,augmentation,Augmentation,results/calibration_workflow/probabilities/validation_only_selection_bci4_2a_subject7_probabilities.npz
7,0.7000000000000001,0.8,23,0.7488173149537792,0.7391304347826086,0.009686880171170587,BCI IV-2a,7,augmentation,Augmentation,results/calibration_workflow/probabilities/validation_only_selection_bci4_2a_subject7_probabilities.npz
8,0.8,0.9,26,0.8549987940033051,0.6538461538461539,0.20115264015715129,BCI IV-2a,7,augmentation,Augmentation,results/calibration_workflow/probabilities/validation_only_selection_bci4_2a_subject7_probabilities.npz
9,0.9,1.0,210,0.9829169951002558,0.8761904761904762,0.10672651890977958,BCI IV-2a,7,augmentation,Augmentation,results/calibration_workflow/probabilities/validation_only_selection_bci4_2a_subject7_probabilities.npz
0,0.0,0.1,0,,,,BCI IV-2a,8,augmentation,Augmentation,results/calibration_workflow/probabilities/validation_only_selection_bci4_2a_subject8_probabilities.npz
1,0.1,0.2,0,,,,BCI IV-2a,8,augmentation,Augmentation,results/calibration_workflow/probabilities/validation_only_selection_bci4_2a_subject8_probabilities.npz
2,0.2,0.30000000000000004,0,,,,BCI IV-2a,8,augmentation,Augmentation,results/calibration_workflow/probabilities/validation_only_selection_bci4_2a_subject8_probabilities.npz
3,0.30000000000000004,0.4,0,,,,BCI IV-2a,8,augmentation,Augmentation,results/calibration_workflow/probabilities/validation_only_selection_bci4_2a_subject8_probabilities.npz
4,0.4,0.5,6,0.45132091444273387,0.5,0.04867908555726613,BCI IV-2a,8,augmentation,Augmentation,results/calibration_workflow/probabilities/validation_only_selection_bci4_2a_subject8_probabilities.npz
5,0.5,0.6000000000000001,27,0.5496347706795808,0.6666666666666666,0.11703189598708585,BCI IV-2a,8,augmentation,Augmentation,results/calibration_workflow/probabilities/validation_only_selection_bci4_2a_subject8_probabilities.npz
6,0.6000000000000001,0.7000000000000001,30,0.6510221219094401,0.6333333333333333,0.017688788576106784,BCI IV-2a,8,augmentation,Augmentation,results/calibration_workflow/probabilities/validation_only_selection_bci4_2a_subject8_probabilities.npz
7,0.7000000000000001,0.8,27,0.7398299971245251,0.7037037037037037,0.03612629342082141,BCI IV-2a,8,augmentation,Augmentation,results/calibration_workflow/probabilities/validation_only_selection_bci4_2a_subject8_probabilities.npz
8,0.8,0.9,50,0.854317256577475,0.72,0.13431725657747506,BCI IV-2a,8,augmentation,Augmentation,results/calibration_workflow/probabilities/validation_only_selection_bci4_2a_subject8_probabilities.npz
9,0.9,1.0,148,0.9685263769865688,0.9324324324324325,0.03609394455413639,BCI IV-2a,8,augmentation,Augmentation,results/calibration_workflow/probabilities/validation_only_selection_bci4_2a_subject8_probabilities.npz
0,0.0,0.1,0,,,,BCI IV-2a,9,augmentation,Augmentation,results/calibration_workflow/probabilities/validation_only_selection_bci4_2a_subject9_probabilities.npz
1,0.1,0.2,0,,,,BCI IV-2a,9,augmentation,Augmentation,results/calibration_workflow/probabilities/validation_only_selection_bci4_2a_subject9_probabilities.npz
2,0.2,0.30000000000000004,0,,,,BCI IV-2a,9,augmentation,Augmentation,results/calibration_workflow/probabilities/validation_only_selection_bci4_2a_subject9_probabilities.npz
3,0.30000000000000004,0.4,9,0.3656988155090335,0.2222222222222222,0.14347659328681128,BCI IV-2a,9,augmentation,Augmentation,results/calibration_workflow/probabilities/validation_only_selection_bci4_2a_subject9_probabilities.npz
4,0.4,0.5,16,0.4711228026866612,0.4375,0.03362280268666118,BCI IV-2a,9,augmentation,Augmentation,results/calibration_workflow/probabilities/validation_only_selection_bci4_2a_subject9_probabilities.npz
5,0.5,0.6000000000000001,31,0.5515569729936922,0.5806451612903226,0.0290881882966304,BCI IV-2a,9,augmentation,Augmentation,results/calibration_workflow/probabilities/validation_only_selection_bci4_2a_subject9_probabilities.npz
6,0.6000000000000001,0.7000000000000001,36,0.642057582043567,0.7222222222222222,0.08016464017865521,BCI IV-2a,9,augmentation,Augmentation,results/calibration_workflow/probabilities/validation_only_selection_bci4_2a_subject9_probabilities.npz
7,0.7000000000000001,0.8,53,0.751345895528531,0.8301886792452831,0.07884278371675202,BCI IV-2a,9,augmentation,Augmentation,results/calibration_workflow/probabilities/validation_only_selection_bci4_2a_subject9_probabilities.npz
8,0.8,0.9,47,0.848882079026887,0.8936170212765957,0.04473494224970875,BCI IV-2a,9,augmentation,Augmentation,results/calibration_workflow/probabilities/validation_only_selection_bci4_2a_subject9_probabilities.npz
9,0.9,1.0,72,0.9646333316358484,0.9861111111111112,0.021477779475262748,BCI IV-2a,9,augmentation,Augmentation,results/calibration_workflow/probabilities/validation_only_selection_bci4_2a_subject9_probabilities.npz
0,0.0,0.1,0,,,,BCI IV-2a,1,baseline,Baseline,results/calibration_workflow/probabilities/validation_only_selection_bci4_2a_subject1_probabilities.npz
1,0.1,0.2,0,,,,BCI IV-2a,1,baseline,Baseline,results/calibration_workflow/probabilities/validation_only_selection_bci4_2a_subject1_probabilities.npz
2,0.2,0.30000000000000004,0,,,,BCI IV-2a,1,baseline,Baseline,results/calibration_workflow/probabilities/validation_only_selection_bci4_2a_subject1_probabilities.npz
3,0.30000000000000004,0.4,0,,,,BCI IV-2a,1,baseline,Baseline,results/calibration_workflow/probabilities/validation_only_selection_bci4_2a_subject1_probabilities.npz
4,0.4,0.5,3,0.4654560483411365,0.0,0.4654560483411365,BCI IV-2a,1,baseline,Baseline,results/calibration_workflow/probabilities/validation_only_selection_bci4_2a_subject1_probabilities.npz
5,0.5,0.6000000000000001,36,0.5546343907128151,0.5833333333333334,0.02869894262051831,BCI IV-2a,1,baseline,Baseline,results/calibration_workflow/probabilities/validation_only_selection_bci4_2a_subject1_probabilities.npz
6,0.6000000000000001,0.7000000000000001,39,0.6526232993962023,0.6153846153846154,0.03723868401158692,BCI IV-2a,1,baseline,Baseline,results/calibration_workflow/probabilities/validation_only_selection_bci4_2a_subject1_probabilities.npz
7,0.7000000000000001,0.8,41,0.7528584266143418,0.7560975609756098,0.0032391343612679924,BCI IV-2a,1,baseline,Baseline,results/calibration_workflow/probabilities/validation_only_selection_bci4_2a_subject1_probabilities.npz
8,0.8,0.9,42,0.8569424382383579,0.7619047619047619,0.09503767633359606,BCI IV-2a,1,baseline,Baseline,results/calibration_workflow/probabilities/validation_only_selection_bci4_2a_subject1_probabilities.npz
9,0.9,1.0,127,0.9765627862509652,0.968503937007874,0.008058849243091193,BCI IV-2a,1,baseline,Baseline,results/calibration_workflow/probabilities/validation_only_selection_bci4_2a_subject1_probabilities.npz
0,0.0,0.1,0,,,,BCI IV-2a,2,baseline,Baseline,results/calibration_workflow/probabilities/validation_only_selection_bci4_2a_subject2_probabilities.npz
1,0.1,0.2,0,,,,BCI IV-2a,2,baseline,Baseline,results/calibration_workflow/probabilities/validation_only_selection_bci4_2a_subject2_probabilities.npz
2,0.2,0.30000000000000004,0,,,,BCI IV-2a,2,baseline,Baseline,results/calibration_workflow/probabilities/validation_only_selection_bci4_2a_subject2_probabilities.npz
3,0.30000000000000004,0.4,27,0.3699722458841723,0.37037037037037035,0.000398124486198026,BCI IV-2a,2,baseline,Baseline,results/calibration_workflow/probabilities/validation_only_selection_bci4_2a_subject2_probabilities.npz
4,0.4,0.5,110,0.4487075509682362,0.41818181818181815,0.03052573278641807,BCI IV-2a,2,baseline,Baseline,results/calibration_workflow/probabilities/validation_only_selection_bci4_2a_subject2_probabilities.npz
5,0.5,0.6000000000000001,76,0.5453830286034859,0.5263157894736842,0.019067239129801683,BCI IV-2a,2,baseline,Baseline,results/calibration_workflow/probabilities/validation_only_selection_bci4_2a_subject2_probabilities.npz
6,0.6000000000000001,0.7000000000000001,31,0.650894905789464,0.6774193548387096,0.02652444904924567,BCI IV-2a,2,baseline,Baseline,results/calibration_workflow/probabilities/validation_only_selection_bci4_2a_subject2_probabilities.npz
7,0.7000000000000001,0.8,18,0.7520584992475663,0.6111111111111112,0.14094738813645513,BCI IV-2a,2,baseline,Baseline,results/calibration_workflow/probabilities/validation_only_selection_bci4_2a_subject2_probabilities.npz
8,0.8,0.9,16,0.8558848272408983,0.875,0.019115172759101684,BCI IV-2a,2,baseline,Baseline,results/calibration_workflow/probabilities/validation_only_selection_bci4_2a_subject2_probabilities.npz
9,0.9,1.0,10,0.9454553127228451,0.8,0.14545531272284506,BCI IV-2a,2,baseline,Baseline,results/calibration_workflow/probabilities/validation_only_selection_bci4_2a_subject2_probabilities.npz
0,0.0,0.1,0,,,,BCI IV-2a,3,baseline,Baseline,results/calibration_workflow/probabilities/validation_only_selection_bci4_2a_subject3_probabilities.npz
1,0.1,0.2,0,,,,BCI IV-2a,3,baseline,Baseline,results/calibration_workflow/probabilities/validation_only_selection_bci4_2a_subject3_probabilities.npz
2,0.2,0.30000000000000004,0,,,,BCI IV-2a,3,baseline,Baseline,results/calibration_workflow/probabilities/validation_only_selection_bci4_2a_subject3_probabilities.npz
3,0.30000000000000004,0.4,1,0.3948232287301586,0.0,0.3948232287301586,BCI IV-2a,3,baseline,Baseline,results/calibration_workflow/probabilities/validation_only_selection_bci4_2a_subject3_probabilities.npz
4,0.4,0.5,2,0.4652305109209911,1.0,0.5347694890790089,BCI IV-2a,3,baseline,Baseline,results/calibration_workflow/probabilities/validation_only_selection_bci4_2a_subject3_probabilities.npz
5,0.5,0.6000000000000001,9,0.5636320405030957,0.3333333333333333,0.23029870716976236,BCI IV-2a,3,baseline,Baseline,results/calibration_workflow/probabilities/validation_only_selection_bci4_2a_subject3_probabilities.npz
6,0.6000000000000001,0.7000000000000001,11,0.6504002950865954,0.6363636363636364,0.014036658722959006,BCI IV-2a,3,baseline,Baseline,results/calibration_workflow/probabilities/validation_only_selection_bci4_2a_subject3_probabilities.npz
7,0.7000000000000001,0.8,16,0.7512906209397849,0.875,0.12370937906021506,BCI IV-2a,3,baseline,Baseline,results/calibration_workflow/probabilities/validation_only_selection_bci4_2a_subject3_probabilities.npz
8,0.8,0.9,25,0.8470245184681591,0.88,0.03297548153184093,BCI IV-2a,3,baseline,Baseline,results/calibration_workflow/probabilities/validation_only_selection_bci4_2a_subject3_probabilities.npz
9,0.9,1.0,224,0.9854232599752992,0.96875,0.016673259975299226,BCI IV-2a,3,baseline,Baseline,results/calibration_workflow/probabilities/validation_only_selection_bci4_2a_subject3_probabilities.npz
0,0.0,0.1,0,,,,BCI IV-2a,4,baseline,Baseline,results/calibration_workflow/probabilities/validation_only_selection_bci4_2a_subject4_probabilities.npz
1,0.1,0.2,0,,,,BCI IV-2a,4,baseline,Baseline,results/calibration_workflow/probabilities/validation_only_selection_bci4_2a_subject4_probabilities.npz
2,0.2,0.30000000000000004,0,,,,BCI IV-2a,4,baseline,Baseline,results/calibration_workflow/probabilities/validation_only_selection_bci4_2a_subject4_probabilities.npz
3,0.30000000000000004,0.4,15,0.37142519257590195,0.26666666666666666,0.10475852590923529,BCI IV-2a,4,baseline,Baseline,results/calibration_workflow/probabilities/validation_only_selection_bci4_2a_subject4_probabilities.npz
4,0.4,0.5,44,0.4537836434724168,0.4090909090909091,0.04469273438150767,BCI IV-2a,4,baseline,Baseline,results/calibration_workflow/probabilities/validation_only_selection_bci4_2a_subject4_probabilities.npz
5,0.5,0.6000000000000001,46,0.5541672952936839,0.5434782608695652,0.010689034424118726,BCI IV-2a,4,baseline,Baseline,results/calibration_workflow/probabilities/validation_only_selection_bci4_2a_subject4_probabilities.npz
6,0.6000000000000001,0.7000000000000001,51,0.6545203680185845,0.6666666666666666,0.012146298648082143,BCI IV-2a,4,baseline,Baseline,results/calibration_workflow/probabilities/validation_only_selection_bci4_2a_subject4_probabilities.npz
7,0.7000000000000001,0.8,44,0.7521876340272695,0.7727272727272727,0.020539638700003193,BCI IV-2a,4,baseline,Baseline,results/calibration_workflow/probabilities/validation_only_selection_bci4_2a_subject4_probabilities.npz
8,0.8,0.9,50,0.8531799594890321,0.9,0.046820040510967886,BCI IV-2a,4,baseline,Baseline,results/calibration_workflow/probabilities/validation_only_selection_bci4_2a_subject4_probabilities.npz
9,0.9,1.0,38,0.9378338209428694,0.9736842105263158,0.03585038958344644,BCI IV-2a,4,baseline,Baseline,results/calibration_workflow/probabilities/validation_only_selection_bci4_2a_subject4_probabilities.npz
0,0.0,0.1,0,,,,BCI IV-2a,5,baseline,Baseline,results/calibration_workflow/probabilities/validation_only_selection_bci4_2a_subject5_probabilities.npz
1,0.1,0.2,0,,,,BCI IV-2a,5,baseline,Baseline,results/calibration_workflow/probabilities/validation_only_selection_bci4_2a_subject5_probabilities.npz
2,0.2,0.30000000000000004,2,0.2829948726908928,0.0,0.2829948726908928,BCI IV-2a,5,baseline,Baseline,results/calibration_workflow/probabilities/validation_only_selection_bci4_2a_subject5_probabilities.npz
3,0.30000000000000004,0.4,33,0.36134833659178833,0.36363636363636365,0.0022880270445753137,BCI IV-2a,5,baseline,Baseline,results/calibration_workflow/probabilities/validation_only_selection_bci4_2a_subject5_probabilities.npz
4,0.4,0.5,52,0.4539335867989601,0.36538461538461536,0.08854897141434476,BCI IV-2a,5,baseline,Baseline,results/calibration_workflow/probabilities/validation_only_selection_bci4_2a_subject5_probabilities.npz
5,0.5,0.6000000000000001,54,0.5506574284415069,0.5185185185185185,0.0321389099229884,BCI IV-2a,5,baseline,Baseline,results/calibration_workflow/probabilities/validation_only_selection_bci4_2a_subject5_probabilities.npz
6,0.6000000000000001,0.7000000000000001,63,0.6473086303589467,0.5714285714285714,0.0758800589303753,BCI IV-2a,5,baseline,Baseline,results/calibration_workflow/probabilities/validation_only_selection_bci4_2a_subject5_probabilities.npz
7,0.7000000000000001,0.8,31,0.7410974621643038,0.6774193548387096,0.0636781073255942,BCI IV-2a,5,baseline,Baseline,results/calibration_workflow/probabilities/validation_only_selection_bci4_2a_subject5_probabilities.npz
8,0.8,0.9,36,0.8504028349545415,0.8055555555555556,0.04484727939898592,BCI IV-2a,5,baseline,Baseline,results/calibration_workflow/probabilities/validation_only_selection_bci4_2a_subject5_probabilities.npz
9,0.9,1.0,17,0.9316222364212637,0.8823529411764706,0.049269295244793176,BCI IV-2a,5,baseline,Baseline,results/calibration_workflow/probabilities/validation_only_selection_bci4_2a_subject5_probabilities.npz
0,0.0,0.1,0,,,,BCI IV-2a,6,baseline,Baseline,results/calibration_workflow/probabilities/validation_only_selection_bci4_2a_subject6_probabilities.npz
1,0.1,0.2,0,,,,BCI IV-2a,6,baseline,Baseline,results/calibration_workflow/probabilities/validation_only_selection_bci4_2a_subject6_probabilities.npz
2,0.2,0.30000000000000004,0,,,,BCI IV-2a,6,baseline,Baseline,results/calibration_workflow/probabilities/validation_only_selection_bci4_2a_subject6_probabilities.npz
3,0.30000000000000004,0.4,28,0.3616375038745345,0.14285714285714285,0.21878036101739168,BCI IV-2a,6,baseline,Baseline,results/calibration_workflow/probabilities/validation_only_selection_bci4_2a_subject6_probabilities.npz
4,0.4,0.5,63,0.45070245235042145,0.42857142857142855,0.022131023778992898,BCI IV-2a,6,baseline,Baseline,results/calibration_workflow/probabilities/validation_only_selection_bci4_2a_subject6_probabilities.npz
5,0.5,0.6000000000000001,69,0.5393285199086575,0.30434782608695654,0.23498069382170095,BCI IV-2a,6,baseline,Baseline,results/calibration_workflow/probabilities/validation_only_selection_bci4_2a_subject6_probabilities.npz
6,0.6000000000000001,0.7000000000000001,52,0.6458632733626899,0.6153846153846154,0.030478657978074475,BCI IV-2a,6,baseline,Baseline,results/calibration_workflow/probabilities/validation_only_selection_bci4_2a_subject6_probabilities.npz
7,0.7000000000000001,0.8,33,0.754211779451516,0.6060606060606061,0.14815117339090988,BCI IV-2a,6,baseline,Baseline,results/calibration_workflow/probabilities/validation_only_selection_bci4_2a_subject6_probabilities.npz
8,0.8,0.9,34,0.8490107465771087,0.8529411764705882,0.00393042989347947,BCI IV-2a,6,baseline,Baseline,results/calibration_workflow/probabilities/validation_only_selection_bci4_2a_subject6_probabilities.npz
9,0.9,1.0,9,0.9334227567031085,0.7777777777777778,0.1556449789253307,BCI IV-2a,6,baseline,Baseline,results/calibration_workflow/probabilities/validation_only_selection_bci4_2a_subject6_probabilities.npz
0,0.0,0.1,0,,,,BCI IV-2a,7,baseline,Baseline,results/calibration_workflow/probabilities/validation_only_selection_bci4_2a_subject7_probabilities.npz
1,0.1,0.2,0,,,,BCI IV-2a,7,baseline,Baseline,results/calibration_workflow/probabilities/validation_only_selection_bci4_2a_subject7_probabilities.npz
2,0.2,0.30000000000000004,0,,,,BCI IV-2a,7,baseline,Baseline,results/calibration_workflow/probabilities/validation_only_selection_bci4_2a_subject7_probabilities.npz
3,0.30000000000000004,0.4,0,,,,BCI IV-2a,7,baseline,Baseline,results/calibration_workflow/probabilities/validation_only_selection_bci4_2a_subject7_probabilities.npz
4,0.4,0.5,3,0.4678106288818788,0.0,0.4678106288818788,BCI IV-2a,7,baseline,Baseline,results/calibration_workflow/probabilities/validation_only_selection_bci4_2a_subject7_probabilities.npz
5,0.5,0.6000000000000001,35,0.5532415255263138,0.5428571428571428,0.010384382669170966,BCI IV-2a,7,baseline,Baseline,results/calibration_workflow/probabilities/validation_only_selection_bci4_2a_subject7_probabilities.npz
6,0.6000000000000001,0.7000000000000001,24,0.6522448587661421,0.6666666666666666,0.014421807900524497,BCI IV-2a,7,baseline,Baseline,results/calibration_workflow/probabilities/validation_only_selection_bci4_2a_subject7_probabilities.npz
7,0.7000000000000001,0.8,41,0.7536351118096629,0.5853658536585366,0.16826925815112637,BCI IV-2a,7,baseline,Baseline,results/calibration_workflow/probabilities/validation_only_selection_bci4_2a_subject7_probabilities.npz
8,0.8,0.9,51,0.8489434293846457,0.6666666666666666,0.1822767627179791,BCI IV-2a,7,baseline,Baseline,results/calibration_workflow/probabilities/validation_only_selection_bci4_2a_subject7_probabilities.npz
9,0.9,1.0,134,0.9730240925185092,0.8507462686567164,0.12227782386179276,BCI IV-2a,7,baseline,Baseline,results/calibration_workflow/probabilities/validation_only_selection_bci4_2a_subject7_probabilities.npz
0,0.0,0.1,0,,,,BCI IV-2a,8,baseline,Baseline,results/calibration_workflow/probabilities/validation_only_selection_bci4_2a_subject8_probabilities.npz
1,0.1,0.2,0,,,,BCI IV-2a,8,baseline,Baseline,results/calibration_workflow/probabilities/validation_only_selection_bci4_2a_subject8_probabilities.npz
2,0.2,0.30000000000000004,0,,,,BCI IV-2a,8,baseline,Baseline,results/calibration_workflow/probabilities/validation_only_selection_bci4_2a_subject8_probabilities.npz
3,0.30000000000000004,0.4,0,,,,BCI IV-2a,8,baseline,Baseline,results/calibration_workflow/probabilities/validation_only_selection_bci4_2a_subject8_probabilities.npz
4,0.4,0.5,6,0.45132091444273387,0.5,0.04867908555726613,BCI IV-2a,8,baseline,Baseline,results/calibration_workflow/probabilities/validation_only_selection_bci4_2a_subject8_probabilities.npz
5,0.5,0.6000000000000001,27,0.5496347706795808,0.6666666666666666,0.11703189598708585,BCI IV-2a,8,baseline,Baseline,results/calibration_workflow/probabilities/validation_only_selection_bci4_2a_subject8_probabilities.npz
6,0.6000000000000001,0.7000000000000001,30,0.6510221219094401,0.6333333333333333,0.017688788576106784,BCI IV-2a,8,baseline,Baseline,results/calibration_workflow/probabilities/validation_only_selection_bci4_2a_subject8_probabilities.npz
7,0.7000000000000001,0.8,27,0.7398299971245251,0.7037037037037037,0.03612629342082141,BCI IV-2a,8,baseline,Baseline,results/calibration_workflow/probabilities/validation_only_selection_bci4_2a_subject8_probabilities.npz
8,0.8,0.9,50,0.854317256577475,0.72,0.13431725657747506,BCI IV-2a,8,baseline,Baseline,results/calibration_workflow/probabilities/validation_only_selection_bci4_2a_subject8_probabilities.npz
9,0.9,1.0,148,0.9685263769865688,0.9324324324324325,0.03609394455413639,BCI IV-2a,8,baseline,Baseline,results/calibration_workflow/probabilities/validation_only_selection_bci4_2a_subject8_probabilities.npz
0,0.0,0.1,0,,,,BCI IV-2a,9,baseline,Baseline,results/calibration_workflow/probabilities/validation_only_selection_bci4_2a_subject9_probabilities.npz
1,0.1,0.2,0,,,,BCI IV-2a,9,baseline,Baseline,results/calibration_workflow/probabilities/validation_only_selection_bci4_2a_subject9_probabilities.npz
2,0.2,0.30000000000000004,0,,,,BCI IV-2a,9,baseline,Baseline,results/calibration_workflow/probabilities/validation_only_selection_bci4_2a_subject9_probabilities.npz
3,0.30000000000000004,0.4,5,0.3679946988821393,0.4,0.03200530111786071,BCI IV-2a,9,baseline,Baseline,results/calibration_workflow/probabilities/validation_only_selection_bci4_2a_subject9_probabilities.npz
4,0.4,0.5,26,0.45470830286798597,0.38461538461538464,0.07009291825260133,BCI IV-2a,9,baseline,Baseline,results/calibration_workflow/probabilities/validation_only_selection_bci4_2a_subject9_probabilities.npz
5,0.5,0.6000000000000001,33,0.5482585380834727,0.6363636363636364,0.08810509828016366,BCI IV-2a,9,baseline,Baseline,results/calibration_workflow/probabilities/validation_only_selection_bci4_2a_subject9_probabilities.npz
6,0.6000000000000001,0.7000000000000001,41,0.6491134302824414,0.6585365853658537,0.009423155083412293,BCI IV-2a,9,baseline,Baseline,results/calibration_workflow/probabilities/validation_only_selection_bci4_2a_subject9_probabilities.npz
7,0.7000000000000001,0.8,56,0.7468270403303074,0.8392857142857143,0.09245867395540686,BCI IV-2a,9,baseline,Baseline,results/calibration_workflow/probabilities/validation_only_selection_bci4_2a_subject9_probabilities.npz
8,0.8,0.9,42,0.8471270577718839,0.9285714285714286,0.0814443707995447,BCI IV-2a,9,baseline,Baseline,results/calibration_workflow/probabilities/validation_only_selection_bci4_2a_subject9_probabilities.npz
9,0.9,1.0,61,0.9693113816108715,0.9344262295081968,0.03488515210267473,BCI IV-2a,9,baseline,Baseline,results/calibration_workflow/probabilities/validation_only_selection_bci4_2a_subject9_probabilities.npz
0,0.0,0.1,0,,,,BCI IV-2a,1,seed_ensemble,Seed ensemble,results/calibration_workflow/probabilities/validation_only_selection_bci4_2a_subject1_probabilities.npz
1,0.1,0.2,0,,,,BCI IV-2a,1,seed_ensemble,Seed ensemble,results/calibration_workflow/probabilities/validation_only_selection_bci4_2a_subject1_probabilities.npz
2,0.2,0.30000000000000004,0,,,,BCI IV-2a,1,seed_ensemble,Seed ensemble,results/calibration_workflow/probabilities/validation_only_selection_bci4_2a_subject1_probabilities.npz
3,0.30000000000000004,0.4,1,0.37920227845755905,1.0,0.620797721542441,BCI IV-2a,1,seed_ensemble,Seed ensemble,results/calibration_workflow/probabilities/validation_only_selection_bci4_2a_subject1_probabilities.npz
4,0.4,0.5,1,0.4747014025924443,1.0,0.5252985974075557,BCI IV-2a,1,seed_ensemble,Seed ensemble,results/calibration_workflow/probabilities/validation_only_selection_bci4_2a_subject1_probabilities.npz
5,0.5,0.6000000000000001,16,0.5528102455565639,0.5625,0.009689754443436116,BCI IV-2a,1,seed_ensemble,Seed ensemble,results/calibration_workflow/probabilities/validation_only_selection_bci4_2a_subject1_probabilities.npz
6,0.6000000000000001,0.7000000000000001,24,0.6529996081637038,0.625,0.027999608163703837,BCI IV-2a,1,seed_ensemble,Seed ensemble,results/calibration_workflow/probabilities/validation_only_selection_bci4_2a_subject1_probabilities.npz
7,0.7000000000000001,0.8,13,0.7401820035866388,0.6153846153846154,0.12479738820202335,BCI IV-2a,1,seed_ensemble,Seed ensemble,results/calibration_workflow/probabilities/validation_only_selection_bci4_2a_subject1_probabilities.npz
8,0.8,0.9,45,0.8544355606821255,0.8444444444444444,0.009991116237681008,BCI IV-2a,1,seed_ensemble,Seed ensemble,results/calibration_workflow/probabilities/validation_only_selection_bci4_2a_subject1_probabilities.npz
9,0.9,1.0,188,0.9772040002607971,0.9202127659574468,0.05699123430335029,BCI IV-2a,1,seed_ensemble,Seed ensemble,results/calibration_workflow/probabilities/validation_only_selection_bci4_2a_subject1_probabilities.npz
0,0.0,0.1,0,,,,BCI IV-2a,2,seed_ensemble,Seed ensemble,results/calibration_workflow/probabilities/validation_only_selection_bci4_2a_subject2_probabilities.npz
1,0.1,0.2,0,,,,BCI IV-2a,2,seed_ensemble,Seed ensemble,results/calibration_workflow/probabilities/validation_only_selection_bci4_2a_subject2_probabilities.npz
2,0.2,0.30000000000000004,1,0.29981511384524234,0.0,0.29981511384524234,BCI IV-2a,2,seed_ensemble,Seed ensemble,results/calibration_workflow/probabilities/validation_only_selection_bci4_2a_subject2_probabilities.npz
3,0.30000000000000004,0.4,51,0.36372212789393826,0.5098039215686274,0.14608179367468915,BCI IV-2a,2,seed_ensemble,Seed ensemble,results/calibration_workflow/probabilities/validation_only_selection_bci4_2a_subject2_probabilities.npz
4,0.4,0.5,72,0.44502638923779414,0.3472222222222222,0.09780416701557193,BCI IV-2a,2,seed_ensemble,Seed ensemble,results/calibration_workflow/probabilities/validation_only_selection_bci4_2a_subject2_probabilities.npz
5,0.5,0.6000000000000001,36,0.545915629101176,0.4722222222222222,0.07369340687895376,BCI IV-2a,2,seed_ensemble,Seed ensemble,results/calibration_workflow/probabilities/validation_only_selection_bci4_2a_subject2_probabilities.npz
6,0.6000000000000001,0.7000000000000001,31,0.6417272773829101,0.45161290322580644,0.1901143741571037,BCI IV-2a,2,seed_ensemble,Seed ensemble,results/calibration_workflow/probabilities/validation_only_selection_bci4_2a_subject2_probabilities.npz
7,0.7000000000000001,0.8,36,0.7558407931231299,0.6666666666666666,0.08917412645646328,BCI IV-2a,2,seed_ensemble,Seed ensemble,results/calibration_workflow/probabilities/validation_only_selection_bci4_2a_subject2_probabilities.npz
8,0.8,0.9,25,0.8505290796122086,0.8,0.05052907961220854,BCI IV-2a,2,seed_ensemble,Seed ensemble,results/calibration_workflow/probabilities/validation_only_selection_bci4_2a_subject2_probabilities.npz
9,0.9,1.0,36,0.9490615791482279,0.9166666666666666,0.03239491248156123,BCI IV-2a,2,seed_ensemble,Seed ensemble,results/calibration_workflow/probabilities/validation_only_selection_bci4_2a_subject2_probabilities.npz
0,0.0,0.1,0,,,,BCI IV-2a,3,seed_ensemble,Seed ensemble,results/calibration_workflow/probabilities/validation_only_selection_bci4_2a_subject3_probabilities.npz
1,0.1,0.2,0,,,,BCI IV-2a,3,seed_ensemble,Seed ensemble,results/calibration_workflow/probabilities/validation_only_selection_bci4_2a_subject3_probabilities.npz
2,0.2,0.30000000000000004,0,,,,BCI IV-2a,3,seed_ensemble,Seed ensemble,results/calibration_workflow/probabilities/validation_only_selection_bci4_2a_subject3_probabilities.npz
3,0.30000000000000004,0.4,0,,,,BCI IV-2a,3,seed_ensemble,Seed ensemble,results/calibration_workflow/probabilities/validation_only_selection_bci4_2a_subject3_probabilities.npz
4,0.4,0.5,3,0.45714861207871355,0.6666666666666666,0.20951805458795308,BCI IV-2a,3,seed_ensemble,Seed ensemble,results/calibration_workflow/probabilities/validation_only_selection_bci4_2a_subject3_probabilities.npz
5,0.5,0.6000000000000001,9,0.5341867351627223,0.5555555555555556,0.021368820392833277,BCI IV-2a,3,seed_ensemble,Seed ensemble,results/calibration_workflow/probabilities/validation_only_selection_bci4_2a_subject3_probabilities.npz
6,0.6000000000000001,0.7000000000000001,11,0.6601357012790806,0.5454545454545454,0.1146811558245352,BCI IV-2a,3,seed_ensemble,Seed ensemble,results/calibration_workflow/probabilities/validation_only_selection_bci4_2a_subject3_probabilities.npz
7,0.7000000000000001,0.8,12,0.762680936506733,0.8333333333333334,0.0706523968266004,BCI IV-2a,3,seed_ensemble,Seed ensemble,results/calibration_workflow/probabilities/validation_only_selection_bci4_2a_subject3_probabilities.npz
8,0.8,0.9,29,0.855429387517738,0.9310344827586207,0.07560509524088266,BCI IV-2a,3,seed_ensemble,Seed ensemble,results/calibration_workflow/probabilities/validation_only_selection_bci4_2a_subject3_probabilities.npz
9,0.9,1.0,224,0.9865056323339925,0.9866071428571429,0.00010151052315043874,BCI IV-2a,3,seed_ensemble,Seed ensemble,results/calibration_workflow/probabilities/validation_only_selection_bci4_2a_subject3_probabilities.npz
0,0.0,0.1,0,,,,BCI IV-2a,4,seed_ensemble,Seed ensemble,results/calibration_workflow/probabilities/validation_only_selection_bci4_2a_subject4_probabilities.npz
1,0.1,0.2,0,,,,BCI IV-2a,4,seed_ensemble,Seed ensemble,results/calibration_workflow/probabilities/validation_only_selection_bci4_2a_subject4_probabilities.npz
2,0.2,0.30000000000000004,0,,,,BCI IV-2a,4,seed_ensemble,Seed ensemble,results/calibration_workflow/probabilities/validation_only_selection_bci4_2a_subject4_probabilities.npz
3,0.30000000000000004,0.4,15,0.3738083798250526,0.4666666666666667,0.09285828684161407,BCI IV-2a,4,seed_ensemble,Seed ensemble,results/calibration_workflow/probabilities/validation_only_selection_bci4_2a_subject4_probabilities.npz
4,0.4,0.5,32,0.4597119636261502,0.46875,0.009038036373849812,BCI IV-2a,4,seed_ensemble,Seed ensemble,results/calibration_workflow/probabilities/validation_only_selection_bci4_2a_subject4_probabilities.npz
5,0.5,0.6000000000000001,59,0.5530715905381965,0.6271186440677966,0.07404705352960006,BCI IV-2a,4,seed_ensemble,Seed ensemble,results/calibration_workflow/probabilities/validation_only_selection_bci4_2a_subject4_probabilities.npz
6,0.6000000000000001,0.7000000000000001,50,0.6503225672124411,0.56,0.09032256721244103,BCI IV-2a,4,seed_ensemble,Seed ensemble,results/calibration_workflow/probabilities/validation_only_selection_bci4_2a_subject4_probabilities.npz
7,0.7000000000000001,0.8,40,0.7488291493272777,0.875,0.12617085067272227,BCI IV-2a,4,seed_ensemble,Seed ensemble,results/calibration_workflow/probabilities/validation_only_selection_bci4_2a_subject4_probabilities.npz
8,0.8,0.9,53,0.8462127108961645,0.9245283018867925,0.07831559099062801,BCI IV-2a,4,seed_ensemble,Seed ensemble,results/calibration_workflow/probabilities/validation_only_selection_bci4_2a_subject4_probabilities.npz
9,0.9,1.0,39,0.9416425746958202,0.9230769230769231,0.018565651618897117,BCI IV-2a,4,seed_ensemble,Seed ensemble,results/calibration_workflow/probabilities/validation_only_selection_bci4_2a_subject4_probabilities.npz
0,0.0,0.1,0,,,,BCI IV-2a,5,seed_ensemble,Seed ensemble,results/calibration_workflow/probabilities/validation_only_selection_bci4_2a_subject5_probabilities.npz
1,0.1,0.2,0,,,,BCI IV-2a,5,seed_ensemble,Seed ensemble,results/calibration_workflow/probabilities/validation_only_selection_bci4_2a_subject5_probabilities.npz
2,0.2,0.30000000000000004,2,0.2926060409314018,0.5,0.2073939590685982,BCI IV-2a,5,seed_ensemble,Seed ensemble,results/calibration_workflow/probabilities/validation_only_selection_bci4_2a_subject5_probabilities.npz
3,0.30000000000000004,0.4,30,0.36245142907872663,0.3333333333333333,0.029118095745393313,BCI IV-2a,5,seed_ensemble,Seed ensemble,results/calibration_workflow/probabilities/validation_only_selection_bci4_2a_subject5_probabilities.npz
4,0.4,0.5,56,0.4555761095789291,0.44642857142857145,0.009147538150357626,BCI IV-2a,5,seed_ensemble,Seed ensemble,results/calibration_workflow/probabilities/validation_only_selection_bci4_2a_subject5_probabilities.npz
5,0.5,0.6000000000000001,66,0.5451681244266936,0.48484848484848486,0.06031963957820874,BCI IV-2a,5,seed_ensemble,Seed ensemble,results/calibration_workflow/probabilities/validation_only_selection_bci4_2a_subject5_probabilities.npz
6,0.6000000000000001,0.7000000000000001,48,0.6468512452307398,0.5625,0.08435124523073978,BCI IV-2a,5,seed_ensemble,Seed ensemble,results/calibration_workflow/probabilities/validation_only_selection_bci4_2a_subject5_probabilities.npz
7,0.7000000000000001,0.8,38,0.747721715319565,0.7105263157894737,0.03719539953009132,BCI IV-2a,5,seed_ensemble,Seed ensemble,results/calibration_workflow/probabilities/validation_only_selection_bci4_2a_subject5_probabilities.npz
8,0.8,0.9,33,0.8434342185495468,0.7575757575757576,0.08585846097378924,BCI IV-2a,5,seed_ensemble,Seed ensemble,results/calibration_workflow/probabilities/validation_only_selection_bci4_2a_subject5_probabilities.npz
9,0.9,1.0,15,0.9245374310090314,0.8,0.12453743100903136,BCI IV-2a,5,seed_ensemble,Seed ensemble,results/calibration_workflow/probabilities/validation_only_selection_bci4_2a_subject5_probabilities.npz
0,0.0,0.1,0,,,,BCI IV-2a,6,seed_ensemble,Seed ensemble,results/calibration_workflow/probabilities/validation_only_selection_bci4_2a_subject6_probabilities.npz
1,0.1,0.2,0,,,,BCI IV-2a,6,seed_ensemble,Seed ensemble,results/calibration_workflow/probabilities/validation_only_selection_bci4_2a_subject6_probabilities.npz
2,0.2,0.30000000000000004,0,,,,BCI IV-2a,6,seed_ensemble,Seed ensemble,results/calibration_workflow/probabilities/validation_only_selection_bci4_2a_subject6_probabilities.npz
3,0.30000000000000004,0.4,28,0.36322882741803725,0.14285714285714285,0.2203716845608944,BCI IV-2a,6,seed_ensemble,Seed ensemble,results/calibration_workflow/probabilities/validation_only_selection_bci4_2a_subject6_probabilities.npz
4,0.4,0.5,77,0.4524197667872567,0.35064935064935066,0.10177041613790605,BCI IV-2a,6,seed_ensemble,Seed ensemble,results/calibration_workflow/probabilities/validation_only_selection_bci4_2a_subject6_probabilities.npz
5,0.5,0.6000000000000001,53,0.5463008814376494,0.4716981132075472,0.07460276823010226,BCI IV-2a,6,seed_ensemble,Seed ensemble,results/calibration_workflow/probabilities/validation_only_selection_bci4_2a_subject6_probabilities.npz
6,0.6000000000000001,0.7000000000000001,42,0.6424200296473435,0.40476190476190477,0.2376581248854387,BCI IV-2a,6,seed_ensemble,Seed ensemble,results/calibration_workflow/probabilities/validation_only_selection_bci4_2a_subject6_probabilities.npz
7,0.7000000000000001,0.8,47,0.7482042271221311,0.6808510638297872,0.06735316329234387,BCI IV-2a,6,seed_ensemble,Seed ensemble,results/calibration_workflow/probabilities/validation_only_selection_bci4_2a_subject6_probabilities.npz
8,0.8,0.9,29,0.8497798143375851,0.8275862068965517,0.02219360744103338,BCI IV-2a,6,seed_ensemble,Seed ensemble,results/calibration_workflow/probabilities/validation_only_selection_bci4_2a_subject6_probabilities.npz
9,0.9,1.0,12,0.9274675583831463,0.8333333333333334,0.09413422504981295,BCI IV-2a,6,seed_ensemble,Seed ensemble,results/calibration_workflow/probabilities/validation_only_selection_bci4_2a_subject6_probabilities.npz
0,0.0,0.1,0,,,,BCI IV-2a,7,seed_ensemble,Seed ensemble,results/calibration_workflow/probabilities/validation_only_selection_bci4_2a_subject7_probabilities.npz
1,0.1,0.2,0,,,,BCI IV-2a,7,seed_ensemble,Seed ensemble,results/calibration_workflow/probabilities/validation_only_selection_bci4_2a_subject7_probabilities.npz
2,0.2,0.30000000000000004,0,,,,BCI IV-2a,7,seed_ensemble,Seed ensemble,results/calibration_workflow/probabilities/validation_only_selection_bci4_2a_subject7_probabilities.npz
3,0.30000000000000004,0.4,0,,,,BCI IV-2a,7,seed_ensemble,Seed ensemble,results/calibration_workflow/probabilities/validation_only_selection_bci4_2a_subject7_probabilities.npz
4,0.4,0.5,2,0.43632277070764147,0.0,0.43632277070764147,BCI IV-2a,7,seed_ensemble,Seed ensemble,results/calibration_workflow/probabilities/validation_only_selection_bci4_2a_subject7_probabilities.npz
5,0.5,0.6000000000000001,29,0.5459944759211506,0.4827586206896552,0.06323585523149539,BCI IV-2a,7,seed_ensemble,Seed ensemble,results/calibration_workflow/probabilities/validation_only_selection_bci4_2a_subject7_probabilities.npz
6,0.6000000000000001,0.7000000000000001,19,0.6493375351241865,0.3684210526315789,0.28091648249260753,BCI IV-2a,7,seed_ensemble,Seed ensemble,results/calibration_workflow/probabilities/validation_only_selection_bci4_2a_subject7_probabilities.npz
7,0.7000000000000001,0.8,27,0.7418991149207378,0.6296296296296297,0.11226948529110814,BCI IV-2a,7,seed_ensemble,Seed ensemble,results/calibration_workflow/probabilities/validation_only_selection_bci4_2a_subject7_probabilities.npz
8,0.8,0.9,43,0.8593280864419053,0.6511627906976745,0.20816529574423082,BCI IV-2a,7,seed_ensemble,Seed ensemble,results/calibration_workflow/probabilities/validation_only_selection_bci4_2a_subject7_probabilities.npz
9,0.9,1.0,168,0.9767692389490558,0.8571428571428571,0.11962638180619867,BCI IV-2a,7,seed_ensemble,Seed ensemble,results/calibration_workflow/probabilities/validation_only_selection_bci4_2a_subject7_probabilities.npz
0,0.0,0.1,0,,,,BCI IV-2a,8,seed_ensemble,Seed ensemble,results/calibration_workflow/probabilities/validation_only_selection_bci4_2a_subject8_probabilities.npz
1,0.1,0.2,0,,,,BCI IV-2a,8,seed_ensemble,Seed ensemble,results/calibration_workflow/probabilities/validation_only_selection_bci4_2a_subject8_probabilities.npz
2,0.2,0.30000000000000004,0,,,,BCI IV-2a,8,seed_ensemble,Seed ensemble,results/calibration_workflow/probabilities/validation_only_selection_bci4_2a_subject8_probabilities.npz
3,0.30000000000000004,0.4,2,0.37099576463675243,0.0,0.37099576463675243,BCI IV-2a,8,seed_ensemble,Seed ensemble,results/calibration_workflow/probabilities/validation_only_selection_bci4_2a_subject8_probabilities.npz
4,0.4,0.5,4,0.46424067490886894,0.5,0.035759325091131056,BCI IV-2a,8,seed_ensemble,Seed ensemble,results/calibration_workflow/probabilities/validation_only_selection_bci4_2a_subject8_probabilities.npz
5,0.5,0.6000000000000001,17,0.5535743461071991,0.5294117647058824,0.024162581401316774,BCI IV-2a,8,seed_ensemble,Seed ensemble,results/calibration_workflow/probabilities/validation_only_selection_bci4_2a_subject8_probabilities.npz
6,0.6000000000000001,0.7000000000000001,22,0.6572407967334112,0.6818181818181818,0.024577385084770587,BCI IV-2a,8,seed_ensemble,Seed ensemble,results/calibration_workflow/probabilities/validation_only_selection_bci4_2a_subject8_probabilities.npz
7,0.7000000000000001,0.8,36,0.7463100545232085,0.75,0.0036899454767914674,BCI IV-2a,8,seed_ensemble,Seed ensemble,results/calibration_workflow/probabilities/validation_only_selection_bci4_2a_subject8_probabilities.npz
8,0.8,0.9,41,0.8569186099008455,0.7317073170731707,0.12521129282767474,BCI IV-2a,8,seed_ensemble,Seed ensemble,results/calibration_workflow/probabilities/validation_only_selection_bci4_2a_subject8_probabilities.npz
9,0.9,1.0,166,0.9725064247578629,0.9036144578313253,0.06889196692653754,BCI IV-2a,8,seed_ensemble,Seed ensemble,results/calibration_workflow/probabilities/validation_only_selection_bci4_2a_subject8_probabilities.npz
0,0.0,0.1,0,,,,BCI IV-2a,9,seed_ensemble,Seed ensemble,results/calibration_workflow/probabilities/validation_only_selection_bci4_2a_subject9_probabilities.npz
1,0.1,0.2,0,,,,BCI IV-2a,9,seed_ensemble,Seed ensemble,results/calibration_workflow/probabilities/validation_only_selection_bci4_2a_subject9_probabilities.npz
2,0.2,0.30000000000000004,0,,,,BCI IV-2a,9,seed_ensemble,Seed ensemble,results/calibration_workflow/probabilities/validation_only_selection_bci4_2a_subject9_probabilities.npz
3,0.30000000000000004,0.4,6,0.3777296212304053,0.0,0.3777296212304053,BCI IV-2a,9,seed_ensemble,Seed ensemble,results/calibration_workflow/probabilities/validation_only_selection_bci4_2a_subject9_probabilities.npz
4,0.4,0.5,17,0.4663070485815341,0.5294117647058824,0.06310471612434826,BCI IV-2a,9,seed_ensemble,Seed ensemble,results/calibration_workflow/probabilities/validation_only_selection_bci4_2a_subject9_probabilities.npz
5,0.5,0.6000000000000001,30,0.5509322041004319,0.6333333333333333,0.08240112923290144,BCI IV-2a,9,seed_ensemble,Seed ensemble,results/calibration_workflow/probabilities/validation_only_selection_bci4_2a_subject9_probabilities.npz
6,0.6000000000000001,0.7000000000000001,32,0.6568239593188135,0.59375,0.06307395931881354,BCI IV-2a,9,seed_ensemble,Seed ensemble,results/calibration_workflow/probabilities/validation_only_selection_bci4_2a_subject9_probabilities.npz
7,0.7000000000000001,0.8,56,0.7569047749053288,0.8571428571428571,0.10023808223752828,BCI IV-2a,9,seed_ensemble,Seed ensemble,results/calibration_workflow/probabilities/validation_only_selection_bci4_2a_subject9_probabilities.npz
8,0.8,0.9,52,0.8539415434983304,0.9038461538461539,0.04990461034782345,BCI IV-2a,9,seed_ensemble,Seed ensemble,results/calibration_workflow/probabilities/validation_only_selection_bci4_2a_subject9_probabilities.npz
9,0.9,1.0,71,0.9620637348069209,0.9577464788732394,0.004317255933681485,BCI IV-2a,9,seed_ensemble,Seed ensemble,results/calibration_workflow/probabilities/validation_only_selection_bci4_2a_subject9_probabilities.npz
0,0.0,0.1,0,,,,BCI IV-2a,1,teacher_student_mixture,Teacher/student,results/calibration_workflow/probabilities/validation_only_selection_bci4_2a_subject1_probabilities.npz
1,0.1,0.2,0,,,,BCI IV-2a,1,teacher_student_mixture,Teacher/student,results/calibration_workflow/probabilities/validation_only_selection_bci4_2a_subject1_probabilities.npz
2,0.2,0.30000000000000004,0,,,,BCI IV-2a,1,teacher_student_mixture,Teacher/student,results/calibration_workflow/probabilities/validation_only_selection_bci4_2a_subject1_probabilities.npz
3,0.30000000000000004,0.4,0,,,,BCI IV-2a,1,teacher_student_mixture,Teacher/student,results/calibration_workflow/probabilities/validation_only_selection_bci4_2a_subject1_probabilities.npz
4,0.4,0.5,3,0.45734552889443153,0.6666666666666666,0.2093211377722351,BCI IV-2a,1,teacher_student_mixture,Teacher/student,results/calibration_workflow/probabilities/validation_only_selection_bci4_2a_subject1_probabilities.npz
5,0.5,0.6000000000000001,43,0.5409589572968602,0.6511627906976745,0.1102038334008143,BCI IV-2a,1,teacher_student_mixture,Teacher/student,results/calibration_workflow/probabilities/validation_only_selection_bci4_2a_subject1_probabilities.npz
6,0.6000000000000001,0.7000000000000001,36,0.6592245233427954,0.7222222222222222,0.06299769887942686,BCI IV-2a,1,teacher_student_mixture,Teacher/student,results/calibration_workflow/probabilities/validation_only_selection_bci4_2a_subject1_probabilities.npz
7,0.7000000000000001,0.8,60,0.7481701445155114,0.8,0.051829855484488596,BCI IV-2a,1,teacher_student_mixture,Teacher/student,results/calibration_workflow/probabilities/validation_only_selection_bci4_2a_subject1_probabilities.npz
8,0.8,0.9,37,0.854844504606664,0.8918918918918919,0.03704738728522794,BCI IV-2a,1,teacher_student_mixture,Teacher/student,results/calibration_workflow/probabilities/validation_only_selection_bci4_2a_subject1_probabilities.npz
9,0.9,1.0,109,0.9641497814316661,0.981651376146789,0.017501594715122915,BCI IV-2a,1,teacher_student_mixture,Teacher/student,results/calibration_workflow/probabilities/validation_only_selection_bci4_2a_subject1_probabilities.npz
0,0.0,0.1,0,,,,BCI IV-2a,2,teacher_student_mixture,Teacher/student,results/calibration_workflow/probabilities/validation_only_selection_bci4_2a_subject2_probabilities.npz
1,0.1,0.2,0,,,,BCI IV-2a,2,teacher_student_mixture,Teacher/student,results/calibration_workflow/probabilities/validation_only_selection_bci4_2a_subject2_probabilities.npz
2,0.2,0.30000000000000004,7,0.29537595722397636,0.5714285714285714,0.27605261420459504,BCI IV-2a,2,teacher_student_mixture,Teacher/student,results/calibration_workflow/probabilities/validation_only_selection_bci4_2a_subject2_probabilities.npz
3,0.30000000000000004,0.4,161,0.3509800545251067,0.43478260869565216,0.08380255417054544,BCI IV-2a,2,teacher_student_mixture,Teacher/student,results/calibration_workflow/probabilities/validation_only_selection_bci4_2a_subject2_probabilities.npz
4,0.4,0.5,74,0.4350556007860924,0.6486486486486487,0.21359304786255628,BCI IV-2a,2,teacher_student_mixture,Teacher/student,results/calibration_workflow/probabilities/validation_only_selection_bci4_2a_subject2_probabilities.npz
5,0.5,0.6000000000000001,27,0.5455725206990114,0.7777777777777778,0.23220525707876638,BCI IV-2a,2,teacher_student_mixture,Teacher/student,results/calibration_workflow/probabilities/validation_only_selection_bci4_2a_subject2_probabilities.npz
6,0.6000000000000001,0.7000000000000001,16,0.6307135746572781,0.9375,0.30678642534272194,BCI IV-2a,2,teacher_student_mixture,Teacher/student,results/calibration_workflow/probabilities/validation_only_selection_bci4_2a_subject2_probabilities.npz
7,0.7000000000000001,0.8,3,0.714317439278418,0.6666666666666666,0.047650772611751324,BCI IV-2a,2,teacher_student_mixture,Teacher/student,results/calibration_workflow/probabilities/validation_only_selection_bci4_2a_subject2_probabilities.npz
8,0.8,0.9,0,,,,BCI IV-2a,2,teacher_student_mixture,Teacher/student,results/calibration_workflow/probabilities/validation_only_selection_bci4_2a_subject2_probabilities.npz
9,0.9,1.0,0,,,,BCI IV-2a,2,teacher_student_mixture,Teacher/student,results/calibration_workflow/probabilities/validation_only_selection_bci4_2a_subject2_probabilities.npz
0,0.0,0.1,0,,,,BCI IV-2a,3,teacher_student_mixture,Teacher/student,results/calibration_workflow/probabilities/validation_only_selection_bci4_2a_subject3_probabilities.npz
1,0.1,0.2,0,,,,BCI IV-2a,3,teacher_student_mixture,Teacher/student,results/calibration_workflow/probabilities/validation_only_selection_bci4_2a_subject3_probabilities.npz
2,0.2,0.30000000000000004,0,,,,BCI IV-2a,3,teacher_student_mixture,Teacher/student,results/calibration_workflow/probabilities/validation_only_selection_bci4_2a_subject3_probabilities.npz
3,0.30000000000000004,0.4,1,0.3887856853620951,0.0,0.3887856853620951,BCI IV-2a,3,teacher_student_mixture,Teacher/student,results/calibration_workflow/probabilities/validation_only_selection_bci4_2a_subject3_probabilities.npz
4,0.4,0.5,3,0.45027773047179925,1.0,0.5497222695282007,BCI IV-2a,3,teacher_student_mixture,Teacher/student,results/calibration_workflow/probabilities/validation_only_selection_bci4_2a_subject3_probabilities.npz
5,0.5,0.6000000000000001,12,0.5470794139736733,0.5,0.04707941397367332,BCI IV-2a,3,teacher_student_mixture,Teacher/student,results/calibration_workflow/probabilities/validation_only_selection_bci4_2a_subject3_probabilities.npz
6,0.6000000000000001,0.7000000000000001,16,0.6481246238153525,0.75,0.10187537618464748,BCI IV-2a,3,teacher_student_mixture,Teacher/student,results/calibration_workflow/probabilities/validation_only_selection_bci4_2a_subject3_probabilities.npz
7,0.7000000000000001,0.8,50,0.7585398288685622,0.88,0.12146017113143781,BCI IV-2a,3,teacher_student_mixture,Teacher/student,results/calibration_workflow/probabilities/validation_only_selection_bci4_2a_subject3_probabilities.npz
8,0.8,0.9,162,0.8386567695335823,0.9876543209876543,0.148997551454072,BCI IV-2a,3,teacher_student_mixture,Teacher/student,results/calibration_workflow/probabilities/validation_only_selection_bci4_2a_subject3_probabilities.npz
9,0.9,1.0,44,0.945551094756203,0.9772727272727273,0.03172163251652427,BCI IV-2a,3,teacher_student_mixture,Teacher/student,results/calibration_workflow/probabilities/validation_only_selection_bci4_2a_subject3_probabilities.npz
0,0.0,0.1,0,,,,BCI IV-2a,4,teacher_student_mixture,Teacher/student,results/calibration_workflow/probabilities/validation_only_selection_bci4_2a_subject4_probabilities.npz
1,0.1,0.2,0,,,,BCI IV-2a,4,teacher_student_mixture,Teacher/student,results/calibration_workflow/probabilities/validation_only_selection_bci4_2a_subject4_probabilities.npz
2,0.2,0.30000000000000004,0,,,,BCI IV-2a,4,teacher_student_mixture,Teacher/student,results/calibration_workflow/probabilities/validation_only_selection_bci4_2a_subject4_probabilities.npz
3,0.30000000000000004,0.4,15,0.37142519257590195,0.26666666666666666,0.10475852590923529,BCI IV-2a,4,teacher_student_mixture,Teacher/student,results/calibration_workflow/probabilities/validation_only_selection_bci4_2a_subject4_probabilities.npz
4,0.4,0.5,44,0.4537836434724168,0.4090909090909091,0.04469273438150767,BCI IV-2a,4,teacher_student_mixture,Teacher/student,results/calibration_workflow/probabilities/validation_only_selection_bci4_2a_subject4_probabilities.npz
5,0.5,0.6000000000000001,46,0.5541672952936839,0.5434782608695652,0.010689034424118726,BCI IV-2a,4,teacher_student_mixture,Teacher/student,results/calibration_workflow/probabilities/validation_only_selection_bci4_2a_subject4_probabilities.npz
6,0.6000000000000001,0.7000000000000001,51,0.6545203680185845,0.6666666666666666,0.012146298648082143,BCI IV-2a,4,teacher_student_mixture,Teacher/student,results/calibration_workflow/probabilities/validation_only_selection_bci4_2a_subject4_probabilities.npz
7,0.7000000000000001,0.8,44,0.7521876340272695,0.7727272727272727,0.020539638700003193,BCI IV-2a,4,teacher_student_mixture,Teacher/student,results/calibration_workflow/probabilities/validation_only_selection_bci4_2a_subject4_probabilities.npz
8,0.8,0.9,50,0.8531799594890321,0.9,0.046820040510967886,BCI IV-2a,4,teacher_student_mixture,Teacher/student,results/calibration_workflow/probabilities/validation_only_selection_bci4_2a_subject4_probabilities.npz
9,0.9,1.0,38,0.9378338209428694,0.9736842105263158,0.03585038958344644,BCI IV-2a,4,teacher_student_mixture,Teacher/student,results/calibration_workflow/probabilities/validation_only_selection_bci4_2a_subject4_probabilities.npz
0,0.0,0.1,0,,,,BCI IV-2a,5,teacher_student_mixture,Teacher/student,results/calibration_workflow/probabilities/validation_only_selection_bci4_2a_subject5_probabilities.npz
1,0.1,0.2,0,,,,BCI IV-2a,5,teacher_student_mixture,Teacher/student,results/calibration_workflow/probabilities/validation_only_selection_bci4_2a_subject5_probabilities.npz
2,0.2,0.30000000000000004,3,0.2887503235362643,0.3333333333333333,0.04458300979706903,BCI IV-2a,5,teacher_student_mixture,Teacher/student,results/calibration_workflow/probabilities/validation_only_selection_bci4_2a_subject5_probabilities.npz
3,0.30000000000000004,0.4,37,0.3625751422665002,0.32432432432432434,0.038250817942175885,BCI IV-2a,5,teacher_student_mixture,Teacher/student,results/calibration_workflow/probabilities/validation_only_selection_bci4_2a_subject5_probabilities.npz
4,0.4,0.5,50,0.45258947460689364,0.4,0.052589474606893616,BCI IV-2a,5,teacher_student_mixture,Teacher/student,results/calibration_workflow/probabilities/validation_only_selection_bci4_2a_subject5_probabilities.npz
5,0.5,0.6000000000000001,62,0.5478278588842713,0.5161290322580645,0.03169882662620682,BCI IV-2a,5,teacher_student_mixture,Teacher/student,results/calibration_workflow/probabilities/validation_only_selection_bci4_2a_subject5_probabilities.npz
6,0.6000000000000001,0.7000000000000001,64,0.6459522335590174,0.625,0.02095223355901743,BCI IV-2a,5,teacher_student_mixture,Teacher/student,results/calibration_workflow/probabilities/validation_only_selection_bci4_2a_subject5_probabilities.npz
7,0.7000000000000001,0.8,32,0.7580392350008389,0.65625,0.10178923500083892,BCI IV-2a,5,teacher_student_mixture,Teacher/student,results/calibration_workflow/probabilities/validation_only_selection_bci4_2a_subject5_probabilities.npz
8,0.8,0.9,32,0.8544795886512329,0.84375,0.010729588651232858,BCI IV-2a,5,teacher_student_mixture,Teacher/student,results/calibration_workflow/probabilities/validation_only_selection_bci4_2a_subject5_probabilities.npz
9,0.9,1.0,8,0.9241362148549486,0.875,0.04913621485494857,BCI IV-2a,5,teacher_student_mixture,Teacher/student,results/calibration_workflow/probabilities/validation_only_selection_bci4_2a_subject5_probabilities.npz
0,0.0,0.1,0,,,,BCI IV-2a,6,teacher_student_mixture,Teacher/student,results/calibration_workflow/probabilities/validation_only_selection_bci4_2a_subject6_probabilities.npz
1,0.1,0.2,0,,,,BCI IV-2a,6,teacher_student_mixture,Teacher/student,results/calibration_workflow/probabilities/validation_only_selection_bci4_2a_subject6_probabilities.npz
2,0.2,0.30000000000000004,0,,,,BCI IV-2a,6,teacher_student_mixture,Teacher/student,results/calibration_workflow/probabilities/validation_only_selection_bci4_2a_subject6_probabilities.npz
3,0.30000000000000004,0.4,29,0.35705546368665647,0.13793103448275862,0.21912442920389785,BCI IV-2a,6,teacher_student_mixture,Teacher/student,results/calibration_workflow/probabilities/validation_only_selection_bci4_2a_subject6_probabilities.npz
4,0.4,0.5,74,0.44958345244202363,0.4189189189189189,0.03066453352310472,BCI IV-2a,6,teacher_student_mixture,Teacher/student,results/calibration_workflow/probabilities/validation_only_selection_bci4_2a_subject6_probabilities.npz
5,0.5,0.6000000000000001,66,0.5395634036017117,0.3181818181818182,0.22138158541989356,BCI IV-2a,6,teacher_student_mixture,Teacher/student,results/calibration_workflow/probabilities/validation_only_selection_bci4_2a_subject6_probabilities.npz
6,0.6000000000000001,0.7000000000000001,51,0.64389171923888,0.6470588235294118,0.003167104290531797,BCI IV-2a,6,teacher_student_mixture,Teacher/student,results/calibration_workflow/probabilities/validation_only_selection_bci4_2a_subject6_probabilities.npz
7,0.7000000000000001,0.8,37,0.7587869071308218,0.7027027027027027,0.05608420442811901,BCI IV-2a,6,teacher_student_mixture,Teacher/student,results/calibration_workflow/probabilities/validation_only_selection_bci4_2a_subject6_probabilities.npz
8,0.8,0.9,26,0.846493643180535,0.7692307692307693,0.07726287394976572,BCI IV-2a,6,teacher_student_mixture,Teacher/student,results/calibration_workflow/probabilities/validation_only_selection_bci4_2a_subject6_probabilities.npz
9,0.9,1.0,5,0.9191786134254606,1.0,0.08082138657453941,BCI IV-2a,6,teacher_student_mixture,Teacher/student,results/calibration_workflow/probabilities/validation_only_selection_bci4_2a_subject6_probabilities.npz
0,0.0,0.1,0,,,,BCI IV-2a,7,teacher_student_mixture,Teacher/student,results/calibration_workflow/probabilities/validation_only_selection_bci4_2a_subject7_probabilities.npz
1,0.1,0.2,0,,,,BCI IV-2a,7,teacher_student_mixture,Teacher/student,results/calibration_workflow/probabilities/validation_only_selection_bci4_2a_subject7_probabilities.npz
2,0.2,0.30000000000000004,0,,,,BCI IV-2a,7,teacher_student_mixture,Teacher/student,results/calibration_workflow/probabilities/validation_only_selection_bci4_2a_subject7_probabilities.npz
3,0.30000000000000004,0.4,1,0.3466644520561313,0.0,0.3466644520561313,BCI IV-2a,7,teacher_student_mixture,Teacher/student,results/calibration_workflow/probabilities/validation_only_selection_bci4_2a_subject7_probabilities.npz
4,0.4,0.5,8,0.4630088170575729,0.5,0.03699118294242709,BCI IV-2a,7,teacher_student_mixture,Teacher/student,results/calibration_workflow/probabilities/validation_only_selection_bci4_2a_subject7_probabilities.npz
5,0.5,0.6000000000000001,47,0.552186658511668,0.5106382978723404,0.04154836063932765,BCI IV-2a,7,teacher_student_mixture,Teacher/student,results/calibration_workflow/probabilities/validation_only_selection_bci4_2a_subject7_probabilities.npz
6,0.6000000000000001,0.7000000000000001,55,0.6540934623157392,0.6727272727272727,0.018633810411533558,BCI IV-2a,7,teacher_student_mixture,Teacher/student,results/calibration_workflow/probabilities/validation_only_selection_bci4_2a_subject7_probabilities.npz
7,0.7000000000000001,0.8,42,0.7480309072491258,0.6904761904761905,0.05755471677293533,BCI IV-2a,7,teacher_student_mixture,Teacher/student,results/calibration_workflow/probabilities/validation_only_selection_bci4_2a_subject7_probabilities.npz
8,0.8,0.9,35,0.8477742118140429,0.8285714285714286,0.019202783242614263,BCI IV-2a,7,teacher_student_mixture,Teacher/student,results/calibration_workflow/probabilities/validation_only_selection_bci4_2a_subject7_probabilities.npz
9,0.9,1.0,100,0.9708491871714539,0.92,0.050849187171453814,BCI IV-2a,7,teacher_student_mixture,Teacher/student,results/calibration_workflow/probabilities/validation_only_selection_bci4_2a_subject7_probabilities.npz
0,0.0,0.1,0,,,,BCI IV-2a,8,teacher_student_mixture,Teacher/student,results/calibration_workflow/probabilities/validation_only_selection_bci4_2a_subject8_probabilities.npz
1,0.1,0.2,0,,,,BCI IV-2a,8,teacher_student_mixture,Teacher/student,results/calibration_workflow/probabilities/validation_only_selection_bci4_2a_subject8_probabilities.npz
2,0.2,0.30000000000000004,0,,,,BCI IV-2a,8,teacher_student_mixture,Teacher/student,results/calibration_workflow/probabilities/validation_only_selection_bci4_2a_subject8_probabilities.npz
3,0.30000000000000004,0.4,2,0.3711015280042351,0.0,0.3711015280042351,BCI IV-2a,8,teacher_student_mixture,Teacher/student,results/calibration_workflow/probabilities/validation_only_selection_bci4_2a_subject8_probabilities.npz
4,0.4,0.5,17,0.4641081666671982,0.4117647058823529,0.05234346078484525,BCI IV-2a,8,teacher_student_mixture,Teacher/student,results/calibration_workflow/probabilities/validation_only_selection_bci4_2a_subject8_probabilities.npz
5,0.5,0.6000000000000001,66,0.547445535163159,0.6666666666666666,0.11922113150350766,BCI IV-2a,8,teacher_student_mixture,Teacher/student,results/calibration_workflow/probabilities/validation_only_selection_bci4_2a_subject8_probabilities.npz
6,0.6000000000000001,0.7000000000000001,47,0.6487662672515683,0.8297872340425532,0.1810209667909849,BCI IV-2a,8,teacher_student_mixture,Teacher/student,results/calibration_workflow/probabilities/validation_only_selection_bci4_2a_subject8_probabilities.npz
7,0.7000000000000001,0.8,27,0.7378275982065743,0.8518518518518519,0.11402425364527757,BCI IV-2a,8,teacher_student_mixture,Teacher/student,results/calibration_workflow/probabilities/validation_only_selection_bci4_2a_subject8_probabilities.npz
8,0.8,0.9,38,0.8436393221630274,0.7894736842105263,0.05416563795250107,BCI IV-2a,8,teacher_student_mixture,Teacher/student,results/calibration_workflow/probabilities/validation_only_selection_bci4_2a_subject8_probabilities.npz
9,0.9,1.0,91,0.9607716137854772,0.967032967032967,0.006261353247489887,BCI IV-2a,8,teacher_student_mixture,Teacher/student,results/calibration_workflow/probabilities/validation_only_selection_bci4_2a_subject8_probabilities.npz
0,0.0,0.1,0,,,,BCI IV-2a,9,teacher_student_mixture,Teacher/student,results/calibration_workflow/probabilities/validation_only_selection_bci4_2a_subject9_probabilities.npz
1,0.1,0.2,0,,,,BCI IV-2a,9,teacher_student_mixture,Teacher/student,results/calibration_workflow/probabilities/validation_only_selection_bci4_2a_subject9_probabilities.npz
2,0.2,0.30000000000000004,0,,,,BCI IV-2a,9,teacher_student_mixture,Teacher/student,results/calibration_workflow/probabilities/validation_only_selection_bci4_2a_subject9_probabilities.npz
3,0.30000000000000004,0.4,7,0.36901451820825454,0.42857142857142855,0.05955691036317401,BCI IV-2a,9,teacher_student_mixture,Teacher/student,results/calibration_workflow/probabilities/validation_only_selection_bci4_2a_subject9_probabilities.npz
4,0.4,0.5,30,0.45141256935882396,0.43333333333333335,0.018079236025490608,BCI IV-2a,9,teacher_student_mixture,Teacher/student,results/calibration_workflow/probabilities/validation_only_selection_bci4_2a_subject9_probabilities.npz
5,0.5,0.6000000000000001,39,0.5486200820613635,0.5128205128205128,0.035799569240850704,BCI IV-2a,9,teacher_student_mixture,Teacher/student,results/calibration_workflow/probabilities/validation_only_selection_bci4_2a_subject9_probabilities.npz
6,0.6000000000000001,0.7000000000000001,53,0.650894093407228,0.8113207547169812,0.16042666130975314,BCI IV-2a,9,teacher_student_mixture,Teacher/student,results/calibration_workflow/probabilities/validation_only_selection_bci4_2a_subject9_probabilities.npz
7,0.7000000000000001,0.8,54,0.7453129844220279,0.9259259259259259,0.18061294150389806,BCI IV-2a,9,teacher_student_mixture,Teacher/student,results/calibration_workflow/probabilities/validation_only_selection_bci4_2a_subject9_probabilities.npz
8,0.8,0.9,39,0.8479786650250548,0.8205128205128205,0.027465844512234328,BCI IV-2a,9,teacher_student_mixture,Teacher/student,results/calibration_workflow/probabilities/validation_only_selection_bci4_2a_subject9_probabilities.npz
9,0.9,1.0,42,0.9276634142789346,1.0,0.07233658572106538,BCI IV-2a,9,teacher_student_mixture,Teacher/student,results/calibration_workflow/probabilities/validation_only_selection_bci4_2a_subject9_probabilities.npz
0,0.0,0.1,0,,,,BNCI2014_001,1,augmentation,Augmentation,results/calibration_workflow_bnci2014_001/probabilities/validation_only_selection_bnci2014_001_subject1_probabilities.npz
1,0.1,0.2,0,,,,BNCI2014_001,1,augmentation,Augmentation,results/calibration_workflow_bnci2014_001/probabilities/validation_only_selection_bnci2014_001_subject1_probabilities.npz
2,0.2,0.30000000000000004,0,,,,BNCI2014_001,1,augmentation,Augmentation,results/calibration_workflow_bnci2014_001/probabilities/validation_only_selection_bnci2014_001_subject1_probabilities.npz
3,0.30000000000000004,0.4,0,,,,BNCI2014_001,1,augmentation,Augmentation,results/calibration_workflow_bnci2014_001/probabilities/validation_only_selection_bnci2014_001_subject1_probabilities.npz
4,0.4,0.5,0,,,,BNCI2014_001,1,augmentation,Augmentation,results/calibration_workflow_bnci2014_001/probabilities/validation_only_selection_bnci2014_001_subject1_probabilities.npz
5,0.5,0.6000000000000001,30,0.5548981183309281,0.4,0.15489811833092804,BNCI2014_001,1,augmentation,Augmentation,results/calibration_workflow_bnci2014_001/probabilities/validation_only_selection_bnci2014_001_subject1_probabilities.npz
6,0.6000000000000001,0.7000000000000001,30,0.6593986796868975,0.4666666666666667,0.1927320130202308,BNCI2014_001,1,augmentation,Augmentation,results/calibration_workflow_bnci2014_001/probabilities/validation_only_selection_bnci2014_001_subject1_probabilities.npz
7,0.7000000000000001,0.8,33,0.7429752358211933,0.6666666666666666,0.07630856915452666,BNCI2014_001,1,augmentation,Augmentation,results/calibration_workflow_bnci2014_001/probabilities/validation_only_selection_bnci2014_001_subject1_probabilities.npz
8,0.8,0.9,61,0.8545202688298886,0.7868852459016393,0.0676350229282493,BNCI2014_001,1,augmentation,Augmentation,results/calibration_workflow_bnci2014_001/probabilities/validation_only_selection_bnci2014_001_subject1_probabilities.npz
9,0.9,1.0,134,0.9661316900261866,0.9402985074626866,0.02583318256349998,BNCI2014_001,1,augmentation,Augmentation,results/calibration_workflow_bnci2014_001/probabilities/validation_only_selection_bnci2014_001_subject1_probabilities.npz
0,0.0,0.1,0,,,,BNCI2014_001,2,augmentation,Augmentation,results/calibration_workflow_bnci2014_001/probabilities/validation_only_selection_bnci2014_001_subject2_probabilities.npz
1,0.1,0.2,0,,,,BNCI2014_001,2,augmentation,Augmentation,results/calibration_workflow_bnci2014_001/probabilities/validation_only_selection_bnci2014_001_subject2_probabilities.npz
2,0.2,0.30000000000000004,0,,,,BNCI2014_001,2,augmentation,Augmentation,results/calibration_workflow_bnci2014_001/probabilities/validation_only_selection_bnci2014_001_subject2_probabilities.npz
3,0.30000000000000004,0.4,8,0.35328461568050745,0.375,0.021715384319492548,BNCI2014_001,2,augmentation,Augmentation,results/calibration_workflow_bnci2014_001/probabilities/validation_only_selection_bnci2014_001_subject2_probabilities.npz
4,0.4,0.5,47,0.4580744859175603,0.3404255319148936,0.11764895400266667,BNCI2014_001,2,augmentation,Augmentation,results/calibration_workflow_bnci2014_001/probabilities/validation_only_selection_bnci2014_001_subject2_probabilities.npz
5,0.5,0.6000000000000001,57,0.5570707609884517,0.3508771929824561,0.20619356800599553,BNCI2014_001,2,augmentation,Augmentation,results/calibration_workflow_bnci2014_001/probabilities/validation_only_selection_bnci2014_001_subject2_probabilities.npz
6,0.6000000000000001,0.7000000000000001,45,0.6540505589005556,0.4444444444444444,0.20960611445611121,BNCI2014_001,2,augmentation,Augmentation,results/calibration_workflow_bnci2014_001/probabilities/validation_only_selection_bnci2014_001_subject2_probabilities.npz
7,0.7000000000000001,0.8,38,0.743821908457426,0.4473684210526316,0.29645348740479444,BNCI2014_001,2,augmentation,Augmentation,results/calibration_workflow_bnci2014_001/probabilities/validation_only_selection_bnci2014_001_subject2_probabilities.npz
8,0.8,0.9,31,0.8487509956072137,0.5806451612903226,0.26810583431689106,BNCI2014_001,2,augmentation,Augmentation,results/calibration_workflow_bnci2014_001/probabilities/validation_only_selection_bnci2014_001_subject2_probabilities.npz
9,0.9,1.0,62,0.9626169749406401,0.6612903225806451,0.301326652359995,BNCI2014_001,2,augmentation,Augmentation,results/calibration_workflow_bnci2014_001/probabilities/validation_only_selection_bnci2014_001_subject2_probabilities.npz
0,0.0,0.1,0,,,,BNCI2014_001,3,augmentation,Augmentation,results/calibration_workflow_bnci2014_001/probabilities/validation_only_selection_bnci2014_001_subject3_probabilities.npz
1,0.1,0.2,0,,,,BNCI2014_001,3,augmentation,Augmentation,results/calibration_workflow_bnci2014_001/probabilities/validation_only_selection_bnci2014_001_subject3_probabilities.npz
2,0.2,0.30000000000000004,0,,,,BNCI2014_001,3,augmentation,Augmentation,results/calibration_workflow_bnci2014_001/probabilities/validation_only_selection_bnci2014_001_subject3_probabilities.npz
3,0.30000000000000004,0.4,8,0.37570337379538066,0.375,0.0007033737953806574,BNCI2014_001,3,augmentation,Augmentation,results/calibration_workflow_bnci2014_001/probabilities/validation_only_selection_bnci2014_001_subject3_probabilities.npz
4,0.4,0.5,19,0.45851447558647185,0.47368421052631576,0.015169734939843915,BNCI2014_001,3,augmentation,Augmentation,results/calibration_workflow_bnci2014_001/probabilities/validation_only_selection_bnci2014_001_subject3_probabilities.npz
5,0.5,0.6000000000000001,40,0.5491746615063573,0.575,0.025825338493642658,BNCI2014_001,3,augmentation,Augmentation,results/calibration_workflow_bnci2014_001/probabilities/validation_only_selection_bnci2014_001_subject3_probabilities.npz
6,0.6000000000000001,0.7000000000000001,31,0.6463704261728174,0.7096774193548387,0.06330699318202138,BNCI2014_001,3,augmentation,Augmentation,results/calibration_workflow_bnci2014_001/probabilities/validation_only_selection_bnci2014_001_subject3_probabilities.npz
7,0.7000000000000001,0.8,38,0.7443365896917842,0.8157894736842105,0.07145288399242633,BNCI2014_001,3,augmentation,Augmentation,results/calibration_workflow_bnci2014_001/probabilities/validation_only_selection_bnci2014_001_subject3_probabilities.npz
8,0.8,0.9,42,0.8492048262478613,0.9523809523809523,0.10317612613309102,BNCI2014_001,3,augmentation,Augmentation,results/calibration_workflow_bnci2014_001/probabilities/validation_only_selection_bnci2014_001_subject3_probabilities.npz
9,0.9,1.0,110,0.9602622844371443,1.0,0.03973771556285566,BNCI2014_001,3,augmentation,Augmentation,results/calibration_workflow_bnci2014_001/probabilities/validation_only_selection_bnci2014_001_subject3_probabilities.npz
0,0.0,0.1,0,,,,BNCI2014_001,4,augmentation,Augmentation,results/calibration_workflow_bnci2014_001/probabilities/validation_only_selection_bnci2014_001_subject4_probabilities.npz
1,0.1,0.2,0,,,,BNCI2014_001,4,augmentation,Augmentation,results/calibration_workflow_bnci2014_001/probabilities/validation_only_selection_bnci2014_001_subject4_probabilities.npz
2,0.2,0.30000000000000004,0,,,,BNCI2014_001,4,augmentation,Augmentation,results/calibration_workflow_bnci2014_001/probabilities/validation_only_selection_bnci2014_001_subject4_probabilities.npz
3,0.30000000000000004,0.4,9,0.34968673819009627,0.0,0.34968673819009627,BNCI2014_001,4,augmentation,Augmentation,results/calibration_workflow_bnci2014_001/probabilities/validation_only_selection_bnci2014_001_subject4_probabilities.npz
4,0.4,0.5,52,0.4620624155253085,0.4423076923076923,0.019754723217616232,BNCI2014_001,4,augmentation,Augmentation,results/calibration_workflow_bnci2014_001/probabilities/validation_only_selection_bnci2014_001_subject4_probabilities.npz
5,0.5,0.6000000000000001,47,0.5548852563476466,0.6595744680851063,0.10468921173745971,BNCI2014_001,4,augmentation,Augmentation,results/calibration_workflow_bnci2014_001/probabilities/validation_only_selection_bnci2014_001_subject4_probabilities.npz
6,0.6000000000000001,0.7000000000000001,36,0.6469970636217766,0.6388888888888888,0.008108174732887719,BNCI2014_001,4,augmentation,Augmentation,results/calibration_workflow_bnci2014_001/probabilities/validation_only_selection_bnci2014_001_subject4_probabilities.npz
7,0.7000000000000001,0.8,59,0.7530488867614441,0.7966101694915254,0.04356128273008131,BNCI2014_001,4,augmentation,Augmentation,results/calibration_workflow_bnci2014_001/probabilities/validation_only_selection_bnci2014_001_subject4_probabilities.npz
8,0.8,0.9,45,0.8521483630238558,0.8,0.052148363023855726,BNCI2014_001,4,augmentation,Augmentation,results/calibration_workflow_bnci2014_001/probabilities/validation_only_selection_bnci2014_001_subject4_probabilities.npz
9,0.9,1.0,40,0.9451251943883483,0.85,0.09512519438834832,BNCI2014_001,4,augmentation,Augmentation,results/calibration_workflow_bnci2014_001/probabilities/validation_only_selection_bnci2014_001_subject4_probabilities.npz
0,0.0,0.1,0,,,,BNCI2014_001,5,augmentation,Augmentation,results/calibration_workflow_bnci2014_001/probabilities/validation_only_selection_bnci2014_001_subject5_probabilities.npz
1,0.1,0.2,0,,,,BNCI2014_001,5,augmentation,Augmentation,results/calibration_workflow_bnci2014_001/probabilities/validation_only_selection_bnci2014_001_subject5_probabilities.npz
2,0.2,0.30000000000000004,14,0.2829406437072905,0.5714285714285714,0.2884879277212809,BNCI2014_001,5,augmentation,Augmentation,results/calibration_workflow_bnci2014_001/probabilities/validation_only_selection_bnci2014_001_subject5_probabilities.npz
3,0.30000000000000004,0.4,130,0.35191414496322965,0.3,0.05191414496322966,BNCI2014_001,5,augmentation,Augmentation,results/calibration_workflow_bnci2014_001/probabilities/validation_only_selection_bnci2014_001_subject5_probabilities.npz
4,0.4,0.5,90,0.44473079773919466,0.5222222222222223,0.0774914244830276,BNCI2014_001,5,augmentation,Augmentation,results/calibration_workflow_bnci2014_001/probabilities/validation_only_selection_bnci2014_001_subject5_probabilities.npz
5,0.5,0.6000000000000001,39,0.5349429506988103,0.4358974358974359,0.09904551480137436,BNCI2014_001,5,augmentation,Augmentation,results/calibration_workflow_bnci2014_001/probabilities/validation_only_selection_bnci2014_001_subject5_probabilities.npz
6,0.6000000000000001,0.7000000000000001,11,0.6270910260119708,0.5454545454545454,0.08163648055742534,BNCI2014_001,5,augmentation,Augmentation,results/calibration_workflow_bnci2014_001/probabilities/validation_only_selection_bnci2014_001_subject5_probabilities.npz
7,0.7000000000000001,0.8,4,0.7297220250907293,1.0,0.27027797490927075,BNCI2014_001,5,augmentation,Augmentation,results/calibration_workflow_bnci2014_001/probabilities/validation_only_selection_bnci2014_001_subject5_probabilities.npz
8,0.8,0.9,0,,,,BNCI2014_001,5,augmentation,Augmentation,results/calibration_workflow_bnci2014_001/probabilities/validation_only_selection_bnci2014_001_subject5_probabilities.npz
9,0.9,1.0,0,,,,BNCI2014_001,5,augmentation,Augmentation,results/calibration_workflow_bnci2014_001/probabilities/validation_only_selection_bnci2014_001_subject5_probabilities.npz
0,0.0,0.1,0,,,,BNCI2014_001,6,augmentation,Augmentation,results/calibration_workflow_bnci2014_001/probabilities/validation_only_selection_bnci2014_001_subject6_probabilities.npz
1,0.1,0.2,0,,,,BNCI2014_001,6,augmentation,Augmentation,results/calibration_workflow_bnci2014_001/probabilities/validation_only_selection_bnci2014_001_subject6_probabilities.npz
2,0.2,0.30000000000000004,8,0.2863552304111179,0.375,0.08864476958888212,BNCI2014_001,6,augmentation,Augmentation,results/calibration_workflow_bnci2014_001/probabilities/validation_only_selection_bnci2014_001_subject6_probabilities.npz
3,0.30000000000000004,0.4,92,0.3585821922896445,0.32608695652173914,0.03249523576790536,BNCI2014_001,6,augmentation,Augmentation,results/calibration_workflow_bnci2014_001/probabilities/validation_only_selection_bnci2014_001_subject6_probabilities.npz
4,0.4,0.5,91,0.44994323873363606,0.4945054945054945,0.04456225577185846,BNCI2014_001,6,augmentation,Augmentation,results/calibration_workflow_bnci2014_001/probabilities/validation_only_selection_bnci2014_001_subject6_probabilities.npz
5,0.5,0.6000000000000001,57,0.5474335116241,0.7368421052631579,0.18940859363905782,BNCI2014_001,6,augmentation,Augmentation,results/calibration_workflow_bnci2014_001/probabilities/validation_only_selection_bnci2014_001_subject6_probabilities.npz
6,0.6000000000000001,0.7000000000000001,31,0.6315676705002713,0.8064516129032258,0.17488394240295446,BNCI2014_001,6,augmentation,Augmentation,results/calibration_workflow_bnci2014_001/probabilities/validation_only_selection_bnci2014_001_subject6_probabilities.npz
7,0.7000000000000001,0.8,7,0.745085066317557,0.7142857142857143,0.030799352031842697,BNCI2014_001,6,augmentation,Augmentation,results/calibration_workflow_bnci2014_001/probabilities/validation_only_selection_bnci2014_001_subject6_probabilities.npz
8,0.8,0.9,2,0.8230283867608925,1.0,0.17697161323910748,BNCI2014_001,6,augmentation,Augmentation,results/calibration_workflow_bnci2014_001/probabilities/validation_only_selection_bnci2014_001_subject6_probabilities.npz
9,0.9,1.0,0,,,,BNCI2014_001,6,augmentation,Augmentation,results/calibration_workflow_bnci2014_001/probabilities/validation_only_selection_bnci2014_001_subject6_probabilities.npz
0,0.0,0.1,0,,,,BNCI2014_001,7,augmentation,Augmentation,results/calibration_workflow_bnci2014_001/probabilities/validation_only_selection_bnci2014_001_subject7_probabilities.npz
1,0.1,0.2,0,,,,BNCI2014_001,7,augmentation,Augmentation,results/calibration_workflow_bnci2014_001/probabilities/validation_only_selection_bnci2014_001_subject7_probabilities.npz
2,0.2,0.30000000000000004,0,,,,BNCI2014_001,7,augmentation,Augmentation,results/calibration_workflow_bnci2014_001/probabilities/validation_only_selection_bnci2014_001_subject7_probabilities.npz
3,0.30000000000000004,0.4,4,0.3524008041977098,0.25,0.1024008041977098,BNCI2014_001,7,augmentation,Augmentation,results/calibration_workflow_bnci2014_001/probabilities/validation_only_selection_bnci2014_001_subject7_probabilities.npz
4,0.4,0.5,15,0.4704441607740001,0.4666666666666667,0.0037774941073334123,BNCI2014_001,7,augmentation,Augmentation,results/calibration_workflow_bnci2014_001/probabilities/validation_only_selection_bnci2014_001_subject7_probabilities.npz
5,0.5,0.6000000000000001,45,0.5512280286031651,0.6444444444444445,0.09321641584127938,BNCI2014_001,7,augmentation,Augmentation,results/calibration_workflow_bnci2014_001/probabilities/validation_only_selection_bnci2014_001_subject7_probabilities.npz
6,0.6000000000000001,0.7000000000000001,46,0.647808777912478,0.7608695652173914,0.11306078730491331,BNCI2014_001,7,augmentation,Augmentation,results/calibration_workflow_bnci2014_001/probabilities/validation_only_selection_bnci2014_001_subject7_probabilities.npz
7,0.7000000000000001,0.8,61,0.7506360763684072,0.8852459016393442,0.134609825270937,BNCI2014_001,7,augmentation,Augmentation,results/calibration_workflow_bnci2014_001/probabilities/validation_only_selection_bnci2014_001_subject7_probabilities.npz
8,0.8,0.9,53,0.844063023291353,0.8679245283018868,0.023861505010533857,BNCI2014_001,7,augmentation,Augmentation,results/calibration_workflow_bnci2014_001/probabilities/validation_only_selection_bnci2014_001_subject7_probabilities.npz
9,0.9,1.0,64,0.9622390343042175,0.9375,0.024739034304217533,BNCI2014_001,7,augmentation,Augmentation,results/calibration_workflow_bnci2014_001/probabilities/validation_only_selection_bnci2014_001_subject7_probabilities.npz
0,0.0,0.1,0,,,,BNCI2014_001,8,augmentation,Augmentation,results/calibration_workflow_bnci2014_001/probabilities/validation_only_selection_bnci2014_001_subject8_probabilities.npz
1,0.1,0.2,0,,,,BNCI2014_001,8,augmentation,Augmentation,results/calibration_workflow_bnci2014_001/probabilities/validation_only_selection_bnci2014_001_subject8_probabilities.npz
2,0.2,0.30000000000000004,0,,,,BNCI2014_001,8,augmentation,Augmentation,results/calibration_workflow_bnci2014_001/probabilities/validation_only_selection_bnci2014_001_subject8_probabilities.npz
3,0.30000000000000004,0.4,6,0.38463281316621095,0.5,0.11536718683378905,BNCI2014_001,8,augmentation,Augmentation,results/calibration_workflow_bnci2014_001/probabilities/validation_only_selection_bnci2014_001_subject8_probabilities.npz
4,0.4,0.5,19,0.45888329991768306,0.42105263157894735,0.03783066833873572,BNCI2014_001,8,augmentation,Augmentation,results/calibration_workflow_bnci2014_001/probabilities/validation_only_selection_bnci2014_001_subject8_probabilities.npz
5,0.5,0.6000000000000001,43,0.5464563135355359,0.627906976744186,0.08145066320865013,BNCI2014_001,8,augmentation,Augmentation,results/calibration_workflow_bnci2014_001/probabilities/validation_only_selection_bnci2014_001_subject8_probabilities.npz
6,0.6000000000000001,0.7000000000000001,35,0.650339837416502,0.6571428571428571,0.006803019726355108,BNCI2014_001,8,augmentation,Augmentation,results/calibration_workflow_bnci2014_001/probabilities/validation_only_selection_bnci2014_001_subject8_probabilities.npz
7,0.7000000000000001,0.8,61,0.7478354705759453,0.8852459016393442,0.1374104310633989,BNCI2014_001,8,augmentation,Augmentation,results/calibration_workflow_bnci2014_001/probabilities/validation_only_selection_bnci2014_001_subject8_probabilities.npz
8,0.8,0.9,57,0.857190807263309,0.9824561403508771,0.12526533308756815,BNCI2014_001,8,augmentation,Augmentation,results/calibration_workflow_bnci2014_001/probabilities/validation_only_selection_bnci2014_001_subject8_probabilities.npz
9,0.9,1.0,67,0.948178034392876,1.0,0.05182196560712404,BNCI2014_001,8,augmentation,Augmentation,results/calibration_workflow_bnci2014_001/probabilities/validation_only_selection_bnci2014_001_subject8_probabilities.npz
0,0.0,0.1,0,,,,BNCI2014_001,9,augmentation,Augmentation,results/calibration_workflow_bnci2014_001/probabilities/validation_only_selection_bnci2014_001_subject9_probabilities.npz
1,0.1,0.2,0,,,,BNCI2014_001,9,augmentation,Augmentation,results/calibration_workflow_bnci2014_001/probabilities/validation_only_selection_bnci2014_001_subject9_probabilities.npz
2,0.2,0.30000000000000004,0,,,,BNCI2014_001,9,augmentation,Augmentation,results/calibration_workflow_bnci2014_001/probabilities/validation_only_selection_bnci2014_001_subject9_probabilities.npz
3,0.30000000000000004,0.4,8,0.3755155172947092,0.25,0.12551551729470922,BNCI2014_001,9,augmentation,Augmentation,results/calibration_workflow_bnci2014_001/probabilities/validation_only_selection_bnci2014_001_subject9_probabilities.npz
4,0.4,0.5,33,0.4603664626552311,0.6060606060606061,0.14569414340537495,BNCI2014_001,9,augmentation,Augmentation,results/calibration_workflow_bnci2014_001/probabilities/validation_only_selection_bnci2014_001_subject9_probabilities.npz
5,0.5,0.6000000000000001,54,0.5483801276621131,0.6851851851851852,0.13680505752307215,BNCI2014_001,9,augmentation,Augmentation,results/calibration_workflow_bnci2014_001/probabilities/validation_only_selection_bnci2014_001_subject9_probabilities.npz
6,0.6000000000000001,0.7000000000000001,80,0.654110481175563,0.775,0.12088951882443699,BNCI2014_001,9,augmentation,Augmentation,results/calibration_workflow_bnci2014_001/probabilities/validation_only_selection_bnci2014_001_subject9_probabilities.npz
7,0.7000000000000001,0.8,53,0.7527099728062684,0.8679245283018868,0.11521455549561843,BNCI2014_001,9,augmentation,Augmentation,results/calibration_workflow_bnci2014_001/probabilities/validation_only_selection_bnci2014_001_subject9_probabilities.npz
8,0.8,0.9,33,0.8412610613352389,1.0,0.15873893866476108,BNCI2014_001,9,augmentation,Augmentation,results/calibration_workflow_bnci2014_001/probabilities/validation_only_selection_bnci2014_001_subject9_probabilities.npz
9,0.9,1.0,27,0.9602358206303864,1.0,0.03976417936961363,BNCI2014_001,9,augmentation,Augmentation,results/calibration_workflow_bnci2014_001/probabilities/validation_only_selection_bnci2014_001_subject9_probabilities.npz
0,0.0,0.1,0,,,,BNCI2014_001,1,baseline,Baseline,results/calibration_workflow_bnci2014_001/probabilities/validation_only_selection_bnci2014_001_subject1_probabilities.npz
1,0.1,0.2,0,,,,BNCI2014_001,1,baseline,Baseline,results/calibration_workflow_bnci2014_001/probabilities/validation_only_selection_bnci2014_001_subject1_probabilities.npz
2,0.2,0.30000000000000004,0,,,,BNCI2014_001,1,baseline,Baseline,results/calibration_workflow_bnci2014_001/probabilities/validation_only_selection_bnci2014_001_subject1_probabilities.npz
3,0.30000000000000004,0.4,0,,,,BNCI2014_001,1,baseline,Baseline,results/calibration_workflow_bnci2014_001/probabilities/validation_only_selection_bnci2014_001_subject1_probabilities.npz
4,0.4,0.5,6,0.47035734738195006,0.3333333333333333,0.13702401404861675,BNCI2014_001,1,baseline,Baseline,results/calibration_workflow_bnci2014_001/probabilities/validation_only_selection_bnci2014_001_subject1_probabilities.npz
5,0.5,0.6000000000000001,32,0.549087315614401,0.5,0.04908731561440105,BNCI2014_001,1,baseline,Baseline,results/calibration_workflow_bnci2014_001/probabilities/validation_only_selection_bnci2014_001_subject1_probabilities.npz
6,0.6000000000000001,0.7000000000000001,48,0.6540398961477665,0.6041666666666666,0.049873229481099846,BNCI2014_001,1,baseline,Baseline,results/calibration_workflow_bnci2014_001/probabilities/validation_only_selection_bnci2014_001_subject1_probabilities.npz
7,0.7000000000000001,0.8,45,0.7558109376073002,0.8888888888888888,0.1330779512815886,BNCI2014_001,1,baseline,Baseline,results/calibration_workflow_bnci2014_001/probabilities/validation_only_selection_bnci2014_001_subject1_probabilities.npz
8,0.8,0.9,50,0.8561421383947351,0.86,0.0038578616052649117,BNCI2014_001,1,baseline,Baseline,results/calibration_workflow_bnci2014_001/probabilities/validation_only_selection_bnci2014_001_subject1_probabilities.npz
9,0.9,1.0,107,0.9657738089729847,0.9532710280373832,0.012502780935601532,BNCI2014_001,1,baseline,Baseline,results/calibration_workflow_bnci2014_001/probabilities/validation_only_selection_bnci2014_001_subject1_probabilities.npz
0,0.0,0.1,0,,,,BNCI2014_001,2,baseline,Baseline,results/calibration_workflow_bnci2014_001/probabilities/validation_only_selection_bnci2014_001_subject2_probabilities.npz
1,0.1,0.2,0,,,,BNCI2014_001,2,baseline,Baseline,results/calibration_workflow_bnci2014_001/probabilities/validation_only_selection_bnci2014_001_subject2_probabilities.npz
2,0.2,0.30000000000000004,0,,,,BNCI2014_001,2,baseline,Baseline,results/calibration_workflow_bnci2014_001/probabilities/validation_only_selection_bnci2014_001_subject2_probabilities.npz
3,0.30000000000000004,0.4,15,0.35537083744079634,0.4666666666666667,0.11129582922587034,BNCI2014_001,2,baseline,Baseline,results/calibration_workflow_bnci2014_001/probabilities/validation_only_selection_bnci2014_001_subject2_probabilities.npz
4,0.4,0.5,60,0.4556048775365878,0.3333333333333333,0.12227154420325448,BNCI2014_001,2,baseline,Baseline,results/calibration_workflow_bnci2014_001/probabilities/validation_only_selection_bnci2014_001_subject2_probabilities.npz
5,0.5,0.6000000000000001,76,0.5526027025250361,0.4342105263157895,0.11839217620924658,BNCI2014_001,2,baseline,Baseline,results/calibration_workflow_bnci2014_001/probabilities/validation_only_selection_bnci2014_001_subject2_probabilities.npz
6,0.6000000000000001,0.7000000000000001,34,0.6518996254389674,0.4117647058823529,0.24013491955661448,BNCI2014_001,2,baseline,Baseline,results/calibration_workflow_bnci2014_001/probabilities/validation_only_selection_bnci2014_001_subject2_probabilities.npz
7,0.7000000000000001,0.8,26,0.7408487158265312,0.6538461538461539,0.08700256198037737,BNCI2014_001,2,baseline,Baseline,results/calibration_workflow_bnci2014_001/probabilities/validation_only_selection_bnci2014_001_subject2_probabilities.npz
8,0.8,0.9,27,0.8468899302678653,0.4444444444444444,0.4024454858234209,BNCI2014_001,2,baseline,Baseline,results/calibration_workflow_bnci2014_001/probabilities/validation_only_selection_bnci2014_001_subject2_probabilities.npz
9,0.9,1.0,50,0.9553202227529577,0.68,0.27532022275295764,BNCI2014_001,2,baseline,Baseline,results/calibration_workflow_bnci2014_001/probabilities/validation_only_selection_bnci2014_001_subject2_probabilities.npz
0,0.0,0.1,0,,,,BNCI2014_001,3,baseline,Baseline,results/calibration_workflow_bnci2014_001/probabilities/validation_only_selection_bnci2014_001_subject3_probabilities.npz
1,0.1,0.2,0,,,,BNCI2014_001,3,baseline,Baseline,results/calibration_workflow_bnci2014_001/probabilities/validation_only_selection_bnci2014_001_subject3_probabilities.npz
2,0.2,0.30000000000000004,0,,,,BNCI2014_001,3,baseline,Baseline,results/calibration_workflow_bnci2014_001/probabilities/validation_only_selection_bnci2014_001_subject3_probabilities.npz
3,0.30000000000000004,0.4,2,0.35274960549445417,0.5,0.14725039450554583,BNCI2014_001,3,baseline,Baseline,results/calibration_workflow_bnci2014_001/probabilities/validation_only_selection_bnci2014_001_subject3_probabilities.npz
4,0.4,0.5,17,0.4617182657333569,0.5294117647058824,0.06769349897252547,BNCI2014_001,3,baseline,Baseline,results/calibration_workflow_bnci2014_001/probabilities/validation_only_selection_bnci2014_001_subject3_probabilities.npz
5,0.5,0.6000000000000001,38,0.5416326517706739,0.6052631578947368,0.06363050612406296,BNCI2014_001,3,baseline,Baseline,results/calibration_workflow_bnci2014_001/probabilities/validation_only_selection_bnci2014_001_subject3_probabilities.npz
6,0.6000000000000001,0.7000000000000001,33,0.6572121414645956,0.7878787878787878,0.13066664641419223,BNCI2014_001,3,baseline,Baseline,results/calibration_workflow_bnci2014_001/probabilities/validation_only_selection_bnci2014_001_subject3_probabilities.npz
7,0.7000000000000001,0.8,33,0.7498541797990129,0.7878787878787878,0.038024608079774924,BNCI2014_001,3,baseline,Baseline,results/calibration_workflow_bnci2014_001/probabilities/validation_only_selection_bnci2014_001_subject3_probabilities.npz
8,0.8,0.9,46,0.858173858820355,0.9782608695652174,0.12008701074486239,BNCI2014_001,3,baseline,Baseline,results/calibration_workflow_bnci2014_001/probabilities/validation_only_selection_bnci2014_001_subject3_probabilities.npz
9,0.9,1.0,119,0.9570428445173514,1.0,0.04295715548264856,BNCI2014_001,3,baseline,Baseline,results/calibration_workflow_bnci2014_001/probabilities/validation_only_selection_bnci2014_001_subject3_probabilities.npz
0,0.0,0.1,0,,,,BNCI2014_001,4,baseline,Baseline,results/calibration_workflow_bnci2014_001/probabilities/validation_only_selection_bnci2014_001_subject4_probabilities.npz
1,0.1,0.2,0,,,,BNCI2014_001,4,baseline,Baseline,results/calibration_workflow_bnci2014_001/probabilities/validation_only_selection_bnci2014_001_subject4_probabilities.npz
2,0.2,0.30000000000000004,0,,,,BNCI2014_001,4,baseline,Baseline,results/calibration_workflow_bnci2014_001/probabilities/validation_only_selection_bnci2014_001_subject4_probabilities.npz
3,0.30000000000000004,0.4,9,0.34968673819009627,0.0,0.34968673819009627,BNCI2014_001,4,baseline,Baseline,results/calibration_workflow_bnci2014_001/probabilities/validation_only_selection_bnci2014_001_subject4_probabilities.npz
4,0.4,0.5,52,0.4620624155253085,0.4423076923076923,0.019754723217616232,BNCI2014_001,4,baseline,Baseline,results/calibration_workflow_bnci2014_001/probabilities/validation_only_selection_bnci2014_001_subject4_probabilities.npz
5,0.5,0.6000000000000001,47,0.5548852563476466,0.6595744680851063,0.10468921173745971,BNCI2014_001,4,baseline,Baseline,results/calibration_workflow_bnci2014_001/probabilities/validation_only_selection_bnci2014_001_subject4_probabilities.npz
6,0.6000000000000001,0.7000000000000001,36,0.6469970636217766,0.6388888888888888,0.008108174732887719,BNCI2014_001,4,baseline,Baseline,results/calibration_workflow_bnci2014_001/probabilities/validation_only_selection_bnci2014_001_subject4_probabilities.npz
7,0.7000000000000001,0.8,59,0.7530488867614441,0.7966101694915254,0.04356128273008131,BNCI2014_001,4,baseline,Baseline,results/calibration_workflow_bnci2014_001/probabilities/validation_only_selection_bnci2014_001_subject4_probabilities.npz
8,0.8,0.9,45,0.8521483630238558,0.8,0.052148363023855726,BNCI2014_001,4,baseline,Baseline,results/calibration_workflow_bnci2014_001/probabilities/validation_only_selection_bnci2014_001_subject4_probabilities.npz
9,0.9,1.0,40,0.9451251943883483,0.85,0.09512519438834832,BNCI2014_001,4,baseline,Baseline,results/calibration_workflow_bnci2014_001/probabilities/validation_only_selection_bnci2014_001_subject4_probabilities.npz
0,0.0,0.1,0,,,,BNCI2014_001,5,baseline,Baseline,results/calibration_workflow_bnci2014_001/probabilities/validation_only_selection_bnci2014_001_subject5_probabilities.npz
1,0.1,0.2,0,,,,BNCI2014_001,5,baseline,Baseline,results/calibration_workflow_bnci2014_001/probabilities/validation_only_selection_bnci2014_001_subject5_probabilities.npz
2,0.2,0.30000000000000004,53,0.28722766715866244,0.3018867924528302,0.01465912529416774,BNCI2014_001,5,baseline,Baseline,results/calibration_workflow_bnci2014_001/probabilities/validation_only_selection_bnci2014_001_subject5_probabilities.npz
3,0.30000000000000004,0.4,164,0.34809381455327437,0.3719512195121951,0.023857404958920747,BNCI2014_001,5,baseline,Baseline,results/calibration_workflow_bnci2014_001/probabilities/validation_only_selection_bnci2014_001_subject5_probabilities.npz
4,0.4,0.5,52,0.43491011845548644,0.36538461538461536,0.06952550307087108,BNCI2014_001,5,baseline,Baseline,results/calibration_workflow_bnci2014_001/probabilities/validation_only_selection_bnci2014_001_subject5_probabilities.npz
5,0.5,0.6000000000000001,11,0.543277302067085,0.6363636363636364,0.09308633429655133,BNCI2014_001,5,baseline,Baseline,results/calibration_workflow_bnci2014_001/probabilities/validation_only_selection_bnci2014_001_subject5_probabilities.npz
6,0.6000000000000001,0.7000000000000001,7,0.6446018908091415,0.8571428571428571,0.21254096633371555,BNCI2014_001,5,baseline,Baseline,results/calibration_workflow_bnci2014_001/probabilities/validation_only_selection_bnci2014_001_subject5_probabilities.npz
7,0.7000000000000001,0.8,1,0.7186204660561876,1.0,0.28137953394381243,BNCI2014_001,5,baseline,Baseline,results/calibration_workflow_bnci2014_001/probabilities/validation_only_selection_bnci2014_001_subject5_probabilities.npz
8,0.8,0.9,0,,,,BNCI2014_001,5,baseline,Baseline,results/calibration_workflow_bnci2014_001/probabilities/validation_only_selection_bnci2014_001_subject5_probabilities.npz
9,0.9,1.0,0,,,,BNCI2014_001,5,baseline,Baseline,results/calibration_workflow_bnci2014_001/probabilities/validation_only_selection_bnci2014_001_subject5_probabilities.npz
0,0.0,0.1,0,,,,BNCI2014_001,6,baseline,Baseline,results/calibration_workflow_bnci2014_001/probabilities/validation_only_selection_bnci2014_001_subject6_probabilities.npz
1,0.1,0.2,0,,,,BNCI2014_001,6,baseline,Baseline,results/calibration_workflow_bnci2014_001/probabilities/validation_only_selection_bnci2014_001_subject6_probabilities.npz
2,0.2,0.30000000000000004,2,0.2787078789123145,0.0,0.2787078789123145,BNCI2014_001,6,baseline,Baseline,results/calibration_workflow_bnci2014_001/probabilities/validation_only_selection_bnci2014_001_subject6_probabilities.npz
3,0.30000000000000004,0.4,88,0.35353520265531296,0.3522727272727273,0.0012624753825856705,BNCI2014_001,6,baseline,Baseline,results/calibration_workflow_bnci2014_001/probabilities/validation_only_selection_bnci2014_001_subject6_probabilities.npz
4,0.4,0.5,102,0.44893816156744965,0.43137254901960786,0.01756561254784178,BNCI2014_001,6,baseline,Baseline,results/calibration_workflow_bnci2014_001/probabilities/validation_only_selection_bnci2014_001_subject6_probabilities.npz
5,0.5,0.6000000000000001,61,0.5461490333280505,0.6885245901639344,0.14237555683588388,BNCI2014_001,6,baseline,Baseline,results/calibration_workflow_bnci2014_001/probabilities/validation_only_selection_bnci2014_001_subject6_probabilities.npz
6,0.6000000000000001,0.7000000000000001,30,0.6407850978577372,0.7333333333333333,0.0925482354755961,BNCI2014_001,6,baseline,Baseline,results/calibration_workflow_bnci2014_001/probabilities/validation_only_selection_bnci2014_001_subject6_probabilities.npz
7,0.7000000000000001,0.8,5,0.7442534114410584,1.0,0.2557465885589416,BNCI2014_001,6,baseline,Baseline,results/calibration_workflow_bnci2014_001/probabilities/validation_only_selection_bnci2014_001_subject6_probabilities.npz
8,0.8,0.9,0,,,,BNCI2014_001,6,baseline,Baseline,results/calibration_workflow_bnci2014_001/probabilities/validation_only_selection_bnci2014_001_subject6_probabilities.npz
9,0.9,1.0,0,,,,BNCI2014_001,6,baseline,Baseline,results/calibration_workflow_bnci2014_001/probabilities/validation_only_selection_bnci2014_001_subject6_probabilities.npz
0,0.0,0.1,0,,,,BNCI2014_001,7,baseline,Baseline,results/calibration_workflow_bnci2014_001/probabilities/validation_only_selection_bnci2014_001_subject7_probabilities.npz
1,0.1,0.2,0,,,,BNCI2014_001,7,baseline,Baseline,results/calibration_workflow_bnci2014_001/probabilities/validation_only_selection_bnci2014_001_subject7_probabilities.npz
2,0.2,0.30000000000000004,0,,,,BNCI2014_001,7,baseline,Baseline,results/calibration_workflow_bnci2014_001/probabilities/validation_only_selection_bnci2014_001_subject7_probabilities.npz
3,0.30000000000000004,0.4,4,0.3524008041977098,0.25,0.1024008041977098,BNCI2014_001,7,baseline,Baseline,results/calibration_workflow_bnci2014_001/probabilities/validation_only_selection_bnci2014_001_subject7_probabilities.npz
4,0.4,0.5,15,0.4704441607740001,0.4666666666666667,0.0037774941073334123,BNCI2014_001,7,baseline,Baseline,results/calibration_workflow_bnci2014_001/probabilities/validation_only_selection_bnci2014_001_subject7_probabilities.npz
5,0.5,0.6000000000000001,45,0.5512280286031651,0.6444444444444445,0.09321641584127938,BNCI2014_001,7,baseline,Baseline,results/calibration_workflow_bnci2014_001/probabilities/validation_only_selection_bnci2014_001_subject7_probabilities.npz
6,0.6000000000000001,0.7000000000000001,46,0.647808777912478,0.7608695652173914,0.11306078730491331,BNCI2014_001,7,baseline,Baseline,results/calibration_workflow_bnci2014_001/probabilities/validation_only_selection_bnci2014_001_subject7_probabilities.npz
7,0.7000000000000001,0.8,61,0.7506360763684072,0.8852459016393442,0.134609825270937,BNCI2014_001,7,baseline,Baseline,results/calibration_workflow_bnci2014_001/probabilities/validation_only_selection_bnci2014_001_subject7_probabilities.npz
8,0.8,0.9,53,0.844063023291353,0.8679245283018868,0.023861505010533857,BNCI2014_001,7,baseline,Baseline,results/calibration_workflow_bnci2014_001/probabilities/validation_only_selection_bnci2014_001_subject7_probabilities.npz
9,0.9,1.0,64,0.9622390343042175,0.9375,0.024739034304217533,BNCI2014_001,7,baseline,Baseline,results/calibration_workflow_bnci2014_001/probabilities/validation_only_selection_bnci2014_001_subject7_probabilities.npz
0,0.0,0.1,0,,,,BNCI2014_001,8,baseline,Baseline,results/calibration_workflow_bnci2014_001/probabilities/validation_only_selection_bnci2014_001_subject8_probabilities.npz
1,0.1,0.2,0,,,,BNCI2014_001,8,baseline,Baseline,results/calibration_workflow_bnci2014_001/probabilities/validation_only_selection_bnci2014_001_subject8_probabilities.npz
2,0.2,0.30000000000000004,0,,,,BNCI2014_001,8,baseline,Baseline,results/calibration_workflow_bnci2014_001/probabilities/validation_only_selection_bnci2014_001_subject8_probabilities.npz
3,0.30000000000000004,0.4,4,0.3725389235080747,0.75,0.3774610764919253,BNCI2014_001,8,baseline,Baseline,results/calibration_workflow_bnci2014_001/probabilities/validation_only_selection_bnci2014_001_subject8_probabilities.npz
4,0.4,0.5,26,0.46595494484050975,0.46153846153846156,0.004416483302048191,BNCI2014_001,8,baseline,Baseline,results/calibration_workflow_bnci2014_001/probabilities/validation_only_selection_bnci2014_001_subject8_probabilities.npz
5,0.5,0.6000000000000001,44,0.5550552322769048,0.5909090909090909,0.03585385863218615,BNCI2014_001,8,baseline,Baseline,results/calibration_workflow_bnci2014_001/probabilities/validation_only_selection_bnci2014_001_subject8_probabilities.npz
6,0.6000000000000001,0.7000000000000001,44,0.648643590918222,0.7954545454545454,0.14681095453632342,BNCI2014_001,8,baseline,Baseline,results/calibration_workflow_bnci2014_001/probabilities/validation_only_selection_bnci2014_001_subject8_probabilities.npz
7,0.7000000000000001,0.8,47,0.7577388812461279,0.8723404255319149,0.11460154428578706,BNCI2014_001,8,baseline,Baseline,results/calibration_workflow_bnci2014_001/probabilities/validation_only_selection_bnci2014_001_subject8_probabilities.npz
8,0.8,0.9,65,0.8516070767240606,0.9538461538461539,0.10223907712209335,BNCI2014_001,8,baseline,Baseline,results/calibration_workflow_bnci2014_001/probabilities/validation_only_selection_bnci2014_001_subject8_probabilities.npz
9,0.9,1.0,58,0.9482546463673964,1.0,0.051745353632603575,BNCI2014_001,8,baseline,Baseline,results/calibration_workflow_bnci2014_001/probabilities/validation_only_selection_bnci2014_001_subject8_probabilities.npz
0,0.0,0.1,0,,,,BNCI2014_001,9,baseline,Baseline,results/calibration_workflow_bnci2014_001/probabilities/validation_only_selection_bnci2014_001_subject9_probabilities.npz
1,0.1,0.2,0,,,,BNCI2014_001,9,baseline,Baseline,results/calibration_workflow_bnci2014_001/probabilities/validation_only_selection_bnci2014_001_subject9_probabilities.npz
2,0.2,0.30000000000000004,1,0.29944270849227905,0.0,0.29944270849227905,BNCI2014_001,9,baseline,Baseline,results/calibration_workflow_bnci2014_001/probabilities/validation_only_selection_bnci2014_001_subject9_probabilities.npz
3,0.30000000000000004,0.4,5,0.3742064005637025,0.6,0.22579359943629745,BNCI2014_001,9,baseline,Baseline,results/calibration_workflow_bnci2014_001/probabilities/validation_only_selection_bnci2014_001_subject9_probabilities.npz
4,0.4,0.5,41,0.4571489913896469,0.5121951219512195,0.05504613056157265,BNCI2014_001,9,baseline,Baseline,results/calibration_workflow_bnci2014_001/probabilities/validation_only_selection_bnci2014_001_subject9_probabilities.npz
5,0.5,0.6000000000000001,66,0.5440475717434358,0.7424242424242424,0.19837667068080667,BNCI2014_001,9,baseline,Baseline,results/calibration_workflow_bnci2014_001/probabilities/validation_only_selection_bnci2014_001_subject9_probabilities.npz
6,0.6000000000000001,0.7000000000000001,47,0.6543080772399801,0.8085106382978723,0.1542025610578922,BNCI2014_001,9,baseline,Baseline,results/calibration_workflow_bnci2014_001/probabilities/validation_only_selection_bnci2014_001_subject9_probabilities.npz
7,0.7000000000000001,0.8,54,0.7550107037424668,0.9259259259259259,0.17091522218345911,BNCI2014_001,9,baseline,Baseline,results/calibration_workflow_bnci2014_001/probabilities/validation_only_selection_bnci2014_001_subject9_probabilities.npz
8,0.8,0.9,48,0.8389771107654503,1.0,0.16102288923454966,BNCI2014_001,9,baseline,Baseline,results/calibration_workflow_bnci2014_001/probabilities/validation_only_selection_bnci2014_001_subject9_probabilities.npz
9,0.9,1.0,26,0.9593501569274185,1.0,0.04064984307258146,BNCI2014_001,9,baseline,Baseline,results/calibration_workflow_bnci2014_001/probabilities/validation_only_selection_bnci2014_001_subject9_probabilities.npz
0,0.0,0.1,0,,,,BNCI2014_001,1,seed_ensemble,Seed ensemble,results/calibration_workflow_bnci2014_001/probabilities/validation_only_selection_bnci2014_001_subject1_probabilities.npz
1,0.1,0.2,0,,,,BNCI2014_001,1,seed_ensemble,Seed ensemble,results/calibration_workflow_bnci2014_001/probabilities/validation_only_selection_bnci2014_001_subject1_probabilities.npz
2,0.2,0.30000000000000004,0,,,,BNCI2014_001,1,seed_ensemble,Seed ensemble,results/calibration_workflow_bnci2014_001/probabilities/validation_only_selection_bnci2014_001_subject1_probabilities.npz
3,0.30000000000000004,0.4,0,,,,BNCI2014_001,1,seed_ensemble,Seed ensemble,results/calibration_workflow_bnci2014_001/probabilities/validation_only_selection_bnci2014_001_subject1_probabilities.npz
4,0.4,0.5,5,0.46636487817266375,0.4,0.06636487817266373,BNCI2014_001,1,seed_ensemble,Seed ensemble,results/calibration_workflow_bnci2014_001/probabilities/validation_only_selection_bnci2014_001_subject1_probabilities.npz
5,0.5,0.6000000000000001,30,0.5567010204683484,0.5,0.05670102046834835,BNCI2014_001,1,seed_ensemble,Seed ensemble,results/calibration_workflow_bnci2014_001/probabilities/validation_only_selection_bnci2014_001_subject1_probabilities.npz
6,0.6000000000000001,0.7000000000000001,34,0.6530826839229732,0.5588235294117647,0.09425915451120848,BNCI2014_001,1,seed_ensemble,Seed ensemble,results/calibration_workflow_bnci2014_001/probabilities/validation_only_selection_bnci2014_001_subject1_probabilities.npz
7,0.7000000000000001,0.8,42,0.7550546882879843,0.7619047619047619,0.0068500736167775855,BNCI2014_001,1,seed_ensemble,Seed ensemble,results/calibration_workflow_bnci2014_001/probabilities/validation_only_selection_bnci2014_001_subject1_probabilities.npz
8,0.8,0.9,58,0.8513333933679883,0.9137931034482759,0.06245971008028761,BNCI2014_001,1,seed_ensemble,Seed ensemble,results/calibration_workflow_bnci2014_001/probabilities/validation_only_selection_bnci2014_001_subject1_probabilities.npz
9,0.9,1.0,119,0.968068903459307,0.9495798319327731,0.018489071526533896,BNCI2014_001,1,seed_ensemble,Seed ensemble,results/calibration_workflow_bnci2014_001/probabilities/validation_only_selection_bnci2014_001_subject1_probabilities.npz
0,0.0,0.1,0,,,,BNCI2014_001,2,seed_ensemble,Seed ensemble,results/calibration_workflow_bnci2014_001/probabilities/validation_only_selection_bnci2014_001_subject2_probabilities.npz
1,0.1,0.2,0,,,,BNCI2014_001,2,seed_ensemble,Seed ensemble,results/calibration_workflow_bnci2014_001/probabilities/validation_only_selection_bnci2014_001_subject2_probabilities.npz
2,0.2,0.30000000000000004,1,0.29867130517959595,0.0,0.29867130517959595,BNCI2014_001,2,seed_ensemble,Seed ensemble,results/calibration_workflow_bnci2014_001/probabilities/validation_only_selection_bnci2014_001_subject2_probabilities.npz
3,0.30000000000000004,0.4,13,0.3588514542146245,0.15384615384615385,0.20500530036847064,BNCI2014_001,2,seed_ensemble,Seed ensemble,results/calibration_workflow_bnci2014_001/probabilities/validation_only_selection_bnci2014_001_subject2_probabilities.npz
4,0.4,0.5,57,0.4619676353848758,0.3508771929824561,0.11109044240241966,BNCI2014_001,2,seed_ensemble,Seed ensemble,results/calibration_workflow_bnci2014_001/probabilities/validation_only_selection_bnci2014_001_subject2_probabilities.npz
5,0.5,0.6000000000000001,58,0.5516027547998507,0.3793103448275862,0.17229240997226447,BNCI2014_001,2,seed_ensemble,Seed ensemble,results/calibration_workflow_bnci2014_001/probabilities/validation_only_selection_bnci2014_001_subject2_probabilities.npz
6,0.6000000000000001,0.7000000000000001,49,0.6441296085310786,0.4897959183673469,0.15433369016373166,BNCI2014_001,2,seed_ensemble,Seed ensemble,results/calibration_workflow_bnci2014_001/probabilities/validation_only_selection_bnci2014_001_subject2_probabilities.npz
7,0.7000000000000001,0.8,26,0.742606669304915,0.5384615384615384,0.2041451308433766,BNCI2014_001,2,seed_ensemble,Seed ensemble,results/calibration_workflow_bnci2014_001/probabilities/validation_only_selection_bnci2014_001_subject2_probabilities.npz
8,0.8,0.9,36,0.8543458766687481,0.5833333333333334,0.2710125433354147,BNCI2014_001,2,seed_ensemble,Seed ensemble,results/calibration_workflow_bnci2014_001/probabilities/validation_only_selection_bnci2014_001_subject2_probabilities.npz
9,0.9,1.0,48,0.9574469625434956,0.6666666666666666,0.29078029587682896,BNCI2014_001,2,seed_ensemble,Seed ensemble,results/calibration_workflow_bnci2014_001/probabilities/validation_only_selection_bnci2014_001_subject2_probabilities.npz
0,0.0,0.1,0,,,,BNCI2014_001,3,seed_ensemble,Seed ensemble,results/calibration_workflow_bnci2014_001/probabilities/validation_only_selection_bnci2014_001_subject3_probabilities.npz
1,0.1,0.2,0,,,,BNCI2014_001,3,seed_ensemble,Seed ensemble,results/calibration_workflow_bnci2014_001/probabilities/validation_only_selection_bnci2014_001_subject3_probabilities.npz
2,0.2,0.30000000000000004,0,,,,BNCI2014_001,3,seed_ensemble,Seed ensemble,results/calibration_workflow_bnci2014_001/probabilities/validation_only_selection_bnci2014_001_subject3_probabilities.npz
3,0.30000000000000004,0.4,6,0.3651501236350096,0.5,0.1348498763649904,BNCI2014_001,3,seed_ensemble,Seed ensemble,results/calibration_workflow_bnci2014_001/probabilities/validation_only_selection_bnci2014_001_subject3_probabilities.npz
4,0.4,0.5,27,0.4617503455092991,0.6296296296296297,0.16787928412033054,BNCI2014_001,3,seed_ensemble,Seed ensemble,results/calibration_workflow_bnci2014_001/probabilities/validation_only_selection_bnci2014_001_subject3_probabilities.npz
5,0.5,0.6000000000000001,52,0.5487267161099262,0.6153846153846154,0.06665789927468924,BNCI2014_001,3,seed_ensemble,Seed ensemble,results/calibration_workflow_bnci2014_001/probabilities/validation_only_selection_bnci2014_001_subject3_probabilities.npz
6,0.6000000000000001,0.7000000000000001,22,0.6529887263695862,0.6818181818181818,0.02882945544859561,BNCI2014_001,3,seed_ensemble,Seed ensemble,results/calibration_workflow_bnci2014_001/probabilities/validation_only_selection_bnci2014_001_subject3_probabilities.npz
7,0.7000000000000001,0.8,27,0.7364080270175889,0.7777777777777778,0.041369750760188895,BNCI2014_001,3,seed_ensemble,Seed ensemble,results/calibration_workflow_bnci2014_001/probabilities/validation_only_selection_bnci2014_001_subject3_probabilities.npz
8,0.8,0.9,63,0.8529927082609313,0.9523809523809523,0.09938824412002101,BNCI2014_001,3,seed_ensemble,Seed ensemble,results/calibration_workflow_bnci2014_001/probabilities/validation_only_selection_bnci2014_001_subject3_probabilities.npz
9,0.9,1.0,91,0.9584764110229025,1.0,0.041523588977097514,BNCI2014_001,3,seed_ensemble,Seed ensemble,results/calibration_workflow_bnci2014_001/probabilities/validation_only_selection_bnci2014_001_subject3_probabilities.npz
0,0.0,0.1,0,,,,BNCI2014_001,4,seed_ensemble,Seed ensemble,results/calibration_workflow_bnci2014_001/probabilities/validation_only_selection_bnci2014_001_subject4_probabilities.npz
1,0.1,0.2,0,,,,BNCI2014_001,4,seed_ensemble,Seed ensemble,results/calibration_workflow_bnci2014_001/probabilities/validation_only_selection_bnci2014_001_subject4_probabilities.npz
2,0.2,0.30000000000000004,0,,,,BNCI2014_001,4,seed_ensemble,Seed ensemble,results/calibration_workflow_bnci2014_001/probabilities/validation_only_selection_bnci2014_001_subject4_probabilities.npz
3,0.30000000000000004,0.4,9,0.35355811383798547,0.2222222222222222,0.13133589161576326,BNCI2014_001,4,seed_ensemble,Seed ensemble,results/calibration_workflow_bnci2014_001/probabilities/validation_only_selection_bnci2014_001_subject4_probabilities.npz
4,0.4,0.5,37,0.44752053380969165,0.3783783783783784,0.06914215543131325,BNCI2014_001,4,seed_ensemble,Seed ensemble,results/calibration_workflow_bnci2014_001/probabilities/validation_only_selection_bnci2014_001_subject4_probabilities.npz
5,0.5,0.6000000000000001,49,0.5477161082665626,0.6122448979591837,0.0645287896926211,BNCI2014_001,4,seed_ensemble,Seed ensemble,results/calibration_workflow_bnci2014_001/probabilities/validation_only_selection_bnci2014_001_subject4_probabilities.npz
6,0.6000000000000001,0.7000000000000001,45,0.6481731303691227,0.7555555555555555,0.10738242518643282,BNCI2014_001,4,seed_ensemble,Seed ensemble,results/calibration_workflow_bnci2014_001/probabilities/validation_only_selection_bnci2014_001_subject4_probabilities.npz
7,0.7000000000000001,0.8,54,0.7539982272354914,0.7407407407407407,0.01325748649475067,BNCI2014_001,4,seed_ensemble,Seed ensemble,results/calibration_workflow_bnci2014_001/probabilities/validation_only_selection_bnci2014_001_subject4_probabilities.npz
8,0.8,0.9,50,0.853689904086331,0.76,0.09368990408633104,BNCI2014_001,4,seed_ensemble,Seed ensemble,results/calibration_workflow_bnci2014_001/probabilities/validation_only_selection_bnci2014_001_subject4_probabilities.npz
9,0.9,1.0,44,0.9492220652510148,0.9090909090909091,0.04013115616010576,BNCI2014_001,4,seed_ensemble,Seed ensemble,results/calibration_workflow_bnci2014_001/probabilities/validation_only_selection_bnci2014_001_subject4_probabilities.npz
0,0.0,0.1,0,,,,BNCI2014_001,5,seed_ensemble,Seed ensemble,results/calibration_workflow_bnci2014_001/probabilities/validation_only_selection_bnci2014_001_subject5_probabilities.npz
1,0.1,0.2,0,,,,BNCI2014_001,5,seed_ensemble,Seed ensemble,results/calibration_workflow_bnci2014_001/probabilities/validation_only_selection_bnci2014_001_subject5_probabilities.npz
2,0.2,0.30000000000000004,14,0.29261554166763215,0.2857142857142857,0.006901255953346452,BNCI2014_001,5,seed_ensemble,Seed ensemble,results/calibration_workflow_bnci2014_001/probabilities/validation_only_selection_bnci2014_001_subject5_probabilities.npz
3,0.30000000000000004,0.4,150,0.3521929856413873,0.32,0.032192985641387284,BNCI2014_001,5,seed_ensemble,Seed ensemble,results/calibration_workflow_bnci2014_001/probabilities/validation_only_selection_bnci2014_001_subject5_probabilities.npz
4,0.4,0.5,82,0.4375713217795583,0.35365853658536583,0.08391278519419249,BNCI2014_001,5,seed_ensemble,Seed ensemble,results/calibration_workflow_bnci2014_001/probabilities/validation_only_selection_bnci2014_001_subject5_probabilities.npz
5,0.5,0.6000000000000001,18,0.5423709876222218,0.5555555555555556,0.01318456793333378,BNCI2014_001,5,seed_ensemble,Seed ensemble,results/calibration_workflow_bnci2014_001/probabilities/validation_only_selection_bnci2014_001_subject5_probabilities.npz
6,0.6000000000000001,0.7000000000000001,15,0.6323632528374709,0.6666666666666666,0.03430341382919577,BNCI2014_001,5,seed_ensemble,Seed ensemble,results/calibration_workflow_bnci2014_001/probabilities/validation_only_selection_bnci2014_001_subject5_probabilities.npz
7,0.7000000000000001,0.8,4,0.7668243234576427,0.75,0.01682432345764273,BNCI2014_001,5,seed_ensemble,Seed ensemble,results/calibration_workflow_bnci2014_001/probabilities/validation_only_selection_bnci2014_001_subject5_probabilities.npz
8,0.8,0.9,3,0.8522118021790624,1.0,0.14778819782093755,BNCI2014_001,5,seed_ensemble,Seed ensemble,results/calibration_workflow_bnci2014_001/probabilities/validation_only_selection_bnci2014_001_subject5_probabilities.npz
9,0.9,1.0,2,0.9131839306804166,1.0,0.08681606931958341,BNCI2014_001,5,seed_ensemble,Seed ensemble,results/calibration_workflow_bnci2014_001/probabilities/validation_only_selection_bnci2014_001_subject5_probabilities.npz
0,0.0,0.1,0,,,,BNCI2014_001,6,seed_ensemble,Seed ensemble,results/calibration_workflow_bnci2014_001/probabilities/validation_only_selection_bnci2014_001_subject6_probabilities.npz
1,0.1,0.2,0,,,,BNCI2014_001,6,seed_ensemble,Seed ensemble,results/calibration_workflow_bnci2014_001/probabilities/validation_only_selection_bnci2014_001_subject6_probabilities.npz
2,0.2,0.30000000000000004,4,0.290112854092416,0.0,0.290112854092416,BNCI2014_001,6,seed_ensemble,Seed ensemble,results/calibration_workflow_bnci2014_001/probabilities/validation_only_selection_bnci2014_001_subject6_probabilities.npz
3,0.30000000000000004,0.4,51,0.3609293800106145,0.35294117647058826,0.007988203540026217,BNCI2014_001,6,seed_ensemble,Seed ensemble,results/calibration_workflow_bnci2014_001/probabilities/validation_only_selection_bnci2014_001_subject6_probabilities.npz
4,0.4,0.5,89,0.44293437589611223,0.449438202247191,0.0065038263510787675,BNCI2014_001,6,seed_ensemble,Seed ensemble,results/calibration_workflow_bnci2014_001/probabilities/validation_only_selection_bnci2014_001_subject6_probabilities.npz
5,0.5,0.6000000000000001,63,0.5545956224293673,0.49206349206349204,0.0625321303658753,BNCI2014_001,6,seed_ensemble,Seed ensemble,results/calibration_workflow_bnci2014_001/probabilities/validation_only_selection_bnci2014_001_subject6_probabilities.npz
6,0.6000000000000001,0.7000000000000001,40,0.6515018312554066,0.775,0.1234981687445934,BNCI2014_001,6,seed_ensemble,Seed ensemble,results/calibration_workflow_bnci2014_001/probabilities/validation_only_selection_bnci2014_001_subject6_probabilities.npz
7,0.7000000000000001,0.8,29,0.7499732791088796,0.8275862068965517,0.07761292778767215,BNCI2014_001,6,seed_ensemble,Seed ensemble,results/calibration_workflow_bnci2014_001/probabilities/validation_only_selection_bnci2014_001_subject6_probabilities.npz
8,0.8,0.9,12,0.8466436573528338,0.9166666666666666,0.07002300931383287,BNCI2014_001,6,seed_ensemble,Seed ensemble,results/calibration_workflow_bnci2014_001/probabilities/validation_only_selection_bnci2014_001_subject6_probabilities.npz
9,0.9,1.0,0,,,,BNCI2014_001,6,seed_ensemble,Seed ensemble,results/calibration_workflow_bnci2014_001/probabilities/validation_only_selection_bnci2014_001_subject6_probabilities.npz
0,0.0,0.1,0,,,,BNCI2014_001,7,seed_ensemble,Seed ensemble,results/calibration_workflow_bnci2014_001/probabilities/validation_only_selection_bnci2014_001_subject7_probabilities.npz
1,0.1,0.2,0,,,,BNCI2014_001,7,seed_ensemble,Seed ensemble,results/calibration_workflow_bnci2014_001/probabilities/validation_only_selection_bnci2014_001_subject7_probabilities.npz
2,0.2,0.30000000000000004,1,0.29857222135580247,0.0,0.29857222135580247,BNCI2014_001,7,seed_ensemble,Seed ensemble,results/calibration_workflow_bnci2014_001/probabilities/validation_only_selection_bnci2014_001_subject7_probabilities.npz
3,0.30000000000000004,0.4,7,0.3690056711137159,0.2857142857142857,0.0832913853994302,BNCI2014_001,7,seed_ensemble,Seed ensemble,results/calibration_workflow_bnci2014_001/probabilities/validation_only_selection_bnci2014_001_subject7_probabilities.npz
4,0.4,0.5,20,0.4566627770288777,0.5,0.0433372229711223,BNCI2014_001,7,seed_ensemble,Seed ensemble,results/calibration_workflow_bnci2014_001/probabilities/validation_only_selection_bnci2014_001_subject7_probabilities.npz
5,0.5,0.6000000000000001,52,0.5465666746108166,0.4807692307692308,0.06579744384158587,BNCI2014_001,7,seed_ensemble,Seed ensemble,results/calibration_workflow_bnci2014_001/probabilities/validation_only_selection_bnci2014_001_subject7_probabilities.npz
6,0.6000000000000001,0.7000000000000001,46,0.6529178442149659,0.7391304347826086,0.08621259056764274,BNCI2014_001,7,seed_ensemble,Seed ensemble,results/calibration_workflow_bnci2014_001/probabilities/validation_only_selection_bnci2014_001_subject7_probabilities.npz
7,0.7000000000000001,0.8,56,0.75351750188548,0.8571428571428571,0.10362535525737715,BNCI2014_001,7,seed_ensemble,Seed ensemble,results/calibration_workflow_bnci2014_001/probabilities/validation_only_selection_bnci2014_001_subject7_probabilities.npz
8,0.8,0.9,46,0.8389849807420164,0.8260869565217391,0.012898024220277304,BNCI2014_001,7,seed_ensemble,Seed ensemble,results/calibration_workflow_bnci2014_001/probabilities/validation_only_selection_bnci2014_001_subject7_probabilities.npz
9,0.9,1.0,60,0.9676975987892766,0.9666666666666667,0.0010309321226099621,BNCI2014_001,7,seed_ensemble,Seed ensemble,results/calibration_workflow_bnci2014_001/probabilities/validation_only_selection_bnci2014_001_subject7_probabilities.npz
0,0.0,0.1,0,,,,BNCI2014_001,8,seed_ensemble,Seed ensemble,results/calibration_workflow_bnci2014_001/probabilities/validation_only_selection_bnci2014_001_subject8_probabilities.npz
1,0.1,0.2,0,,,,BNCI2014_001,8,seed_ensemble,Seed ensemble,results/calibration_workflow_bnci2014_001/probabilities/validation_only_selection_bnci2014_001_subject8_probabilities.npz
2,0.2,0.30000000000000004,1,0.2868297057326182,1.0,0.7131702942673819,BNCI2014_001,8,seed_ensemble,Seed ensemble,results/calibration_workflow_bnci2014_001/probabilities/validation_only_selection_bnci2014_001_subject8_probabilities.npz
3,0.30000000000000004,0.4,7,0.37735564117459786,0.42857142857142855,0.05121578739683069,BNCI2014_001,8,seed_ensemble,Seed ensemble,results/calibration_workflow_bnci2014_001/probabilities/validation_only_selection_bnci2014_001_subject8_probabilities.npz
4,0.4,0.5,24,0.4576781451226469,0.3333333333333333,0.12434481178931356,BNCI2014_001,8,seed_ensemble,Seed ensemble,results/calibration_workflow_bnci2014_001/probabilities/validation_only_selection_bnci2014_001_subject8_probabilities.npz
5,0.5,0.6000000000000001,46,0.5471755052631668,0.717391304347826,0.17021579908465923,BNCI2014_001,8,seed_ensemble,Seed ensemble,results/calibration_workflow_bnci2014_001/probabilities/validation_only_selection_bnci2014_001_subject8_probabilities.npz
6,0.6000000000000001,0.7000000000000001,40,0.6549105645483362,0.7,0.04508943545166377,BNCI2014_001,8,seed_ensemble,Seed ensemble,results/calibration_workflow_bnci2014_001/probabilities/validation_only_selection_bnci2014_001_subject8_probabilities.npz
7,0.7000000000000001,0.8,54,0.753524054446511,0.8888888888888888,0.1353648344423778,BNCI2014_001,8,seed_ensemble,Seed ensemble,results/calibration_workflow_bnci2014_001/probabilities/validation_only_selection_bnci2014_001_subject8_probabilities.npz
8,0.8,0.9,60,0.8479191233341136,0.9833333333333333,0.13541420999921971,BNCI2014_001,8,seed_ensemble,Seed ensemble,results/calibration_workflow_bnci2014_001/probabilities/validation_only_selection_bnci2014_001_subject8_probabilities.npz
9,0.9,1.0,56,0.9452224943512102,1.0,0.054777505648789804,BNCI2014_001,8,seed_ensemble,Seed ensemble,results/calibration_workflow_bnci2014_001/probabilities/validation_only_selection_bnci2014_001_subject8_probabilities.npz
0,0.0,0.1,0,,,,BNCI2014_001,9,seed_ensemble,Seed ensemble,results/calibration_workflow_bnci2014_001/probabilities/validation_only_selection_bnci2014_001_subject9_probabilities.npz
1,0.1,0.2,0,,,,BNCI2014_001,9,seed_ensemble,Seed ensemble,results/calibration_workflow_bnci2014_001/probabilities/validation_only_selection_bnci2014_001_subject9_probabilities.npz
2,0.2,0.30000000000000004,1,0.29426053166389465,0.0,0.29426053166389465,BNCI2014_001,9,seed_ensemble,Seed ensemble,results/calibration_workflow_bnci2014_001/probabilities/validation_only_selection_bnci2014_001_subject9_probabilities.npz
3,0.30000000000000004,0.4,3,0.35108942866970266,0.0,0.35108942866970266,BNCI2014_001,9,seed_ensemble,Seed ensemble,results/calibration_workflow_bnci2014_001/probabilities/validation_only_selection_bnci2014_001_subject9_probabilities.npz
4,0.4,0.5,26,0.4670645107871812,0.46153846153846156,0.005526049248719633,BNCI2014_001,9,seed_ensemble,Seed ensemble,results/calibration_workflow_bnci2014_001/probabilities/validation_only_selection_bnci2014_001_subject9_probabilities.npz
5,0.5,0.6000000000000001,61,0.5466590488398864,0.639344262295082,0.09268521345519565,BNCI2014_001,9,seed_ensemble,Seed ensemble,results/calibration_workflow_bnci2014_001/probabilities/validation_only_selection_bnci2014_001_subject9_probabilities.npz
6,0.6000000000000001,0.7000000000000001,48,0.6523224073465331,0.6875,0.03517759265346687,BNCI2014_001,9,seed_ensemble,Seed ensemble,results/calibration_workflow_bnci2014_001/probabilities/validation_only_selection_bnci2014_001_subject9_probabilities.npz
7,0.7000000000000001,0.8,50,0.753043187574468,0.94,0.18695681242553197,BNCI2014_001,9,seed_ensemble,Seed ensemble,results/calibration_workflow_bnci2014_001/probabilities/validation_only_selection_bnci2014_001_subject9_probabilities.npz
8,0.8,0.9,58,0.8503066743991757,0.9827586206896551,0.1324519462904794,BNCI2014_001,9,seed_ensemble,Seed ensemble,results/calibration_workflow_bnci2014_001/probabilities/validation_only_selection_bnci2014_001_subject9_probabilities.npz
9,0.9,1.0,41,0.952919219533245,1.0,0.04708078046675501,BNCI2014_001,9,seed_ensemble,Seed ensemble,results/calibration_workflow_bnci2014_001/probabilities/validation_only_selection_bnci2014_001_subject9_probabilities.npz
0,0.0,0.1,0,,,,BNCI2014_001,1,teacher_student_mixture,Teacher/student,results/calibration_workflow_bnci2014_001/probabilities/validation_only_selection_bnci2014_001_subject1_probabilities.npz
1,0.1,0.2,0,,,,BNCI2014_001,1,teacher_student_mixture,Teacher/student,results/calibration_workflow_bnci2014_001/probabilities/validation_only_selection_bnci2014_001_subject1_probabilities.npz
2,0.2,0.30000000000000004,0,,,,BNCI2014_001,1,teacher_student_mixture,Teacher/student,results/calibration_workflow_bnci2014_001/probabilities/validation_only_selection_bnci2014_001_subject1_probabilities.npz
3,0.30000000000000004,0.4,2,0.3775110570900966,0.0,0.3775110570900966,BNCI2014_001,1,teacher_student_mixture,Teacher/student,results/calibration_workflow_bnci2014_001/probabilities/validation_only_selection_bnci2014_001_subject1_probabilities.npz
4,0.4,0.5,7,0.45048306794938775,0.7142857142857143,0.26380264633632655,BNCI2014_001,1,teacher_student_mixture,Teacher/student,results/calibration_workflow_bnci2014_001/probabilities/validation_only_selection_bnci2014_001_subject1_probabilities.npz
5,0.5,0.6000000000000001,32,0.5544636029027651,0.5625,0.008036397097234915,BNCI2014_001,1,teacher_student_mixture,Teacher/student,results/calibration_workflow_bnci2014_001/probabilities/validation_only_selection_bnci2014_001_subject1_probabilities.npz
6,0.6000000000000001,0.7000000000000001,39,0.6473245976969575,0.6666666666666666,0.019342068969709136,BNCI2014_001,1,teacher_student_mixture,Teacher/student,results/calibration_workflow_bnci2014_001/probabilities/validation_only_selection_bnci2014_001_subject1_probabilities.npz
7,0.7000000000000001,0.8,47,0.7517715618761671,0.7446808510638298,0.007090710812337364,BNCI2014_001,1,teacher_student_mixture,Teacher/student,results/calibration_workflow_bnci2014_001/probabilities/validation_only_selection_bnci2014_001_subject1_probabilities.npz
8,0.8,0.9,60,0.8553728074533734,0.9166666666666666,0.06129385921329322,BNCI2014_001,1,teacher_student_mixture,Teacher/student,results/calibration_workflow_bnci2014_001/probabilities/validation_only_selection_bnci2014_001_subject1_probabilities.npz
9,0.9,1.0,101,0.9596684223828144,0.9900990099009901,0.030430587518175733,BNCI2014_001,1,teacher_student_mixture,Teacher/student,results/calibration_workflow_bnci2014_001/probabilities/validation_only_selection_bnci2014_001_subject1_probabilities.npz
0,0.0,0.1,0,,,,BNCI2014_001,2,teacher_student_mixture,Teacher/student,results/calibration_workflow_bnci2014_001/probabilities/validation_only_selection_bnci2014_001_subject2_probabilities.npz
1,0.1,0.2,0,,,,BNCI2014_001,2,teacher_student_mixture,Teacher/student,results/calibration_workflow_bnci2014_001/probabilities/validation_only_selection_bnci2014_001_subject2_probabilities.npz
2,0.2,0.30000000000000004,1,0.2935042977333069,0.0,0.2935042977333069,BNCI2014_001,2,teacher_student_mixture,Teacher/student,results/calibration_workflow_bnci2014_001/probabilities/validation_only_selection_bnci2014_001_subject2_probabilities.npz
3,0.30000000000000004,0.4,51,0.36768633451574295,0.29411764705882354,0.07356868745691941,BNCI2014_001,2,teacher_student_mixture,Teacher/student,results/calibration_workflow_bnci2014_001/probabilities/validation_only_selection_bnci2014_001_subject2_probabilities.npz
4,0.4,0.5,84,0.4469570278278169,0.38095238095238093,0.06600464687543595,BNCI2014_001,2,teacher_student_mixture,Teacher/student,results/calibration_workflow_bnci2014_001/probabilities/validation_only_selection_bnci2014_001_subject2_probabilities.npz
5,0.5,0.6000000000000001,56,0.5455048620988434,0.48214285714285715,0.06336200495598626,BNCI2014_001,2,teacher_student_mixture,Teacher/student,results/calibration_workflow_bnci2014_001/probabilities/validation_only_selection_bnci2014_001_subject2_probabilities.npz
6,0.6000000000000001,0.7000000000000001,33,0.6553555952733278,0.48484848484848486,0.1705071104248429,BNCI2014_001,2,teacher_student_mixture,Teacher/student,results/calibration_workflow_bnci2014_001/probabilities/validation_only_selection_bnci2014_001_subject2_probabilities.npz
7,0.7000000000000001,0.8,21,0.743826784760996,0.7142857142857143,0.02954107047528165,BNCI2014_001,2,teacher_student_mixture,Teacher/student,results/calibration_workflow_bnci2014_001/probabilities/validation_only_selection_bnci2014_001_subject2_probabilities.npz
8,0.8,0.9,25,0.8502872922788274,0.84,0.010287292278827409,BNCI2014_001,2,teacher_student_mixture,Teacher/student,results/calibration_workflow_bnci2014_001/probabilities/validation_only_selection_bnci2014_001_subject2_probabilities.npz
9,0.9,1.0,17,0.9281505165711563,0.8823529411764706,0.04579757539468576,BNCI2014_001,2,teacher_student_mixture,Teacher/student,results/calibration_workflow_bnci2014_001/probabilities/validation_only_selection_bnci2014_001_subject2_probabilities.npz
0,0.0,0.1,0,,,,BNCI2014_001,3,teacher_student_mixture,Teacher/student,results/calibration_workflow_bnci2014_001/probabilities/validation_only_selection_bnci2014_001_subject3_probabilities.npz
1,0.1,0.2,0,,,,BNCI2014_001,3,teacher_student_mixture,Teacher/student,results/calibration_workflow_bnci2014_001/probabilities/validation_only_selection_bnci2014_001_subject3_probabilities.npz
2,0.2,0.30000000000000004,0,,,,BNCI2014_001,3,teacher_student_mixture,Teacher/student,results/calibration_workflow_bnci2014_001/probabilities/validation_only_selection_bnci2014_001_subject3_probabilities.npz
3,0.30000000000000004,0.4,6,0.3523845898499513,0.16666666666666666,0.18571792318328464,BNCI2014_001,3,teacher_student_mixture,Teacher/student,results/calibration_workflow_bnci2014_001/probabilities/validation_only_selection_bnci2014_001_subject3_probabilities.npz
4,0.4,0.5,9,0.4812735565093256,0.5555555555555556,0.07428199904623001,BNCI2014_001,3,teacher_student_mixture,Teacher/student,results/calibration_workflow_bnci2014_001/probabilities/validation_only_selection_bnci2014_001_subject3_probabilities.npz
5,0.5,0.6000000000000001,30,0.5421189666406403,0.4666666666666667,0.07545229997397362,BNCI2014_001,3,teacher_student_mixture,Teacher/student,results/calibration_workflow_bnci2014_001/probabilities/validation_only_selection_bnci2014_001_subject3_probabilities.npz
6,0.6000000000000001,0.7000000000000001,23,0.6551657220375717,0.6956521739130435,0.04048645187547173,BNCI2014_001,3,teacher_student_mixture,Teacher/student,results/calibration_workflow_bnci2014_001/probabilities/validation_only_selection_bnci2014_001_subject3_probabilities.npz
7,0.7000000000000001,0.8,31,0.7446884310523316,0.7741935483870968,0.02950511733476513,BNCI2014_001,3,teacher_student_mixture,Teacher/student,results/calibration_workflow_bnci2014_001/probabilities/validation_only_selection_bnci2014_001_subject3_probabilities.npz
8,0.8,0.9,49,0.8496875695994636,0.8571428571428571,0.0074552875433935295,BNCI2014_001,3,teacher_student_mixture,Teacher/student,results/calibration_workflow_bnci2014_001/probabilities/validation_only_selection_bnci2014_001_subject3_probabilities.npz
9,0.9,1.0,140,0.9649799595285717,1.0,0.03502004047142826,BNCI2014_001,3,teacher_student_mixture,Teacher/student,results/calibration_workflow_bnci2014_001/probabilities/validation_only_selection_bnci2014_001_subject3_probabilities.npz
0,0.0,0.1,0,,,,BNCI2014_001,4,teacher_student_mixture,Teacher/student,results/calibration_workflow_bnci2014_001/probabilities/validation_only_selection_bnci2014_001_subject4_probabilities.npz
1,0.1,0.2,0,,,,BNCI2014_001,4,teacher_student_mixture,Teacher/student,results/calibration_workflow_bnci2014_001/probabilities/validation_only_selection_bnci2014_001_subject4_probabilities.npz
2,0.2,0.30000000000000004,0,,,,BNCI2014_001,4,teacher_student_mixture,Teacher/student,results/calibration_workflow_bnci2014_001/probabilities/validation_only_selection_bnci2014_001_subject4_probabilities.npz
3,0.30000000000000004,0.4,9,0.3453010702090981,0.0,0.3453010702090981,BNCI2014_001,4,teacher_student_mixture,Teacher/student,results/calibration_workflow_bnci2014_001/probabilities/validation_only_selection_bnci2014_001_subject4_probabilities.npz
4,0.4,0.5,52,0.4567531278074036,0.4230769230769231,0.03367620473048055,BNCI2014_001,4,teacher_student_mixture,Teacher/student,results/calibration_workflow_bnci2014_001/probabilities/validation_only_selection_bnci2014_001_subject4_probabilities.npz
5,0.5,0.6000000000000001,52,0.5514636815194636,0.6730769230769231,0.12161324155745956,BNCI2014_001,4,teacher_student_mixture,Teacher/student,results/calibration_workflow_bnci2014_001/probabilities/validation_only_selection_bnci2014_001_subject4_probabilities.npz
6,0.6000000000000001,0.7000000000000001,37,0.6491535286736082,0.6216216216216216,0.027531907051986604,BNCI2014_001,4,teacher_student_mixture,Teacher/student,results/calibration_workflow_bnci2014_001/probabilities/validation_only_selection_bnci2014_001_subject4_probabilities.npz
7,0.7000000000000001,0.8,62,0.7500865746039191,0.8064516129032258,0.05636503829930661,BNCI2014_001,4,teacher_student_mixture,Teacher/student,results/calibration_workflow_bnci2014_001/probabilities/validation_only_selection_bnci2014_001_subject4_probabilities.npz
8,0.8,0.9,46,0.854898336931024,0.782608695652174,0.07228964127885007,BNCI2014_001,4,teacher_student_mixture,Teacher/student,results/calibration_workflow_bnci2014_001/probabilities/validation_only_selection_bnci2014_001_subject4_probabilities.npz
9,0.9,1.0,30,0.9324071775552782,0.9,0.03240717755527822,BNCI2014_001,4,teacher_student_mixture,Teacher/student,results/calibration_workflow_bnci2014_001/probabilities/validation_only_selection_bnci2014_001_subject4_probabilities.npz
0,0.0,0.1,0,,,,BNCI2014_001,5,teacher_student_mixture,Teacher/student,results/calibration_workflow_bnci2014_001/probabilities/validation_only_selection_bnci2014_001_subject5_probabilities.npz
1,0.1,0.2,0,,,,BNCI2014_001,5,teacher_student_mixture,Teacher/student,results/calibration_workflow_bnci2014_001/probabilities/validation_only_selection_bnci2014_001_subject5_probabilities.npz
2,0.2,0.30000000000000004,90,0.2840694875851019,0.4,0.1159305124148981,BNCI2014_001,5,teacher_student_mixture,Teacher/student,results/calibration_workflow_bnci2014_001/probabilities/validation_only_selection_bnci2014_001_subject5_probabilities.npz
3,0.30000000000000004,0.4,171,0.3332771865611987,0.391812865497076,0.0585356789358773,BNCI2014_001,5,teacher_student_mixture,Teacher/student,results/calibration_workflow_bnci2014_001/probabilities/validation_only_selection_bnci2014_001_subject5_probabilities.npz
4,0.4,0.5,22,0.4337411046902995,0.5909090909090909,0.15716798621879147,BNCI2014_001,5,teacher_student_mixture,Teacher/student,results/calibration_workflow_bnci2014_001/probabilities/validation_only_selection_bnci2014_001_subject5_probabilities.npz
5,0.5,0.6000000000000001,5,0.5505633791173656,1.0,0.44943662088263436,BNCI2014_001,5,teacher_student_mixture,Teacher/student,results/calibration_workflow_bnci2014_001/probabilities/validation_only_selection_bnci2014_001_subject5_probabilities.npz
6,0.6000000000000001,0.7000000000000001,0,,,,BNCI2014_001,5,teacher_student_mixture,Teacher/student,results/calibration_workflow_bnci2014_001/probabilities/validation_only_selection_bnci2014_001_subject5_probabilities.npz
7,0.7000000000000001,0.8,0,,,,BNCI2014_001,5,teacher_student_mixture,Teacher/student,results/calibration_workflow_bnci2014_001/probabilities/validation_only_selection_bnci2014_001_subject5_probabilities.npz
8,0.8,0.9,0,,,,BNCI2014_001,5,teacher_student_mixture,Teacher/student,results/calibration_workflow_bnci2014_001/probabilities/validation_only_selection_bnci2014_001_subject5_probabilities.npz
9,0.9,1.0,0,,,,BNCI2014_001,5,teacher_student_mixture,Teacher/student,results/calibration_workflow_bnci2014_001/probabilities/validation_only_selection_bnci2014_001_subject5_probabilities.npz
0,0.0,0.1,0,,,,BNCI2014_001,6,teacher_student_mixture,Teacher/student,results/calibration_workflow_bnci2014_001/probabilities/validation_only_selection_bnci2014_001_subject6_probabilities.npz
1,0.1,0.2,0,,,,BNCI2014_001,6,teacher_student_mixture,Teacher/student,results/calibration_workflow_bnci2014_001/probabilities/validation_only_selection_bnci2014_001_subject6_probabilities.npz
2,0.2,0.30000000000000004,5,0.29383959517565167,0.2,0.09383959517565166,BNCI2014_001,6,teacher_student_mixture,Teacher/student,results/calibration_workflow_bnci2014_001/probabilities/validation_only_selection_bnci2014_001_subject6_probabilities.npz
3,0.30000000000000004,0.4,117,0.3530541382068013,0.358974358974359,0.00592022076755766,BNCI2014_001,6,teacher_student_mixture,Teacher/student,results/calibration_workflow_bnci2014_001/probabilities/validation_only_selection_bnci2014_001_subject6_probabilities.npz
4,0.4,0.5,106,0.44358200016839067,0.5377358490566038,0.0941538488882131,BNCI2014_001,6,teacher_student_mixture,Teacher/student,results/calibration_workflow_bnci2014_001/probabilities/validation_only_selection_bnci2014_001_subject6_probabilities.npz
5,0.5,0.6000000000000001,52,0.5449644191759137,0.75,0.20503558082408635,BNCI2014_001,6,teacher_student_mixture,Teacher/student,results/calibration_workflow_bnci2014_001/probabilities/validation_only_selection_bnci2014_001_subject6_probabilities.npz
6,0.6000000000000001,0.7000000000000001,8,0.6372523552889098,1.0,0.3627476447110902,BNCI2014_001,6,teacher_student_mixture,Teacher/student,results/calibration_workflow_bnci2014_001/probabilities/validation_only_selection_bnci2014_001_subject6_probabilities.npz
7,0.7000000000000001,0.8,0,,,,BNCI2014_001,6,teacher_student_mixture,Teacher/student,results/calibration_workflow_bnci2014_001/probabilities/validation_only_selection_bnci2014_001_subject6_probabilities.npz
8,0.8,0.9,0,,,,BNCI2014_001,6,teacher_student_mixture,Teacher/student,results/calibration_workflow_bnci2014_001/probabilities/validation_only_selection_bnci2014_001_subject6_probabilities.npz
9,0.9,1.0,0,,,,BNCI2014_001,6,teacher_student_mixture,Teacher/student,results/calibration_workflow_bnci2014_001/probabilities/validation_only_selection_bnci2014_001_subject6_probabilities.npz
0,0.0,0.1,0,,,,BNCI2014_001,7,teacher_student_mixture,Teacher/student,results/calibration_workflow_bnci2014_001/probabilities/validation_only_selection_bnci2014_001_subject7_probabilities.npz
1,0.1,0.2,0,,,,BNCI2014_001,7,teacher_student_mixture,Teacher/student,results/calibration_workflow_bnci2014_001/probabilities/validation_only_selection_bnci2014_001_subject7_probabilities.npz
2,0.2,0.30000000000000004,0,,,,BNCI2014_001,7,teacher_student_mixture,Teacher/student,results/calibration_workflow_bnci2014_001/probabilities/validation_only_selection_bnci2014_001_subject7_probabilities.npz
3,0.30000000000000004,0.4,14,0.3623800978754511,0.14285714285714285,0.21952295501830826,BNCI2014_001,7,teacher_student_mixture,Teacher/student,results/calibration_workflow_bnci2014_001/probabilities/validation_only_selection_bnci2014_001_subject7_probabilities.npz
4,0.4,0.5,40,0.45377027114934243,0.4,0.05377027114934241,BNCI2014_001,7,teacher_student_mixture,Teacher/student,results/calibration_workflow_bnci2014_001/probabilities/validation_only_selection_bnci2014_001_subject7_probabilities.npz
5,0.5,0.6000000000000001,68,0.5438103588688508,0.5,0.04381035886885076,BNCI2014_001,7,teacher_student_mixture,Teacher/student,results/calibration_workflow_bnci2014_001/probabilities/validation_only_selection_bnci2014_001_subject7_probabilities.npz
6,0.6000000000000001,0.7000000000000001,50,0.6497771088194181,0.64,0.009777108819418068,BNCI2014_001,7,teacher_student_mixture,Teacher/student,results/calibration_workflow_bnci2014_001/probabilities/validation_only_selection_bnci2014_001_subject7_probabilities.npz
7,0.7000000000000001,0.8,37,0.7460130158176386,0.7837837837837838,0.0377707679661452,BNCI2014_001,7,teacher_student_mixture,Teacher/student,results/calibration_workflow_bnci2014_001/probabilities/validation_only_selection_bnci2014_001_subject7_probabilities.npz
8,0.8,0.9,26,0.8443009117004165,0.8076923076923077,0.036608604008108836,BNCI2014_001,7,teacher_student_mixture,Teacher/student,results/calibration_workflow_bnci2014_001/probabilities/validation_only_selection_bnci2014_001_subject7_probabilities.npz
9,0.9,1.0,53,0.9682498809194162,0.9622641509433962,0.005985729976019982,BNCI2014_001,7,teacher_student_mixture,Teacher/student,results/calibration_workflow_bnci2014_001/probabilities/validation_only_selection_bnci2014_001_subject7_probabilities.npz
0,0.0,0.1,0,,,,BNCI2014_001,8,teacher_student_mixture,Teacher/student,results/calibration_workflow_bnci2014_001/probabilities/validation_only_selection_bnci2014_001_subject8_probabilities.npz
1,0.1,0.2,0,,,,BNCI2014_001,8,teacher_student_mixture,Teacher/student,results/calibration_workflow_bnci2014_001/probabilities/validation_only_selection_bnci2014_001_subject8_probabilities.npz
2,0.2,0.30000000000000004,0,,,,BNCI2014_001,8,teacher_student_mixture,Teacher/student,results/calibration_workflow_bnci2014_001/probabilities/validation_only_selection_bnci2014_001_subject8_probabilities.npz
3,0.30000000000000004,0.4,4,0.3497193405083399,0.25,0.09971934050833992,BNCI2014_001,8,teacher_student_mixture,Teacher/student,results/calibration_workflow_bnci2014_001/probabilities/validation_only_selection_bnci2014_001_subject8_probabilities.npz
4,0.4,0.5,28,0.47187029417103155,0.5357142857142857,0.06384399154325415,BNCI2014_001,8,teacher_student_mixture,Teacher/student,results/calibration_workflow_bnci2014_001/probabilities/validation_only_selection_bnci2014_001_subject8_probabilities.npz
5,0.5,0.6000000000000001,42,0.5525396788353713,0.5476190476190477,0.004920631216323579,BNCI2014_001,8,teacher_student_mixture,Teacher/student,results/calibration_workflow_bnci2014_001/probabilities/validation_only_selection_bnci2014_001_subject8_probabilities.npz
6,0.6000000000000001,0.7000000000000001,46,0.6450687123395992,0.7391304347826086,0.09406172244300948,BNCI2014_001,8,teacher_student_mixture,Teacher/student,results/calibration_workflow_bnci2014_001/probabilities/validation_only_selection_bnci2014_001_subject8_probabilities.npz
7,0.7000000000000001,0.8,40,0.75719267530071,0.875,0.11780732469929,BNCI2014_001,8,teacher_student_mixture,Teacher/student,results/calibration_workflow_bnci2014_001/probabilities/validation_only_selection_bnci2014_001_subject8_probabilities.npz
8,0.8,0.9,66,0.8564633643026923,0.9090909090909091,0.05262754478821674,BNCI2014_001,8,teacher_student_mixture,Teacher/student,results/calibration_workflow_bnci2014_001/probabilities/validation_only_selection_bnci2014_001_subject8_probabilities.npz
9,0.9,1.0,62,0.9514502669910826,1.0,0.048549733008917406,BNCI2014_001,8,teacher_student_mixture,Teacher/student,results/calibration_workflow_bnci2014_001/probabilities/validation_only_selection_bnci2014_001_subject8_probabilities.npz
0,0.0,0.1,0,,,,BNCI2014_001,9,teacher_student_mixture,Teacher/student,results/calibration_workflow_bnci2014_001/probabilities/validation_only_selection_bnci2014_001_subject9_probabilities.npz
1,0.1,0.2,0,,,,BNCI2014_001,9,teacher_student_mixture,Teacher/student,results/calibration_workflow_bnci2014_001/probabilities/validation_only_selection_bnci2014_001_subject9_probabilities.npz
2,0.2,0.30000000000000004,0,,,,BNCI2014_001,9,teacher_student_mixture,Teacher/student,results/calibration_workflow_bnci2014_001/probabilities/validation_only_selection_bnci2014_001_subject9_probabilities.npz
3,0.30000000000000004,0.4,15,0.3783532628324288,0.4666666666666667,0.08831340383423786,BNCI2014_001,9,teacher_student_mixture,Teacher/student,results/calibration_workflow_bnci2014_001/probabilities/validation_only_selection_bnci2014_001_subject9_probabilities.npz
4,0.4,0.5,71,0.4485047565460911,0.5774647887323944,0.12896003218630325,BNCI2014_001,9,teacher_student_mixture,Teacher/student,results/calibration_workflow_bnci2014_001/probabilities/validation_only_selection_bnci2014_001_subject9_probabilities.npz
5,0.5,0.6000000000000001,60,0.5474186078862857,0.9,0.3525813921137143,BNCI2014_001,9,teacher_student_mixture,Teacher/student,results/calibration_workflow_bnci2014_001/probabilities/validation_only_selection_bnci2014_001_subject9_probabilities.npz
6,0.6000000000000001,0.7000000000000001,44,0.6527976515447622,0.9090909090909091,0.25629325754614685,BNCI2014_001,9,teacher_student_mixture,Teacher/student,results/calibration_workflow_bnci2014_001/probabilities/validation_only_selection_bnci2014_001_subject9_probabilities.npz
7,0.7000000000000001,0.8,56,0.7553572600063868,0.9821428571428571,0.22678559713647028,BNCI2014_001,9,teacher_student_mixture,Teacher/student,results/calibration_workflow_bnci2014_001/probabilities/validation_only_selection_bnci2014_001_subject9_probabilities.npz
8,0.8,0.9,29,0.8403322436311086,1.0,0.1596677563688914,BNCI2014_001,9,teacher_student_mixture,Teacher/student,results/calibration_workflow_bnci2014_001/probabilities/validation_only_selection_bnci2014_001_subject9_probabilities.npz
9,0.9,1.0,13,0.9324605509798954,1.0,0.06753944902010456,BNCI2014_001,9,teacher_student_mixture,Teacher/student,results/calibration_workflow_bnci2014_001/probabilities/validation_only_selection_bnci2014_001_subject9_probabilities.npz
0,0.0,0.1,0,,,,BNCI2014_004,1,augmentation,Augmentation,results/calibration_workflow_bnci2014_004/probabilities/validation_only_selection_bnci2014_004_subject1_probabilities.npz
1,0.1,0.2,0,,,,BNCI2014_004,1,augmentation,Augmentation,results/calibration_workflow_bnci2014_004/probabilities/validation_only_selection_bnci2014_004_subject1_probabilities.npz
2,0.2,0.30000000000000004,0,,,,BNCI2014_004,1,augmentation,Augmentation,results/calibration_workflow_bnci2014_004/probabilities/validation_only_selection_bnci2014_004_subject1_probabilities.npz
3,0.30000000000000004,0.4,0,,,,BNCI2014_004,1,augmentation,Augmentation,results/calibration_workflow_bnci2014_004/probabilities/validation_only_selection_bnci2014_004_subject1_probabilities.npz
4,0.4,0.5,0,,,,BNCI2014_004,1,augmentation,Augmentation,results/calibration_workflow_bnci2014_004/probabilities/validation_only_selection_bnci2014_004_subject1_probabilities.npz
5,0.5,0.6000000000000001,32,0.5545590340630382,0.5625,0.007940965936961808,BNCI2014_004,1,augmentation,Augmentation,results/calibration_workflow_bnci2014_004/probabilities/validation_only_selection_bnci2014_004_subject1_probabilities.npz
6,0.6000000000000001,0.7000000000000001,29,0.6490903771302863,0.4827586206896552,0.16633175644063108,BNCI2014_004,1,augmentation,Augmentation,results/calibration_workflow_bnci2014_004/probabilities/validation_only_selection_bnci2014_004_subject1_probabilities.npz
7,0.7000000000000001,0.8,40,0.7561664379498385,0.6,0.15616643794983853,BNCI2014_004,1,augmentation,Augmentation,results/calibration_workflow_bnci2014_004/probabilities/validation_only_selection_bnci2014_004_subject1_probabilities.npz
8,0.8,0.9,47,0.851393074396562,0.6382978723404256,0.2130952020561364,BNCI2014_004,1,augmentation,Augmentation,results/calibration_workflow_bnci2014_004/probabilities/validation_only_selection_bnci2014_004_subject1_probabilities.npz
9,0.9,1.0,172,0.9692341362901138,0.8081395348837209,0.16109460140639287,BNCI2014_004,1,augmentation,Augmentation,results/calibration_workflow_bnci2014_004/probabilities/validation_only_selection_bnci2014_004_subject1_probabilities.npz
0,0.0,0.1,0,,,,BNCI2014_004,2,augmentation,Augmentation,results/calibration_workflow_bnci2014_004/probabilities/validation_only_selection_bnci2014_004_subject2_probabilities.npz
1,0.1,0.2,0,,,,BNCI2014_004,2,augmentation,Augmentation,results/calibration_workflow_bnci2014_004/probabilities/validation_only_selection_bnci2014_004_subject2_probabilities.npz
2,0.2,0.30000000000000004,0,,,,BNCI2014_004,2,augmentation,Augmentation,results/calibration_workflow_bnci2014_004/probabilities/validation_only_selection_bnci2014_004_subject2_probabilities.npz
3,0.30000000000000004,0.4,0,,,,BNCI2014_004,2,augmentation,Augmentation,results/calibration_workflow_bnci2014_004/probabilities/validation_only_selection_bnci2014_004_subject2_probabilities.npz
4,0.4,0.5,0,,,,BNCI2014_004,2,augmentation,Augmentation,results/calibration_workflow_bnci2014_004/probabilities/validation_only_selection_bnci2014_004_subject2_probabilities.npz
5,0.5,0.6000000000000001,161,0.5470405936697336,0.5217391304347826,0.02530146323495097,BNCI2014_004,2,augmentation,Augmentation,results/calibration_workflow_bnci2014_004/probabilities/validation_only_selection_bnci2014_004_subject2_probabilities.npz
6,0.6000000000000001,0.7000000000000001,87,0.6456211583236191,0.632183908045977,0.013437250277642088,BNCI2014_004,2,augmentation,Augmentation,results/calibration_workflow_bnci2014_004/probabilities/validation_only_selection_bnci2014_004_subject2_probabilities.npz
7,0.7000000000000001,0.8,27,0.7412995408714635,0.5555555555555556,0.18574398531590797,BNCI2014_004,2,augmentation,Augmentation,results/calibration_workflow_bnci2014_004/probabilities/validation_only_selection_bnci2014_004_subject2_probabilities.npz
8,0.8,0.9,5,0.8391087038295615,1.0,0.1608912961704385,BNCI2014_004,2,augmentation,Augmentation,results/calibration_workflow_bnci2014_004/probabilities/validation_only_selection_bnci2014_004_subject2_probabilities.npz
9,0.9,1.0,0,,,,BNCI2014_004,2,augmentation,Augmentation,results/calibration_workflow_bnci2014_004/probabilities/validation_only_selection_bnci2014_004_subject2_probabilities.npz
0,0.0,0.1,0,,,,BNCI2014_004,3,augmentation,Augmentation,results/calibration_workflow_bnci2014_004/probabilities/validation_only_selection_bnci2014_004_subject3_probabilities.npz
1,0.1,0.2,0,,,,BNCI2014_004,3,augmentation,Augmentation,results/calibration_workflow_bnci2014_004/probabilities/validation_only_selection_bnci2014_004_subject3_probabilities.npz
2,0.2,0.30000000000000004,0,,,,BNCI2014_004,3,augmentation,Augmentation,results/calibration_workflow_bnci2014_004/probabilities/validation_only_selection_bnci2014_004_subject3_probabilities.npz
3,0.30000000000000004,0.4,0,,,,BNCI2014_004,3,augmentation,Augmentation,results/calibration_workflow_bnci2014_004/probabilities/validation_only_selection_bnci2014_004_subject3_probabilities.npz
4,0.4,0.5,0,,,,BNCI2014_004,3,augmentation,Augmentation,results/calibration_workflow_bnci2014_004/probabilities/validation_only_selection_bnci2014_004_subject3_probabilities.npz
5,0.5,0.6000000000000001,320,0.501100920884194,0.534375,0.03327407911580604,BNCI2014_004,3,augmentation,Augmentation,results/calibration_workflow_bnci2014_004/probabilities/validation_only_selection_bnci2014_004_subject3_probabilities.npz
6,0.6000000000000001,0.7000000000000001,0,,,,BNCI2014_004,3,augmentation,Augmentation,results/calibration_workflow_bnci2014_004/probabilities/validation_only_selection_bnci2014_004_subject3_probabilities.npz
7,0.7000000000000001,0.8,0,,,,BNCI2014_004,3,augmentation,Augmentation,results/calibration_workflow_bnci2014_004/probabilities/validation_only_selection_bnci2014_004_subject3_probabilities.npz
8,0.8,0.9,0,,,,BNCI2014_004,3,augmentation,Augmentation,results/calibration_workflow_bnci2014_004/probabilities/validation_only_selection_bnci2014_004_subject3_probabilities.npz
9,0.9,1.0,0,,,,BNCI2014_004,3,augmentation,Augmentation,results/calibration_workflow_bnci2014_004/probabilities/validation_only_selection_bnci2014_004_subject3_probabilities.npz
0,0.0,0.1,0,,,,BNCI2014_004,4,augmentation,Augmentation,results/calibration_workflow_bnci2014_004/probabilities/validation_only_selection_bnci2014_004_subject4_probabilities.npz
1,0.1,0.2,0,,,,BNCI2014_004,4,augmentation,Augmentation,results/calibration_workflow_bnci2014_004/probabilities/validation_only_selection_bnci2014_004_subject4_probabilities.npz
2,0.2,0.30000000000000004,0,,,,BNCI2014_004,4,augmentation,Augmentation,results/calibration_workflow_bnci2014_004/probabilities/validation_only_selection_bnci2014_004_subject4_probabilities.npz
3,0.30000000000000004,0.4,0,,,,BNCI2014_004,4,augmentation,Augmentation,results/calibration_workflow_bnci2014_004/probabilities/validation_only_selection_bnci2014_004_subject4_probabilities.npz
4,0.4,0.5,0,,,,BNCI2014_004,4,augmentation,Augmentation,results/calibration_workflow_bnci2014_004/probabilities/validation_only_selection_bnci2014_004_subject4_probabilities.npz
5,0.5,0.6000000000000001,4,0.5496728974738333,0.25,0.2996728974738333,BNCI2014_004,4,augmentation,Augmentation,results/calibration_workflow_bnci2014_004/probabilities/validation_only_selection_bnci2014_004_subject4_probabilities.npz
6,0.6000000000000001,0.7000000000000001,7,0.6582606152505648,0.7142857142857143,0.05602509903514952,BNCI2014_004,4,augmentation,Augmentation,results/calibration_workflow_bnci2014_004/probabilities/validation_only_selection_bnci2014_004_subject4_probabilities.npz
7,0.7000000000000001,0.8,1,0.7469395995140076,0.0,0.7469395995140076,BNCI2014_004,4,augmentation,Augmentation,results/calibration_workflow_bnci2014_004/probabilities/validation_only_selection_bnci2014_004_subject4_probabilities.npz
8,0.8,0.9,10,0.840250625798262,0.9,0.05974937420173798,BNCI2014_004,4,augmentation,Augmentation,results/calibration_workflow_bnci2014_004/probabilities/validation_only_selection_bnci2014_004_subject4_probabilities.npz
9,0.9,1.0,298,0.9959452951454307,0.9832214765100671,0.012723818635363648,BNCI2014_004,4,augmentation,Augmentation,results/calibration_workflow_bnci2014_004/probabilities/validation_only_selection_bnci2014_004_subject4_probabilities.npz
0,0.0,0.1,0,,,,BNCI2014_004,5,augmentation,Augmentation,results/calibration_workflow_bnci2014_004/probabilities/validation_only_selection_bnci2014_004_subject5_probabilities.npz
1,0.1,0.2,0,,,,BNCI2014_004,5,augmentation,Augmentation,results/calibration_workflow_bnci2014_004/probabilities/validation_only_selection_bnci2014_004_subject5_probabilities.npz
2,0.2,0.30000000000000004,0,,,,BNCI2014_004,5,augmentation,Augmentation,results/calibration_workflow_bnci2014_004/probabilities/validation_only_selection_bnci2014_004_subject5_probabilities.npz
3,0.30000000000000004,0.4,0,,,,BNCI2014_004,5,augmentation,Augmentation,results/calibration_workflow_bnci2014_004/probabilities/validation_only_selection_bnci2014_004_subject5_probabilities.npz
4,0.4,0.5,0,,,,BNCI2014_004,5,augmentation,Augmentation,results/calibration_workflow_bnci2014_004/probabilities/validation_only_selection_bnci2014_004_subject5_probabilities.npz
5,0.5,0.6000000000000001,12,0.5688398679627356,0.4166666666666667,0.15217320129606887,BNCI2014_004,5,augmentation,Augmentation,results/calibration_workflow_bnci2014_004/probabilities/validation_only_selection_bnci2014_004_subject5_probabilities.npz
6,0.6000000000000001,0.7000000000000001,17,0.654358480273511,0.5294117647058824,0.1249467155676286,BNCI2014_004,5,augmentation,Augmentation,results/calibration_workflow_bnci2014_004/probabilities/validation_only_selection_bnci2014_004_subject5_probabilities.npz
7,0.7000000000000001,0.8,26,0.7487667961882382,0.7692307692307693,0.020463973042531114,BNCI2014_004,5,augmentation,Augmentation,results/calibration_workflow_bnci2014_004/probabilities/validation_only_selection_bnci2014_004_subject5_probabilities.npz
8,0.8,0.9,40,0.8487080596767417,0.725,0.1237080596767417,BNCI2014_004,5,augmentation,Augmentation,results/calibration_workflow_bnci2014_004/probabilities/validation_only_selection_bnci2014_004_subject5_probabilities.npz
9,0.9,1.0,225,0.9824518900617684,0.9333333333333333,0.049118556728435014,BNCI2014_004,5,augmentation,Augmentation,results/calibration_workflow_bnci2014_004/probabilities/validation_only_selection_bnci2014_004_subject5_probabilities.npz
0,0.0,0.1,0,,,,BNCI2014_004,6,augmentation,Augmentation,results/calibration_workflow_bnci2014_004/probabilities/validation_only_selection_bnci2014_004_subject6_probabilities.npz
1,0.1,0.2,0,,,,BNCI2014_004,6,augmentation,Augmentation,results/calibration_workflow_bnci2014_004/probabilities/validation_only_selection_bnci2014_004_subject6_probabilities.npz
2,0.2,0.30000000000000004,0,,,,BNCI2014_004,6,augmentation,Augmentation,results/calibration_workflow_bnci2014_004/probabilities/validation_only_selection_bnci2014_004_subject6_probabilities.npz
3,0.30000000000000004,0.4,0,,,,BNCI2014_004,6,augmentation,Augmentation,results/calibration_workflow_bnci2014_004/probabilities/validation_only_selection_bnci2014_004_subject6_probabilities.npz
4,0.4,0.5,0,,,,BNCI2014_004,6,augmentation,Augmentation,results/calibration_workflow_bnci2014_004/probabilities/validation_only_selection_bnci2014_004_subject6_probabilities.npz
5,0.5,0.6000000000000001,38,0.5511830150364239,0.6842105263157895,0.13302751127936563,BNCI2014_004,6,augmentation,Augmentation,results/calibration_workflow_bnci2014_004/probabilities/validation_only_selection_bnci2014_004_subject6_probabilities.npz
6,0.6000000000000001,0.7000000000000001,44,0.6527383422701897,0.7045454545454546,0.05180711227526491,BNCI2014_004,6,augmentation,Augmentation,results/calibration_workflow_bnci2014_004/probabilities/validation_only_selection_bnci2014_004_subject6_probabilities.npz
7,0.7000000000000001,0.8,50,0.7496389386191045,0.76,0.010361061380895542,BNCI2014_004,6,augmentation,Augmentation,results/calibration_workflow_bnci2014_004/probabilities/validation_only_selection_bnci2014_004_subject6_probabilities.npz
8,0.8,0.9,70,0.8563980736646278,0.9285714285714286,0.07217335490680077,BNCI2014_004,6,augmentation,Augmentation,results/calibration_workflow_bnci2014_004/probabilities/validation_only_selection_bnci2014_004_subject6_probabilities.npz
9,0.9,1.0,118,0.9532342908769501,0.9745762711864406,0.021341980309490527,BNCI2014_004,6,augmentation,Augmentation,results/calibration_workflow_bnci2014_004/probabilities/validation_only_selection_bnci2014_004_subject6_probabilities.npz
0,0.0,0.1,0,,,,BNCI2014_004,7,augmentation,Augmentation,results/calibration_workflow_bnci2014_004/probabilities/validation_only_selection_bnci2014_004_subject7_probabilities.npz
1,0.1,0.2,0,,,,BNCI2014_004,7,augmentation,Augmentation,results/calibration_workflow_bnci2014_004/probabilities/validation_only_selection_bnci2014_004_subject7_probabilities.npz
2,0.2,0.30000000000000004,0,,,,BNCI2014_004,7,augmentation,Augmentation,results/calibration_workflow_bnci2014_004/probabilities/validation_only_selection_bnci2014_004_subject7_probabilities.npz
3,0.30000000000000004,0.4,0,,,,BNCI2014_004,7,augmentation,Augmentation,results/calibration_workflow_bnci2014_004/probabilities/validation_only_selection_bnci2014_004_subject7_probabilities.npz
4,0.4,0.5,0,,,,BNCI2014_004,7,augmentation,Augmentation,results/calibration_workflow_bnci2014_004/probabilities/validation_only_selection_bnci2014_004_subject7_probabilities.npz
5,0.5,0.6000000000000001,45,0.5461393020239166,0.4444444444444444,0.10169485757947216,BNCI2014_004,7,augmentation,Augmentation,results/calibration_workflow_bnci2014_004/probabilities/validation_only_selection_bnci2014_004_subject7_probabilities.npz
6,0.6000000000000001,0.7000000000000001,44,0.654032644094428,0.6363636363636364,0.017669007730791608,BNCI2014_004,7,augmentation,Augmentation,results/calibration_workflow_bnci2014_004/probabilities/validation_only_selection_bnci2014_004_subject7_probabilities.npz
7,0.7000000000000001,0.8,48,0.7439337219924554,0.6875,0.05643372199245544,BNCI2014_004,7,augmentation,Augmentation,results/calibration_workflow_bnci2014_004/probabilities/validation_only_selection_bnci2014_004_subject7_probabilities.npz
8,0.8,0.9,58,0.8512397863956314,0.8793103448275862,0.02807055843195483,BNCI2014_004,7,augmentation,Augmentation,results/calibration_workflow_bnci2014_004/probabilities/validation_only_selection_bnci2014_004_subject7_probabilities.npz
9,0.9,1.0,125,0.9632273440911466,0.912,0.0512273440911466,BNCI2014_004,7,augmentation,Augmentation,results/calibration_workflow_bnci2014_004/probabilities/validation_only_selection_bnci2014_004_subject7_probabilities.npz
0,0.0,0.1,0,,,,BNCI2014_004,8,augmentation,Augmentation,results/calibration_workflow_bnci2014_004/probabilities/validation_only_selection_bnci2014_004_subject8_probabilities.npz
1,0.1,0.2,0,,,,BNCI2014_004,8,augmentation,Augmentation,results/calibration_workflow_bnci2014_004/probabilities/validation_only_selection_bnci2014_004_subject8_probabilities.npz
2,0.2,0.30000000000000004,0,,,,BNCI2014_004,8,augmentation,Augmentation,results/calibration_workflow_bnci2014_004/probabilities/validation_only_selection_bnci2014_004_subject8_probabilities.npz
3,0.30000000000000004,0.4,0,,,,BNCI2014_004,8,augmentation,Augmentation,results/calibration_workflow_bnci2014_004/probabilities/validation_only_selection_bnci2014_004_subject8_probabilities.npz
4,0.4,0.5,0,,,,BNCI2014_004,8,augmentation,Augmentation,results/calibration_workflow_bnci2014_004/probabilities/validation_only_selection_bnci2014_004_subject8_probabilities.npz
5,0.5,0.6000000000000001,21,0.5521654508664529,0.42857142857142855,0.12359402229502431,BNCI2014_004,8,augmentation,Augmentation,results/calibration_workflow_bnci2014_004/probabilities/validation_only_selection_bnci2014_004_subject8_probabilities.npz
6,0.6000000000000001,0.7000000000000001,12,0.6445820644958468,0.5833333333333334,0.06124873116251339,BNCI2014_004,8,augmentation,Augmentation,results/calibration_workflow_bnci2014_004/probabilities/validation_only_selection_bnci2014_004_subject8_probabilities.npz
7,0.7000000000000001,0.8,19,0.7482877414900703,0.7894736842105263,0.04118594272045606,BNCI2014_004,8,augmentation,Augmentation,results/calibration_workflow_bnci2014_004/probabilities/validation_only_selection_bnci2014_004_subject8_probabilities.npz
8,0.8,0.9,46,0.8541660661269568,0.782608695652174,0.07155737047478283,BNCI2014_004,8,augmentation,Augmentation,results/calibration_workflow_bnci2014_004/probabilities/validation_only_selection_bnci2014_004_subject8_probabilities.npz
9,0.9,1.0,222,0.9779742723477435,0.9819819819819819,0.0040077096342384655,BNCI2014_004,8,augmentation,Augmentation,results/calibration_workflow_bnci2014_004/probabilities/validation_only_selection_bnci2014_004_subject8_probabilities.npz
0,0.0,0.1,0,,,,BNCI2014_004,9,augmentation,Augmentation,results/calibration_workflow_bnci2014_004/probabilities/validation_only_selection_bnci2014_004_subject9_probabilities.npz
1,0.1,0.2,0,,,,BNCI2014_004,9,augmentation,Augmentation,results/calibration_workflow_bnci2014_004/probabilities/validation_only_selection_bnci2014_004_subject9_probabilities.npz
2,0.2,0.30000000000000004,0,,,,BNCI2014_004,9,augmentation,Augmentation,results/calibration_workflow_bnci2014_004/probabilities/validation_only_selection_bnci2014_004_subject9_probabilities.npz
3,0.30000000000000004,0.4,0,,,,BNCI2014_004,9,augmentation,Augmentation,results/calibration_workflow_bnci2014_004/probabilities/validation_only_selection_bnci2014_004_subject9_probabilities.npz
4,0.4,0.5,0,,,,BNCI2014_004,9,augmentation,Augmentation,results/calibration_workflow_bnci2014_004/probabilities/validation_only_selection_bnci2014_004_subject9_probabilities.npz
5,0.5,0.6000000000000001,23,0.5540222904648534,0.8260869565217391,0.27206466605688573,BNCI2014_004,9,augmentation,Augmentation,results/calibration_workflow_bnci2014_004/probabilities/validation_only_selection_bnci2014_004_subject9_probabilities.npz
6,0.6000000000000001,0.7000000000000001,26,0.6469798795534086,0.6923076923076923,0.04532781275428366,BNCI2014_004,9,augmentation,Augmentation,results/calibration_workflow_bnci2014_004/probabilities/validation_only_selection_bnci2014_004_subject9_probabilities.npz
7,0.7000000000000001,0.8,31,0.7541506560055589,0.6774193548387096,0.07673130116684923,BNCI2014_004,9,augmentation,Augmentation,results/calibration_workflow_bnci2014_004/probabilities/validation_only_selection_bnci2014_004_subject9_probabilities.npz
8,0.8,0.9,46,0.8526444288623825,0.8478260869565217,0.0048183419058607235,BNCI2014_004,9,augmentation,Augmentation,results/calibration_workflow_bnci2014_004/probabilities/validation_only_selection_bnci2014_004_subject9_probabilities.npz
9,0.9,1.0,194,0.9740166963133557,0.9845360824742269,0.010519386160871114,BNCI2014_004,9,augmentation,Augmentation,results/calibration_workflow_bnci2014_004/probabilities/validation_only_selection_bnci2014_004_subject9_probabilities.npz
0,0.0,0.1,0,,,,BNCI2014_004,1,baseline,Baseline,results/calibration_workflow_bnci2014_004/probabilities/validation_only_selection_bnci2014_004_subject1_probabilities.npz
1,0.1,0.2,0,,,,BNCI2014_004,1,baseline,Baseline,results/calibration_workflow_bnci2014_004/probabilities/validation_only_selection_bnci2014_004_subject1_probabilities.npz
2,0.2,0.30000000000000004,0,,,,BNCI2014_004,1,baseline,Baseline,results/calibration_workflow_bnci2014_004/probabilities/validation_only_selection_bnci2014_004_subject1_probabilities.npz
3,0.30000000000000004,0.4,0,,,,BNCI2014_004,1,baseline,Baseline,results/calibration_workflow_bnci2014_004/probabilities/validation_only_selection_bnci2014_004_subject1_probabilities.npz
4,0.4,0.5,0,,,,BNCI2014_004,1,baseline,Baseline,results/calibration_workflow_bnci2014_004/probabilities/validation_only_selection_bnci2014_004_subject1_probabilities.npz
5,0.5,0.6000000000000001,32,0.5545590340630382,0.5625,0.007940965936961808,BNCI2014_004,1,baseline,Baseline,results/calibration_workflow_bnci2014_004/probabilities/validation_only_selection_bnci2014_004_subject1_probabilities.npz
6,0.6000000000000001,0.7000000000000001,29,0.6490903771302863,0.4827586206896552,0.16633175644063108,BNCI2014_004,1,baseline,Baseline,results/calibration_workflow_bnci2014_004/probabilities/validation_only_selection_bnci2014_004_subject1_probabilities.npz
7,0.7000000000000001,0.8,40,0.7561664379498385,0.6,0.15616643794983853,BNCI2014_004,1,baseline,Baseline,results/calibration_workflow_bnci2014_004/probabilities/validation_only_selection_bnci2014_004_subject1_probabilities.npz
8,0.8,0.9,47,0.851393074396562,0.6382978723404256,0.2130952020561364,BNCI2014_004,1,baseline,Baseline,results/calibration_workflow_bnci2014_004/probabilities/validation_only_selection_bnci2014_004_subject1_probabilities.npz
9,0.9,1.0,172,0.9692341362901138,0.8081395348837209,0.16109460140639287,BNCI2014_004,1,baseline,Baseline,results/calibration_workflow_bnci2014_004/probabilities/validation_only_selection_bnci2014_004_subject1_probabilities.npz
0,0.0,0.1,0,,,,BNCI2014_004,2,baseline,Baseline,results/calibration_workflow_bnci2014_004/probabilities/validation_only_selection_bnci2014_004_subject2_probabilities.npz
1,0.1,0.2,0,,,,BNCI2014_004,2,baseline,Baseline,results/calibration_workflow_bnci2014_004/probabilities/validation_only_selection_bnci2014_004_subject2_probabilities.npz
2,0.2,0.30000000000000004,0,,,,BNCI2014_004,2,baseline,Baseline,results/calibration_workflow_bnci2014_004/probabilities/validation_only_selection_bnci2014_004_subject2_probabilities.npz
3,0.30000000000000004,0.4,0,,,,BNCI2014_004,2,baseline,Baseline,results/calibration_workflow_bnci2014_004/probabilities/validation_only_selection_bnci2014_004_subject2_probabilities.npz
4,0.4,0.5,0,,,,BNCI2014_004,2,baseline,Baseline,results/calibration_workflow_bnci2014_004/probabilities/validation_only_selection_bnci2014_004_subject2_probabilities.npz
5,0.5,0.6000000000000001,150,0.5472969905937047,0.56,0.012703009406295318,BNCI2014_004,2,baseline,Baseline,results/calibration_workflow_bnci2014_004/probabilities/validation_only_selection_bnci2014_004_subject2_probabilities.npz
6,0.6000000000000001,0.7000000000000001,106,0.6487537034268496,0.6037735849056604,0.044980118521189216,BNCI2014_004,2,baseline,Baseline,results/calibration_workflow_bnci2014_004/probabilities/validation_only_selection_bnci2014_004_subject2_probabilities.npz
7,0.7000000000000001,0.8,22,0.7383239419477641,0.6363636363636364,0.10196030558412772,BNCI2014_004,2,baseline,Baseline,results/calibration_workflow_bnci2014_004/probabilities/validation_only_selection_bnci2014_004_subject2_probabilities.npz
8,0.8,0.9,2,0.8465271935901881,1.0,0.15347280640981187,BNCI2014_004,2,baseline,Baseline,results/calibration_workflow_bnci2014_004/probabilities/validation_only_selection_bnci2014_004_subject2_probabilities.npz
9,0.9,1.0,0,,,,BNCI2014_004,2,baseline,Baseline,results/calibration_workflow_bnci2014_004/probabilities/validation_only_selection_bnci2014_004_subject2_probabilities.npz
0,0.0,0.1,0,,,,BNCI2014_004,3,baseline,Baseline,results/calibration_workflow_bnci2014_004/probabilities/validation_only_selection_bnci2014_004_subject3_probabilities.npz
1,0.1,0.2,0,,,,BNCI2014_004,3,baseline,Baseline,results/calibration_workflow_bnci2014_004/probabilities/validation_only_selection_bnci2014_004_subject3_probabilities.npz
2,0.2,0.30000000000000004,0,,,,BNCI2014_004,3,baseline,Baseline,results/calibration_workflow_bnci2014_004/probabilities/validation_only_selection_bnci2014_004_subject3_probabilities.npz
3,0.30000000000000004,0.4,0,,,,BNCI2014_004,3,baseline,Baseline,results/calibration_workflow_bnci2014_004/probabilities/validation_only_selection_bnci2014_004_subject3_probabilities.npz
4,0.4,0.5,0,,,,BNCI2014_004,3,baseline,Baseline,results/calibration_workflow_bnci2014_004/probabilities/validation_only_selection_bnci2014_004_subject3_probabilities.npz
5,0.5,0.6000000000000001,320,0.501100920884194,0.534375,0.03327407911580604,BNCI2014_004,3,baseline,Baseline,results/calibration_workflow_bnci2014_004/probabilities/validation_only_selection_bnci2014_004_subject3_probabilities.npz
6,0.6000000000000001,0.7000000000000001,0,,,,BNCI2014_004,3,baseline,Baseline,results/calibration_workflow_bnci2014_004/probabilities/validation_only_selection_bnci2014_004_subject3_probabilities.npz
7,0.7000000000000001,0.8,0,,,,BNCI2014_004,3,baseline,Baseline,results/calibration_workflow_bnci2014_004/probabilities/validation_only_selection_bnci2014_004_subject3_probabilities.npz
8,0.8,0.9,0,,,,BNCI2014_004,3,baseline,Baseline,results/calibration_workflow_bnci2014_004/probabilities/validation_only_selection_bnci2014_004_subject3_probabilities.npz
9,0.9,1.0,0,,,,BNCI2014_004,3,baseline,Baseline,results/calibration_workflow_bnci2014_004/probabilities/validation_only_selection_bnci2014_004_subject3_probabilities.npz
0,0.0,0.1,0,,,,BNCI2014_004,4,baseline,Baseline,results/calibration_workflow_bnci2014_004/probabilities/validation_only_selection_bnci2014_004_subject4_probabilities.npz
1,0.1,0.2,0,,,,BNCI2014_004,4,baseline,Baseline,results/calibration_workflow_bnci2014_004/probabilities/validation_only_selection_bnci2014_004_subject4_probabilities.npz
2,0.2,0.30000000000000004,0,,,,BNCI2014_004,4,baseline,Baseline,results/calibration_workflow_bnci2014_004/probabilities/validation_only_selection_bnci2014_004_subject4_probabilities.npz
3,0.30000000000000004,0.4,0,,,,BNCI2014_004,4,baseline,Baseline,results/calibration_workflow_bnci2014_004/probabilities/validation_only_selection_bnci2014_004_subject4_probabilities.npz
4,0.4,0.5,0,,,,BNCI2014_004,4,baseline,Baseline,results/calibration_workflow_bnci2014_004/probabilities/validation_only_selection_bnci2014_004_subject4_probabilities.npz
5,0.5,0.6000000000000001,7,0.5503428299220904,0.5714285714285714,0.021085741506481015,BNCI2014_004,4,baseline,Baseline,results/calibration_workflow_bnci2014_004/probabilities/validation_only_selection_bnci2014_004_subject4_probabilities.npz
6,0.6000000000000001,0.7000000000000001,5,0.6473693132795242,1.0,0.3526306867204758,BNCI2014_004,4,baseline,Baseline,results/calibration_workflow_bnci2014_004/probabilities/validation_only_selection_bnci2014_004_subject4_probabilities.npz
7,0.7000000000000001,0.8,8,0.7550997610259734,0.875,0.11990023897402657,BNCI2014_004,4,baseline,Baseline,results/calibration_workflow_bnci2014_004/probabilities/validation_only_selection_bnci2014_004_subject4_probabilities.npz
8,0.8,0.9,9,0.8452183549479633,0.7777777777777778,0.06744057717018548,BNCI2014_004,4,baseline,Baseline,results/calibration_workflow_bnci2014_004/probabilities/validation_only_selection_bnci2014_004_subject4_probabilities.npz
9,0.9,1.0,291,0.9937299087379581,0.9862542955326461,0.007475613205311982,BNCI2014_004,4,baseline,Baseline,results/calibration_workflow_bnci2014_004/probabilities/validation_only_selection_bnci2014_004_subject4_probabilities.npz
0,0.0,0.1,0,,,,BNCI2014_004,5,baseline,Baseline,results/calibration_workflow_bnci2014_004/probabilities/validation_only_selection_bnci2014_004_subject5_probabilities.npz
1,0.1,0.2,0,,,,BNCI2014_004,5,baseline,Baseline,results/calibration_workflow_bnci2014_004/probabilities/validation_only_selection_bnci2014_004_subject5_probabilities.npz
2,0.2,0.30000000000000004,0,,,,BNCI2014_004,5,baseline,Baseline,results/calibration_workflow_bnci2014_004/probabilities/validation_only_selection_bnci2014_004_subject5_probabilities.npz
3,0.30000000000000004,0.4,0,,,,BNCI2014_004,5,baseline,Baseline,results/calibration_workflow_bnci2014_004/probabilities/validation_only_selection_bnci2014_004_subject5_probabilities.npz
4,0.4,0.5,0,,,,BNCI2014_004,5,baseline,Baseline,results/calibration_workflow_bnci2014_004/probabilities/validation_only_selection_bnci2014_004_subject5_probabilities.npz
5,0.5,0.6000000000000001,24,0.5491928582365194,0.5833333333333334,0.03414047509681395,BNCI2014_004,5,baseline,Baseline,results/calibration_workflow_bnci2014_004/probabilities/validation_only_selection_bnci2014_004_subject5_probabilities.npz
6,0.6000000000000001,0.7000000000000001,15,0.6530238244387666,0.6,0.05302382443876663,BNCI2014_004,5,baseline,Baseline,results/calibration_workflow_bnci2014_004/probabilities/validation_only_selection_bnci2014_004_subject5_probabilities.npz
7,0.7000000000000001,0.8,18,0.7513724917438432,0.8888888888888888,0.1375163971450456,BNCI2014_004,5,baseline,Baseline,results/calibration_workflow_bnci2014_004/probabilities/validation_only_selection_bnci2014_004_subject5_probabilities.npz
8,0.8,0.9,43,0.8494464737212954,0.9069767441860465,0.05753027046475101,BNCI2014_004,5,baseline,Baseline,results/calibration_workflow_bnci2014_004/probabilities/validation_only_selection_bnci2014_004_subject5_probabilities.npz
9,0.9,1.0,220,0.9757072583119099,0.9636363636363636,0.012070894675546229,BNCI2014_004,5,baseline,Baseline,results/calibration_workflow_bnci2014_004/probabilities/validation_only_selection_bnci2014_004_subject5_probabilities.npz
0,0.0,0.1,0,,,,BNCI2014_004,6,baseline,Baseline,results/calibration_workflow_bnci2014_004/probabilities/validation_only_selection_bnci2014_004_subject6_probabilities.npz
1,0.1,0.2,0,,,,BNCI2014_004,6,baseline,Baseline,results/calibration_workflow_bnci2014_004/probabilities/validation_only_selection_bnci2014_004_subject6_probabilities.npz
2,0.2,0.30000000000000004,0,,,,BNCI2014_004,6,baseline,Baseline,results/calibration_workflow_bnci2014_004/probabilities/validation_only_selection_bnci2014_004_subject6_probabilities.npz
3,0.30000000000000004,0.4,0,,,,BNCI2014_004,6,baseline,Baseline,results/calibration_workflow_bnci2014_004/probabilities/validation_only_selection_bnci2014_004_subject6_probabilities.npz
4,0.4,0.5,0,,,,BNCI2014_004,6,baseline,Baseline,results/calibration_workflow_bnci2014_004/probabilities/validation_only_selection_bnci2014_004_subject6_probabilities.npz
5,0.5,0.6000000000000001,55,0.5534942813592664,0.6545454545454545,0.10105117318618817,BNCI2014_004,6,baseline,Baseline,results/calibration_workflow_bnci2014_004/probabilities/validation_only_selection_bnci2014_004_subject6_probabilities.npz
6,0.6000000000000001,0.7000000000000001,58,0.6457910025343974,0.6551724137931034,0.009381411258706063,BNCI2014_004,6,baseline,Baseline,results/calibration_workflow_bnci2014_004/probabilities/validation_only_selection_bnci2014_004_subject6_probabilities.npz
7,0.7000000000000001,0.8,41,0.7623496251555313,0.7560975609756098,0.006252064179921524,BNCI2014_004,6,baseline,Baseline,results/calibration_workflow_bnci2014_004/probabilities/validation_only_selection_bnci2014_004_subject6_probabilities.npz
8,0.8,0.9,76,0.8590183654810625,0.9210526315789473,0.06203426609788487,BNCI2014_004,6,baseline,Baseline,results/calibration_workflow_bnci2014_004/probabilities/validation_only_selection_bnci2014_004_subject6_probabilities.npz
9,0.9,1.0,90,0.9458568905044525,0.9777777777777777,0.031920887273325205,BNCI2014_004,6,baseline,Baseline,results/calibration_workflow_bnci2014_004/probabilities/validation_only_selection_bnci2014_004_subject6_probabilities.npz
0,0.0,0.1,0,,,,BNCI2014_004,7,baseline,Baseline,results/calibration_workflow_bnci2014_004/probabilities/validation_only_selection_bnci2014_004_subject7_probabilities.npz
1,0.1,0.2,0,,,,BNCI2014_004,7,baseline,Baseline,results/calibration_workflow_bnci2014_004/probabilities/validation_only_selection_bnci2014_004_subject7_probabilities.npz
2,0.2,0.30000000000000004,0,,,,BNCI2014_004,7,baseline,Baseline,results/calibration_workflow_bnci2014_004/probabilities/validation_only_selection_bnci2014_004_subject7_probabilities.npz
3,0.30000000000000004,0.4,0,,,,BNCI2014_004,7,baseline,Baseline,results/calibration_workflow_bnci2014_004/probabilities/validation_only_selection_bnci2014_004_subject7_probabilities.npz
4,0.4,0.5,0,,,,BNCI2014_004,7,baseline,Baseline,results/calibration_workflow_bnci2014_004/probabilities/validation_only_selection_bnci2014_004_subject7_probabilities.npz
5,0.5,0.6000000000000001,45,0.5461393020239166,0.4444444444444444,0.10169485757947216,BNCI2014_004,7,baseline,Baseline,results/calibration_workflow_bnci2014_004/probabilities/validation_only_selection_bnci2014_004_subject7_probabilities.npz
6,0.6000000000000001,0.7000000000000001,44,0.654032644094428,0.6363636363636364,0.017669007730791608,BNCI2014_004,7,baseline,Baseline,results/calibration_workflow_bnci2014_004/probabilities/validation_only_selection_bnci2014_004_subject7_probabilities.npz
7,0.7000000000000001,0.8,48,0.7439337219924554,0.6875,0.05643372199245544,BNCI2014_004,7,baseline,Baseline,results/calibration_workflow_bnci2014_004/probabilities/validation_only_selection_bnci2014_004_subject7_probabilities.npz
8,0.8,0.9,58,0.8512397863956314,0.8793103448275862,0.02807055843195483,BNCI2014_004,7,baseline,Baseline,results/calibration_workflow_bnci2014_004/probabilities/validation_only_selection_bnci2014_004_subject7_probabilities.npz
9,0.9,1.0,125,0.9632273440911466,0.912,0.0512273440911466,BNCI2014_004,7,baseline,Baseline,results/calibration_workflow_bnci2014_004/probabilities/validation_only_selection_bnci2014_004_subject7_probabilities.npz
0,0.0,0.1,0,,,,BNCI2014_004,8,baseline,Baseline,results/calibration_workflow_bnci2014_004/probabilities/validation_only_selection_bnci2014_004_subject8_probabilities.npz
1,0.1,0.2,0,,,,BNCI2014_004,8,baseline,Baseline,results/calibration_workflow_bnci2014_004/probabilities/validation_only_selection_bnci2014_004_subject8_probabilities.npz
2,0.2,0.30000000000000004,0,,,,BNCI2014_004,8,baseline,Baseline,results/calibration_workflow_bnci2014_004/probabilities/validation_only_selection_bnci2014_004_subject8_probabilities.npz
3,0.30000000000000004,0.4,0,,,,BNCI2014_004,8,baseline,Baseline,results/calibration_workflow_bnci2014_004/probabilities/validation_only_selection_bnci2014_004_subject8_probabilities.npz
4,0.4,0.5,0,,,,BNCI2014_004,8,baseline,Baseline,results/calibration_workflow_bnci2014_004/probabilities/validation_only_selection_bnci2014_004_subject8_probabilities.npz
5,0.5,0.6000000000000001,21,0.5521654508664529,0.42857142857142855,0.12359402229502431,BNCI2014_004,8,baseline,Baseline,results/calibration_workflow_bnci2014_004/probabilities/validation_only_selection_bnci2014_004_subject8_probabilities.npz
6,0.6000000000000001,0.7000000000000001,12,0.6445820644958468,0.5833333333333334,0.06124873116251339,BNCI2014_004,8,baseline,Baseline,results/calibration_workflow_bnci2014_004/probabilities/validation_only_selection_bnci2014_004_subject8_probabilities.npz
7,0.7000000000000001,0.8,19,0.7482877414900703,0.7894736842105263,0.04118594272045606,BNCI2014_004,8,baseline,Baseline,results/calibration_workflow_bnci2014_004/probabilities/validation_only_selection_bnci2014_004_subject8_probabilities.npz
8,0.8,0.9,46,0.8541660661269568,0.782608695652174,0.07155737047478283,BNCI2014_004,8,baseline,Baseline,results/calibration_workflow_bnci2014_004/probabilities/validation_only_selection_bnci2014_004_subject8_probabilities.npz
9,0.9,1.0,222,0.9779742723477435,0.9819819819819819,0.0040077096342384655,BNCI2014_004,8,baseline,Baseline,results/calibration_workflow_bnci2014_004/probabilities/validation_only_selection_bnci2014_004_subject8_probabilities.npz
0,0.0,0.1,0,,,,BNCI2014_004,9,baseline,Baseline,results/calibration_workflow_bnci2014_004/probabilities/validation_only_selection_bnci2014_004_subject9_probabilities.npz
1,0.1,0.2,0,,,,BNCI2014_004,9,baseline,Baseline,results/calibration_workflow_bnci2014_004/probabilities/validation_only_selection_bnci2014_004_subject9_probabilities.npz
2,0.2,0.30000000000000004,0,,,,BNCI2014_004,9,baseline,Baseline,results/calibration_workflow_bnci2014_004/probabilities/validation_only_selection_bnci2014_004_subject9_probabilities.npz
3,0.30000000000000004,0.4,0,,,,BNCI2014_004,9,baseline,Baseline,results/calibration_workflow_bnci2014_004/probabilities/validation_only_selection_bnci2014_004_subject9_probabilities.npz
4,0.4,0.5,0,,,,BNCI2014_004,9,baseline,Baseline,results/calibration_workflow_bnci2014_004/probabilities/validation_only_selection_bnci2014_004_subject9_probabilities.npz
5,0.5,0.6000000000000001,23,0.5540222904648534,0.8260869565217391,0.27206466605688573,BNCI2014_004,9,baseline,Baseline,results/calibration_workflow_bnci2014_004/probabilities/validation_only_selection_bnci2014_004_subject9_probabilities.npz
6,0.6000000000000001,0.7000000000000001,26,0.6469798795534086,0.6923076923076923,0.04532781275428366,BNCI2014_004,9,baseline,Baseline,results/calibration_workflow_bnci2014_004/probabilities/validation_only_selection_bnci2014_004_subject9_probabilities.npz
7,0.7000000000000001,0.8,31,0.7541506560055589,0.6774193548387096,0.07673130116684923,BNCI2014_004,9,baseline,Baseline,results/calibration_workflow_bnci2014_004/probabilities/validation_only_selection_bnci2014_004_subject9_probabilities.npz
8,0.8,0.9,46,0.8526444288623825,0.8478260869565217,0.0048183419058607235,BNCI2014_004,9,baseline,Baseline,results/calibration_workflow_bnci2014_004/probabilities/validation_only_selection_bnci2014_004_subject9_probabilities.npz
9,0.9,1.0,194,0.9740166963133557,0.9845360824742269,0.010519386160871114,BNCI2014_004,9,baseline,Baseline,results/calibration_workflow_bnci2014_004/probabilities/validation_only_selection_bnci2014_004_subject9_probabilities.npz
0,0.0,0.1,0,,,,BNCI2014_004,1,seed_ensemble,Seed ensemble,results/calibration_workflow_bnci2014_004/probabilities/validation_only_selection_bnci2014_004_subject1_probabilities.npz
1,0.1,0.2,0,,,,BNCI2014_004,1,seed_ensemble,Seed ensemble,results/calibration_workflow_bnci2014_004/probabilities/validation_only_selection_bnci2014_004_subject1_probabilities.npz
2,0.2,0.30000000000000004,0,,,,BNCI2014_004,1,seed_ensemble,Seed ensemble,results/calibration_workflow_bnci2014_004/probabilities/validation_only_selection_bnci2014_004_subject1_probabilities.npz
3,0.30000000000000004,0.4,0,,,,BNCI2014_004,1,seed_ensemble,Seed ensemble,results/calibration_workflow_bnci2014_004/probabilities/validation_only_selection_bnci2014_004_subject1_probabilities.npz
4,0.4,0.5,0,,,,BNCI2014_004,1,seed_ensemble,Seed ensemble,results/calibration_workflow_bnci2014_004/probabilities/validation_only_selection_bnci2014_004_subject1_probabilities.npz
5,0.5,0.6000000000000001,30,0.5541498189938662,0.5666666666666667,0.01251684767280048,BNCI2014_004,1,seed_ensemble,Seed ensemble,results/calibration_workflow_bnci2014_004/probabilities/validation_only_selection_bnci2014_004_subject1_probabilities.npz
6,0.6000000000000001,0.7000000000000001,36,0.6579615661336325,0.5555555555555556,0.10240601057807697,BNCI2014_004,1,seed_ensemble,Seed ensemble,results/calibration_workflow_bnci2014_004/probabilities/validation_only_selection_bnci2014_004_subject1_probabilities.npz
7,0.7000000000000001,0.8,36,0.7607588259237512,0.6666666666666666,0.09409215925708458,BNCI2014_004,1,seed_ensemble,Seed ensemble,results/calibration_workflow_bnci2014_004/probabilities/validation_only_selection_bnci2014_004_subject1_probabilities.npz
8,0.8,0.9,56,0.8491051274670763,0.6428571428571429,0.20624798460993343,BNCI2014_004,1,seed_ensemble,Seed ensemble,results/calibration_workflow_bnci2014_004/probabilities/validation_only_selection_bnci2014_004_subject1_probabilities.npz
9,0.9,1.0,162,0.9699315268307485,0.8271604938271605,0.14277103300358795,BNCI2014_004,1,seed_ensemble,Seed ensemble,results/calibration_workflow_bnci2014_004/probabilities/validation_only_selection_bnci2014_004_subject1_probabilities.npz
0,0.0,0.1,0,,,,BNCI2014_004,2,seed_ensemble,Seed ensemble,results/calibration_workflow_bnci2014_004/probabilities/validation_only_selection_bnci2014_004_subject2_probabilities.npz
1,0.1,0.2,0,,,,BNCI2014_004,2,seed_ensemble,Seed ensemble,results/calibration_workflow_bnci2014_004/probabilities/validation_only_selection_bnci2014_004_subject2_probabilities.npz
2,0.2,0.30000000000000004,0,,,,BNCI2014_004,2,seed_ensemble,Seed ensemble,results/calibration_workflow_bnci2014_004/probabilities/validation_only_selection_bnci2014_004_subject2_probabilities.npz
3,0.30000000000000004,0.4,0,,,,BNCI2014_004,2,seed_ensemble,Seed ensemble,results/calibration_workflow_bnci2014_004/probabilities/validation_only_selection_bnci2014_004_subject2_probabilities.npz
4,0.4,0.5,0,,,,BNCI2014_004,2,seed_ensemble,Seed ensemble,results/calibration_workflow_bnci2014_004/probabilities/validation_only_selection_bnci2014_004_subject2_probabilities.npz
5,0.5,0.6000000000000001,156,0.5489964137521466,0.5512820512820513,0.0022856375299047382,BNCI2014_004,2,seed_ensemble,Seed ensemble,results/calibration_workflow_bnci2014_004/probabilities/validation_only_selection_bnci2014_004_subject2_probabilities.npz
6,0.6000000000000001,0.7000000000000001,91,0.6497572865329777,0.6153846153846154,0.03437267114836229,BNCI2014_004,2,seed_ensemble,Seed ensemble,results/calibration_workflow_bnci2014_004/probabilities/validation_only_selection_bnci2014_004_subject2_probabilities.npz
7,0.7000000000000001,0.8,32,0.7314411795459603,0.625,0.10644117954596033,BNCI2014_004,2,seed_ensemble,Seed ensemble,results/calibration_workflow_bnci2014_004/probabilities/validation_only_selection_bnci2014_004_subject2_probabilities.npz
8,0.8,0.9,1,0.8677340616623452,1.0,0.13226593833765476,BNCI2014_004,2,seed_ensemble,Seed ensemble,results/calibration_workflow_bnci2014_004/probabilities/validation_only_selection_bnci2014_004_subject2_probabilities.npz
9,0.9,1.0,0,,,,BNCI2014_004,2,seed_ensemble,Seed ensemble,results/calibration_workflow_bnci2014_004/probabilities/validation_only_selection_bnci2014_004_subject2_probabilities.npz
0,0.0,0.1,0,,,,BNCI2014_004,3,seed_ensemble,Seed ensemble,results/calibration_workflow_bnci2014_004/probabilities/validation_only_selection_bnci2014_004_subject3_probabilities.npz
1,0.1,0.2,0,,,,BNCI2014_004,3,seed_ensemble,Seed ensemble,results/calibration_workflow_bnci2014_004/probabilities/validation_only_selection_bnci2014_004_subject3_probabilities.npz
2,0.2,0.30000000000000004,0,,,,BNCI2014_004,3,seed_ensemble,Seed ensemble,results/calibration_workflow_bnci2014_004/probabilities/validation_only_selection_bnci2014_004_subject3_probabilities.npz
3,0.30000000000000004,0.4,0,,,,BNCI2014_004,3,seed_ensemble,Seed ensemble,results/calibration_workflow_bnci2014_004/probabilities/validation_only_selection_bnci2014_004_subject3_probabilities.npz
4,0.4,0.5,0,,,,BNCI2014_004,3,seed_ensemble,Seed ensemble,results/calibration_workflow_bnci2014_004/probabilities/validation_only_selection_bnci2014_004_subject3_probabilities.npz
5,0.5,0.6000000000000001,320,0.5017477725606442,0.5375,0.0357522274393558,BNCI2014_004,3,seed_ensemble,Seed ensemble,results/calibration_workflow_bnci2014_004/probabilities/validation_only_selection_bnci2014_004_subject3_probabilities.npz
6,0.6000000000000001,0.7000000000000001,0,,,,BNCI2014_004,3,seed_ensemble,Seed ensemble,results/calibration_workflow_bnci2014_004/probabilities/validation_only_selection_bnci2014_004_subject3_probabilities.npz
7,0.7000000000000001,0.8,0,,,,BNCI2014_004,3,seed_ensemble,Seed ensemble,results/calibration_workflow_bnci2014_004/probabilities/validation_only_selection_bnci2014_004_subject3_probabilities.npz
8,0.8,0.9,0,,,,BNCI2014_004,3,seed_ensemble,Seed ensemble,results/calibration_workflow_bnci2014_004/probabilities/validation_only_selection_bnci2014_004_subject3_probabilities.npz
9,0.9,1.0,0,,,,BNCI2014_004,3,seed_ensemble,Seed ensemble,results/calibration_workflow_bnci2014_004/probabilities/validation_only_selection_bnci2014_004_subject3_probabilities.npz
0,0.0,0.1,0,,,,BNCI2014_004,4,seed_ensemble,Seed ensemble,results/calibration_workflow_bnci2014_004/probabilities/validation_only_selection_bnci2014_004_subject4_probabilities.npz
1,0.1,0.2,0,,,,BNCI2014_004,4,seed_ensemble,Seed ensemble,results/calibration_workflow_bnci2014_004/probabilities/validation_only_selection_bnci2014_004_subject4_probabilities.npz
2,0.2,0.30000000000000004,0,,,,BNCI2014_004,4,seed_ensemble,Seed ensemble,results/calibration_workflow_bnci2014_004/probabilities/validation_only_selection_bnci2014_004_subject4_probabilities.npz
3,0.30000000000000004,0.4,0,,,,BNCI2014_004,4,seed_ensemble,Seed ensemble,results/calibration_workflow_bnci2014_004/probabilities/validation_only_selection_bnci2014_004_subject4_probabilities.npz
4,0.4,0.5,0,,,,BNCI2014_004,4,seed_ensemble,Seed ensemble,results/calibration_workflow_bnci2014_004/probabilities/validation_only_selection_bnci2014_004_subject4_probabilities.npz
5,0.5,0.6000000000000001,5,0.5391124279658877,0.8,0.2608875720341124,BNCI2014_004,4,seed_ensemble,Seed ensemble,results/calibration_workflow_bnci2014_004/probabilities/validation_only_selection_bnci2014_004_subject4_probabilities.npz
6,0.6000000000000001,0.7000000000000001,8,0.657865849785284,0.75,0.09213415021471605,BNCI2014_004,4,seed_ensemble,Seed ensemble,results/calibration_workflow_bnci2014_004/probabilities/validation_only_selection_bnci2014_004_subject4_probabilities.npz
7,0.7000000000000001,0.8,4,0.7793606846579835,0.75,0.02936068465798347,BNCI2014_004,4,seed_ensemble,Seed ensemble,results/calibration_workflow_bnci2014_004/probabilities/validation_only_selection_bnci2014_004_subject4_probabilities.npz
8,0.8,0.9,8,0.8616367480847525,0.75,0.11163674808475255,BNCI2014_004,4,seed_ensemble,Seed ensemble,results/calibration_workflow_bnci2014_004/probabilities/validation_only_selection_bnci2014_004_subject4_probabilities.npz
9,0.9,1.0,295,0.9953283147968393,0.9864406779661017,0.008887636830737566,BNCI2014_004,4,seed_ensemble,Seed ensemble,results/calibration_workflow_bnci2014_004/probabilities/validation_only_selection_bnci2014_004_subject4_probabilities.npz
0,0.0,0.1,0,,,,BNCI2014_004,5,seed_ensemble,Seed ensemble,results/calibration_workflow_bnci2014_004/probabilities/validation_only_selection_bnci2014_004_subject5_probabilities.npz
1,0.1,0.2,0,,,,BNCI2014_004,5,seed_ensemble,Seed ensemble,results/calibration_workflow_bnci2014_004/probabilities/validation_only_selection_bnci2014_004_subject5_probabilities.npz
2,0.2,0.30000000000000004,0,,,,BNCI2014_004,5,seed_ensemble,Seed ensemble,results/calibration_workflow_bnci2014_004/probabilities/validation_only_selection_bnci2014_004_subject5_probabilities.npz
3,0.30000000000000004,0.4,0,,,,BNCI2014_004,5,seed_ensemble,Seed ensemble,results/calibration_workflow_bnci2014_004/probabilities/validation_only_selection_bnci2014_004_subject5_probabilities.npz
4,0.4,0.5,0,,,,BNCI2014_004,5,seed_ensemble,Seed ensemble,results/calibration_workflow_bnci2014_004/probabilities/validation_only_selection_bnci2014_004_subject5_probabilities.npz
5,0.5,0.6000000000000001,14,0.5366228361762725,0.7142857142857143,0.1776628781094418,BNCI2014_004,5,seed_ensemble,Seed ensemble,results/calibration_workflow_bnci2014_004/probabilities/validation_only_selection_bnci2014_004_subject5_probabilities.npz
6,0.6000000000000001,0.7000000000000001,19,0.6606132367874796,0.5263157894736842,0.13429744731379545,BNCI2014_004,5,seed_ensemble,Seed ensemble,results/calibration_workflow_bnci2014_004/probabilities/validation_only_selection_bnci2014_004_subject5_probabilities.npz
7,0.7000000000000001,0.8,21,0.738409710544594,0.6190476190476191,0.11936209149697496,BNCI2014_004,5,seed_ensemble,Seed ensemble,results/calibration_workflow_bnci2014_004/probabilities/validation_only_selection_bnci2014_004_subject5_probabilities.npz
8,0.8,0.9,49,0.8563687745136204,0.8367346938775511,0.019634080636069307,BNCI2014_004,5,seed_ensemble,Seed ensemble,results/calibration_workflow_bnci2014_004/probabilities/validation_only_selection_bnci2014_004_subject5_probabilities.npz
9,0.9,1.0,217,0.9801519100401695,0.9447004608294931,0.035451449210676445,BNCI2014_004,5,seed_ensemble,Seed ensemble,results/calibration_workflow_bnci2014_004/probabilities/validation_only_selection_bnci2014_004_subject5_probabilities.npz
0,0.0,0.1,0,,,,BNCI2014_004,6,seed_ensemble,Seed ensemble,results/calibration_workflow_bnci2014_004/probabilities/validation_only_selection_bnci2014_004_subject6_probabilities.npz
1,0.1,0.2,0,,,,BNCI2014_004,6,seed_ensemble,Seed ensemble,results/calibration_workflow_bnci2014_004/probabilities/validation_only_selection_bnci2014_004_subject6_probabilities.npz
2,0.2,0.30000000000000004,0,,,,BNCI2014_004,6,seed_ensemble,Seed ensemble,results/calibration_workflow_bnci2014_004/probabilities/validation_only_selection_bnci2014_004_subject6_probabilities.npz
3,0.30000000000000004,0.4,0,,,,BNCI2014_004,6,seed_ensemble,Seed ensemble,results/calibration_workflow_bnci2014_004/probabilities/validation_only_selection_bnci2014_004_subject6_probabilities.npz
4,0.4,0.5,0,,,,BNCI2014_004,6,seed_ensemble,Seed ensemble,results/calibration_workflow_bnci2014_004/probabilities/validation_only_selection_bnci2014_004_subject6_probabilities.npz
5,0.5,0.6000000000000001,47,0.5536162837888062,0.5957446808510638,0.04212839706225757,BNCI2014_004,6,seed_ensemble,Seed ensemble,results/calibration_workflow_bnci2014_004/probabilities/validation_only_selection_bnci2014_004_subject6_probabilities.npz
6,0.6000000000000001,0.7000000000000001,45,0.64787473706382,0.6444444444444445,0.0034302926193755523,BNCI2014_004,6,seed_ensemble,Seed ensemble,results/calibration_workflow_bnci2014_004/probabilities/validation_only_selection_bnci2014_004_subject6_probabilities.npz
7,0.7000000000000001,0.8,43,0.7482434562536715,0.7441860465116279,0.004057409742043605,BNCI2014_004,6,seed_ensemble,Seed ensemble,results/calibration_workflow_bnci2014_004/probabilities/validation_only_selection_bnci2014_004_subject6_probabilities.npz
8,0.8,0.9,67,0.8547379465111213,0.9104477611940298,0.055709814682908476,BNCI2014_004,6,seed_ensemble,Seed ensemble,results/calibration_workflow_bnci2014_004/probabilities/validation_only_selection_bnci2014_004_subject6_probabilities.npz
9,0.9,1.0,118,0.9504967358865859,0.9661016949152542,0.01560495902866832,BNCI2014_004,6,seed_ensemble,Seed ensemble,results/calibration_workflow_bnci2014_004/probabilities/validation_only_selection_bnci2014_004_subject6_probabilities.npz
0,0.0,0.1,0,,,,BNCI2014_004,7,seed_ensemble,Seed ensemble,results/calibration_workflow_bnci2014_004/probabilities/validation_only_selection_bnci2014_004_subject7_probabilities.npz
1,0.1,0.2,0,,,,BNCI2014_004,7,seed_ensemble,Seed ensemble,results/calibration_workflow_bnci2014_004/probabilities/validation_only_selection_bnci2014_004_subject7_probabilities.npz
2,0.2,0.30000000000000004,0,,,,BNCI2014_004,7,seed_ensemble,Seed ensemble,results/calibration_workflow_bnci2014_004/probabilities/validation_only_selection_bnci2014_004_subject7_probabilities.npz
3,0.30000000000000004,0.4,0,,,,BNCI2014_004,7,seed_ensemble,Seed ensemble,results/calibration_workflow_bnci2014_004/probabilities/validation_only_selection_bnci2014_004_subject7_probabilities.npz
4,0.4,0.5,0,,,,BNCI2014_004,7,seed_ensemble,Seed ensemble,results/calibration_workflow_bnci2014_004/probabilities/validation_only_selection_bnci2014_004_subject7_probabilities.npz
5,0.5,0.6000000000000001,44,0.5547055527324919,0.5909090909090909,0.03620353817659905,BNCI2014_004,7,seed_ensemble,Seed ensemble,results/calibration_workflow_bnci2014_004/probabilities/validation_only_selection_bnci2014_004_subject7_probabilities.npz
6,0.6000000000000001,0.7000000000000001,43,0.6442645315995651,0.627906976744186,0.016357554855379042,BNCI2014_004,7,seed_ensemble,Seed ensemble,results/calibration_workflow_bnci2014_004/probabilities/validation_only_selection_bnci2014_004_subject7_probabilities.npz
7,0.7000000000000001,0.8,60,0.7520766123722332,0.7333333333333333,0.01874327903889994,BNCI2014_004,7,seed_ensemble,Seed ensemble,results/calibration_workflow_bnci2014_004/probabilities/validation_only_selection_bnci2014_004_subject7_probabilities.npz
8,0.8,0.9,52,0.8498685928989158,0.8461538461538461,0.0037147467450696636,BNCI2014_004,7,seed_ensemble,Seed ensemble,results/calibration_workflow_bnci2014_004/probabilities/validation_only_selection_bnci2014_004_subject7_probabilities.npz
9,0.9,1.0,121,0.9629044059734103,0.9173553719008265,0.045549034072583816,BNCI2014_004,7,seed_ensemble,Seed ensemble,results/calibration_workflow_bnci2014_004/probabilities/validation_only_selection_bnci2014_004_subject7_probabilities.npz
0,0.0,0.1,0,,,,BNCI2014_004,8,seed_ensemble,Seed ensemble,results/calibration_workflow_bnci2014_004/probabilities/validation_only_selection_bnci2014_004_subject8_probabilities.npz
1,0.1,0.2,0,,,,BNCI2014_004,8,seed_ensemble,Seed ensemble,results/calibration_workflow_bnci2014_004/probabilities/validation_only_selection_bnci2014_004_subject8_probabilities.npz
2,0.2,0.30000000000000004,0,,,,BNCI2014_004,8,seed_ensemble,Seed ensemble,results/calibration_workflow_bnci2014_004/probabilities/validation_only_selection_bnci2014_004_subject8_probabilities.npz
3,0.30000000000000004,0.4,0,,,,BNCI2014_004,8,seed_ensemble,Seed ensemble,results/calibration_workflow_bnci2014_004/probabilities/validation_only_selection_bnci2014_004_subject8_probabilities.npz
4,0.4,0.5,0,,,,BNCI2014_004,8,seed_ensemble,Seed ensemble,results/calibration_workflow_bnci2014_004/probabilities/validation_only_selection_bnci2014_004_subject8_probabilities.npz
5,0.5,0.6000000000000001,19,0.5601038197023612,0.5789473684210527,0.018843548718691427,BNCI2014_004,8,seed_ensemble,Seed ensemble,results/calibration_workflow_bnci2014_004/probabilities/validation_only_selection_bnci2014_004_subject8_probabilities.npz
6,0.6000000000000001,0.7000000000000001,20,0.6469437666844289,0.45,0.19694376668442887,BNCI2014_004,8,seed_ensemble,Seed ensemble,results/calibration_workflow_bnci2014_004/probabilities/validation_only_selection_bnci2014_004_subject8_probabilities.npz
7,0.7000000000000001,0.8,14,0.7514902382654116,0.8571428571428571,0.10565261887744548,BNCI2014_004,8,seed_ensemble,Seed ensemble,results/calibration_workflow_bnci2014_004/probabilities/validation_only_selection_bnci2014_004_subject8_probabilities.npz
8,0.8,0.9,45,0.8551659737072692,0.8,0.05516597370726917,BNCI2014_004,8,seed_ensemble,Seed ensemble,results/calibration_workflow_bnci2014_004/probabilities/validation_only_selection_bnci2014_004_subject8_probabilities.npz
9,0.9,1.0,222,0.9798161144618988,0.972972972972973,0.00684314148892573,BNCI2014_004,8,seed_ensemble,Seed ensemble,results/calibration_workflow_bnci2014_004/probabilities/validation_only_selection_bnci2014_004_subject8_probabilities.npz
0,0.0,0.1,0,,,,BNCI2014_004,9,seed_ensemble,Seed ensemble,results/calibration_workflow_bnci2014_004/probabilities/validation_only_selection_bnci2014_004_subject9_probabilities.npz
1,0.1,0.2,0,,,,BNCI2014_004,9,seed_ensemble,Seed ensemble,results/calibration_workflow_bnci2014_004/probabilities/validation_only_selection_bnci2014_004_subject9_probabilities.npz
2,0.2,0.30000000000000004,0,,,,BNCI2014_004,9,seed_ensemble,Seed ensemble,results/calibration_workflow_bnci2014_004/probabilities/validation_only_selection_bnci2014_004_subject9_probabilities.npz
3,0.30000000000000004,0.4,0,,,,BNCI2014_004,9,seed_ensemble,Seed ensemble,results/calibration_workflow_bnci2014_004/probabilities/validation_only_selection_bnci2014_004_subject9_probabilities.npz
4,0.4,0.5,0,,,,BNCI2014_004,9,seed_ensemble,Seed ensemble,results/calibration_workflow_bnci2014_004/probabilities/validation_only_selection_bnci2014_004_subject9_probabilities.npz
5,0.5,0.6000000000000001,22,0.5419432417953843,0.6818181818181818,0.13987494002279743,BNCI2014_004,9,seed_ensemble,Seed ensemble,results/calibration_workflow_bnci2014_004/probabilities/validation_only_selection_bnci2014_004_subject9_probabilities.npz
6,0.6000000000000001,0.7000000000000001,28,0.6534875810403875,0.5714285714285714,0.08205900961181611,BNCI2014_004,9,seed_ensemble,Seed ensemble,results/calibration_workflow_bnci2014_004/probabilities/validation_only_selection_bnci2014_004_subject9_probabilities.npz
7,0.7000000000000001,0.8,30,0.7637815435561184,0.8,0.036218456443881664,BNCI2014_004,9,seed_ensemble,Seed ensemble,results/calibration_workflow_bnci2014_004/probabilities/validation_only_selection_bnci2014_004_subject9_probabilities.npz
8,0.8,0.9,48,0.8572938687863546,0.8958333333333334,0.03853946454697876,BNCI2014_004,9,seed_ensemble,Seed ensemble,results/calibration_workflow_bnci2014_004/probabilities/validation_only_selection_bnci2014_004_subject9_probabilities.npz
9,0.9,1.0,192,0.9761391196647153,0.984375,0.008235880335284662,BNCI2014_004,9,seed_ensemble,Seed ensemble,results/calibration_workflow_bnci2014_004/probabilities/validation_only_selection_bnci2014_004_subject9_probabilities.npz
0,0.0,0.1,0,,,,BNCI2014_004,1,teacher_student_mixture,Teacher/student,results/calibration_workflow_bnci2014_004/probabilities/validation_only_selection_bnci2014_004_subject1_probabilities.npz
1,0.1,0.2,0,,,,BNCI2014_004,1,teacher_student_mixture,Teacher/student,results/calibration_workflow_bnci2014_004/probabilities/validation_only_selection_bnci2014_004_subject1_probabilities.npz
2,0.2,0.30000000000000004,0,,,,BNCI2014_004,1,teacher_student_mixture,Teacher/student,results/calibration_workflow_bnci2014_004/probabilities/validation_only_selection_bnci2014_004_subject1_probabilities.npz
3,0.30000000000000004,0.4,0,,,,BNCI2014_004,1,teacher_student_mixture,Teacher/student,results/calibration_workflow_bnci2014_004/probabilities/validation_only_selection_bnci2014_004_subject1_probabilities.npz
4,0.4,0.5,0,,,,BNCI2014_004,1,teacher_student_mixture,Teacher/student,results/calibration_workflow_bnci2014_004/probabilities/validation_only_selection_bnci2014_004_subject1_probabilities.npz
5,0.5,0.6000000000000001,36,0.5517244218478247,0.5277777777777778,0.023946644070046874,BNCI2014_004,1,teacher_student_mixture,Teacher/student,results/calibration_workflow_bnci2014_004/probabilities/validation_only_selection_bnci2014_004_subject1_probabilities.npz
6,0.6000000000000001,0.7000000000000001,38,0.6523926786014256,0.5526315789473685,0.0997610996540571,BNCI2014_004,1,teacher_student_mixture,Teacher/student,results/calibration_workflow_bnci2014_004/probabilities/validation_only_selection_bnci2014_004_subject1_probabilities.npz
7,0.7000000000000001,0.8,52,0.7539189353966328,0.5961538461538461,0.15776508924278665,BNCI2014_004,1,teacher_student_mixture,Teacher/student,results/calibration_workflow_bnci2014_004/probabilities/validation_only_selection_bnci2014_004_subject1_probabilities.npz
8,0.8,0.9,63,0.8633501725428626,0.7301587301587301,0.1331914423841325,BNCI2014_004,1,teacher_student_mixture,Teacher/student,results/calibration_workflow_bnci2014_004/probabilities/validation_only_selection_bnci2014_004_subject1_probabilities.npz
9,0.9,1.0,131,0.9520918909612496,0.8473282442748091,0.10476364668644045,BNCI2014_004,1,teacher_student_mixture,Teacher/student,results/calibration_workflow_bnci2014_004/probabilities/validation_only_selection_bnci2014_004_subject1_probabilities.npz
0,0.0,0.1,0,,,,BNCI2014_004,2,teacher_student_mixture,Teacher/student,results/calibration_workflow_bnci2014_004/probabilities/validation_only_selection_bnci2014_004_subject2_probabilities.npz
1,0.1,0.2,0,,,,BNCI2014_004,2,teacher_student_mixture,Teacher/student,results/calibration_workflow_bnci2014_004/probabilities/validation_only_selection_bnci2014_004_subject2_probabilities.npz
2,0.2,0.30000000000000004,0,,,,BNCI2014_004,2,teacher_student_mixture,Teacher/student,results/calibration_workflow_bnci2014_004/probabilities/validation_only_selection_bnci2014_004_subject2_probabilities.npz
3,0.30000000000000004,0.4,0,,,,BNCI2014_004,2,teacher_student_mixture,Teacher/student,results/calibration_workflow_bnci2014_004/probabilities/validation_only_selection_bnci2014_004_subject2_probabilities.npz
4,0.4,0.5,0,,,,BNCI2014_004,2,teacher_student_mixture,Teacher/student,results/calibration_workflow_bnci2014_004/probabilities/validation_only_selection_bnci2014_004_subject2_probabilities.npz
5,0.5,0.6000000000000001,150,0.5472969905937047,0.56,0.012703009406295318,BNCI2014_004,2,teacher_student_mixture,Teacher/student,results/calibration_workflow_bnci2014_004/probabilities/validation_only_selection_bnci2014_004_subject2_probabilities.npz
6,0.6000000000000001,0.7000000000000001,106,0.6487537034268496,0.6037735849056604,0.044980118521189216,BNCI2014_004,2,teacher_student_mixture,Teacher/student,results/calibration_workflow_bnci2014_004/probabilities/validation_only_selection_bnci2014_004_subject2_probabilities.npz
7,0.7000000000000001,0.8,22,0.7383239419477641,0.6363636363636364,0.10196030558412772,BNCI2014_004,2,teacher_student_mixture,Teacher/student,results/calibration_workflow_bnci2014_004/probabilities/validation_only_selection_bnci2014_004_subject2_probabilities.npz
8,0.8,0.9,2,0.8465271935901881,1.0,0.15347280640981187,BNCI2014_004,2,teacher_student_mixture,Teacher/student,results/calibration_workflow_bnci2014_004/probabilities/validation_only_selection_bnci2014_004_subject2_probabilities.npz
9,0.9,1.0,0,,,,BNCI2014_004,2,teacher_student_mixture,Teacher/student,results/calibration_workflow_bnci2014_004/probabilities/validation_only_selection_bnci2014_004_subject2_probabilities.npz
0,0.0,0.1,0,,,,BNCI2014_004,3,teacher_student_mixture,Teacher/student,results/calibration_workflow_bnci2014_004/probabilities/validation_only_selection_bnci2014_004_subject3_probabilities.npz
1,0.1,0.2,0,,,,BNCI2014_004,3,teacher_student_mixture,Teacher/student,results/calibration_workflow_bnci2014_004/probabilities/validation_only_selection_bnci2014_004_subject3_probabilities.npz
2,0.2,0.30000000000000004,0,,,,BNCI2014_004,3,teacher_student_mixture,Teacher/student,results/calibration_workflow_bnci2014_004/probabilities/validation_only_selection_bnci2014_004_subject3_probabilities.npz
3,0.30000000000000004,0.4,0,,,,BNCI2014_004,3,teacher_student_mixture,Teacher/student,results/calibration_workflow_bnci2014_004/probabilities/validation_only_selection_bnci2014_004_subject3_probabilities.npz
4,0.4,0.5,0,,,,BNCI2014_004,3,teacher_student_mixture,Teacher/student,results/calibration_workflow_bnci2014_004/probabilities/validation_only_selection_bnci2014_004_subject3_probabilities.npz
5,0.5,0.6000000000000001,320,0.5228044595735238,0.525,0.0021955404264761835,BNCI2014_004,3,teacher_student_mixture,Teacher/student,results/calibration_workflow_bnci2014_004/probabilities/validation_only_selection_bnci2014_004_subject3_probabilities.npz
6,0.6000000000000001,0.7000000000000001,0,,,,BNCI2014_004,3,teacher_student_mixture,Teacher/student,results/calibration_workflow_bnci2014_004/probabilities/validation_only_selection_bnci2014_004_subject3_probabilities.npz
7,0.7000000000000001,0.8,0,,,,BNCI2014_004,3,teacher_student_mixture,Teacher/student,results/calibration_workflow_bnci2014_004/probabilities/validation_only_selection_bnci2014_004_subject3_probabilities.npz
8,0.8,0.9,0,,,,BNCI2014_004,3,teacher_student_mixture,Teacher/student,results/calibration_workflow_bnci2014_004/probabilities/validation_only_selection_bnci2014_004_subject3_probabilities.npz
9,0.9,1.0,0,,,,BNCI2014_004,3,teacher_student_mixture,Teacher/student,results/calibration_workflow_bnci2014_004/probabilities/validation_only_selection_bnci2014_004_subject3_probabilities.npz
0,0.0,0.1,0,,,,BNCI2014_004,4,teacher_student_mixture,Teacher/student,results/calibration_workflow_bnci2014_004/probabilities/validation_only_selection_bnci2014_004_subject4_probabilities.npz
1,0.1,0.2,0,,,,BNCI2014_004,4,teacher_student_mixture,Teacher/student,results/calibration_workflow_bnci2014_004/probabilities/validation_only_selection_bnci2014_004_subject4_probabilities.npz
2,0.2,0.30000000000000004,0,,,,BNCI2014_004,4,teacher_student_mixture,Teacher/student,results/calibration_workflow_bnci2014_004/probabilities/validation_only_selection_bnci2014_004_subject4_probabilities.npz
3,0.30000000000000004,0.4,0,,,,BNCI2014_004,4,teacher_student_mixture,Teacher/student,results/calibration_workflow_bnci2014_004/probabilities/validation_only_selection_bnci2014_004_subject4_probabilities.npz
4,0.4,0.5,0,,,,BNCI2014_004,4,teacher_student_mixture,Teacher/student,results/calibration_workflow_bnci2014_004/probabilities/validation_only_selection_bnci2014_004_subject4_probabilities.npz
5,0.5,0.6000000000000001,8,0.5514124449389781,0.25,0.3014124449389781,BNCI2014_004,4,teacher_student_mixture,Teacher/student,results/calibration_workflow_bnci2014_004/probabilities/validation_only_selection_bnci2014_004_subject4_probabilities.npz
6,0.6000000000000001,0.7000000000000001,9,0.6607402341448805,0.7777777777777778,0.11703754363289731,BNCI2014_004,4,teacher_student_mixture,Teacher/student,results/calibration_workflow_bnci2014_004/probabilities/validation_only_selection_bnci2014_004_subject4_probabilities.npz
7,0.7000000000000001,0.8,14,0.7562653745202745,1.0,0.24373462547972546,BNCI2014_004,4,teacher_student_mixture,Teacher/student,results/calibration_workflow_bnci2014_004/probabilities/validation_only_selection_bnci2014_004_subject4_probabilities.npz
8,0.8,0.9,20,0.8627536723134488,0.85,0.012753672313448816,BNCI2014_004,4,teacher_student_mixture,Teacher/student,results/calibration_workflow_bnci2014_004/probabilities/validation_only_selection_bnci2014_004_subject4_probabilities.npz
9,0.9,1.0,269,0.9882156096321115,0.9888475836431226,0.0006319740110111161,BNCI2014_004,4,teacher_student_mixture,Teacher/student,results/calibration_workflow_bnci2014_004/probabilities/validation_only_selection_bnci2014_004_subject4_probabilities.npz
0,0.0,0.1,0,,,,BNCI2014_004,5,teacher_student_mixture,Teacher/student,results/calibration_workflow_bnci2014_004/probabilities/validation_only_selection_bnci2014_004_subject5_probabilities.npz
1,0.1,0.2,0,,,,BNCI2014_004,5,teacher_student_mixture,Teacher/student,results/calibration_workflow_bnci2014_004/probabilities/validation_only_selection_bnci2014_004_subject5_probabilities.npz
2,0.2,0.30000000000000004,0,,,,BNCI2014_004,5,teacher_student_mixture,Teacher/student,results/calibration_workflow_bnci2014_004/probabilities/validation_only_selection_bnci2014_004_subject5_probabilities.npz
3,0.30000000000000004,0.4,0,,,,BNCI2014_004,5,teacher_student_mixture,Teacher/student,results/calibration_workflow_bnci2014_004/probabilities/validation_only_selection_bnci2014_004_subject5_probabilities.npz
4,0.4,0.5,0,,,,BNCI2014_004,5,teacher_student_mixture,Teacher/student,results/calibration_workflow_bnci2014_004/probabilities/validation_only_selection_bnci2014_004_subject5_probabilities.npz
5,0.5,0.6000000000000001,21,0.5413927707537199,0.7619047619047619,0.22051199115104192,BNCI2014_004,5,teacher_student_mixture,Teacher/student,results/calibration_workflow_bnci2014_004/probabilities/validation_only_selection_bnci2014_004_subject5_probabilities.npz
6,0.6000000000000001,0.7000000000000001,19,0.6392303538635423,0.631578947368421,0.0076514064951213046,BNCI2014_004,5,teacher_student_mixture,Teacher/student,results/calibration_workflow_bnci2014_004/probabilities/validation_only_selection_bnci2014_004_subject5_probabilities.npz
7,0.7000000000000001,0.8,28,0.7584451270018837,0.8928571428571429,0.1344120158552592,BNCI2014_004,5,teacher_student_mixture,Teacher/student,results/calibration_workflow_bnci2014_004/probabilities/validation_only_selection_bnci2014_004_subject5_probabilities.npz
8,0.8,0.9,61,0.8543358788165074,0.9180327868852459,0.06369690806873851,BNCI2014_004,5,teacher_student_mixture,Teacher/student,results/calibration_workflow_bnci2014_004/probabilities/validation_only_selection_bnci2014_004_subject5_probabilities.npz
9,0.9,1.0,191,0.9590759051534463,0.9685863874345549,0.009510482281108623,BNCI2014_004,5,teacher_student_mixture,Teacher/student,results/calibration_workflow_bnci2014_004/probabilities/validation_only_selection_bnci2014_004_subject5_probabilities.npz
0,0.0,0.1,0,,,,BNCI2014_004,6,teacher_student_mixture,Teacher/student,results/calibration_workflow_bnci2014_004/probabilities/validation_only_selection_bnci2014_004_subject6_probabilities.npz
1,0.1,0.2,0,,,,BNCI2014_004,6,teacher_student_mixture,Teacher/student,results/calibration_workflow_bnci2014_004/probabilities/validation_only_selection_bnci2014_004_subject6_probabilities.npz
2,0.2,0.30000000000000004,0,,,,BNCI2014_004,6,teacher_student_mixture,Teacher/student,results/calibration_workflow_bnci2014_004/probabilities/validation_only_selection_bnci2014_004_subject6_probabilities.npz
3,0.30000000000000004,0.4,0,,,,BNCI2014_004,6,teacher_student_mixture,Teacher/student,results/calibration_workflow_bnci2014_004/probabilities/validation_only_selection_bnci2014_004_subject6_probabilities.npz
4,0.4,0.5,0,,,,BNCI2014_004,6,teacher_student_mixture,Teacher/student,results/calibration_workflow_bnci2014_004/probabilities/validation_only_selection_bnci2014_004_subject6_probabilities.npz
5,0.5,0.6000000000000001,55,0.5534942813592664,0.6545454545454545,0.10105117318618817,BNCI2014_004,6,teacher_student_mixture,Teacher/student,results/calibration_workflow_bnci2014_004/probabilities/validation_only_selection_bnci2014_004_subject6_probabilities.npz
6,0.6000000000000001,0.7000000000000001,58,0.6457910025343974,0.6551724137931034,0.009381411258706063,BNCI2014_004,6,teacher_student_mixture,Teacher/student,results/calibration_workflow_bnci2014_004/probabilities/validation_only_selection_bnci2014_004_subject6_probabilities.npz
7,0.7000000000000001,0.8,41,0.7623496251555313,0.7560975609756098,0.006252064179921524,BNCI2014_004,6,teacher_student_mixture,Teacher/student,results/calibration_workflow_bnci2014_004/probabilities/validation_only_selection_bnci2014_004_subject6_probabilities.npz
8,0.8,0.9,76,0.8590183654810625,0.9210526315789473,0.06203426609788487,BNCI2014_004,6,teacher_student_mixture,Teacher/student,results/calibration_workflow_bnci2014_004/probabilities/validation_only_selection_bnci2014_004_subject6_probabilities.npz
9,0.9,1.0,90,0.9458568905044525,0.9777777777777777,0.031920887273325205,BNCI2014_004,6,teacher_student_mixture,Teacher/student,results/calibration_workflow_bnci2014_004/probabilities/validation_only_selection_bnci2014_004_subject6_probabilities.npz
0,0.0,0.1,0,,,,BNCI2014_004,7,teacher_student_mixture,Teacher/student,results/calibration_workflow_bnci2014_004/probabilities/validation_only_selection_bnci2014_004_subject7_probabilities.npz
1,0.1,0.2,0,,,,BNCI2014_004,7,teacher_student_mixture,Teacher/student,results/calibration_workflow_bnci2014_004/probabilities/validation_only_selection_bnci2014_004_subject7_probabilities.npz
2,0.2,0.30000000000000004,0,,,,BNCI2014_004,7,teacher_student_mixture,Teacher/student,results/calibration_workflow_bnci2014_004/probabilities/validation_only_selection_bnci2014_004_subject7_probabilities.npz
3,0.30000000000000004,0.4,0,,,,BNCI2014_004,7,teacher_student_mixture,Teacher/student,results/calibration_workflow_bnci2014_004/probabilities/validation_only_selection_bnci2014_004_subject7_probabilities.npz
4,0.4,0.5,0,,,,BNCI2014_004,7,teacher_student_mixture,Teacher/student,results/calibration_workflow_bnci2014_004/probabilities/validation_only_selection_bnci2014_004_subject7_probabilities.npz
5,0.5,0.6000000000000001,45,0.5461393020239166,0.4444444444444444,0.10169485757947216,BNCI2014_004,7,teacher_student_mixture,Teacher/student,results/calibration_workflow_bnci2014_004/probabilities/validation_only_selection_bnci2014_004_subject7_probabilities.npz
6,0.6000000000000001,0.7000000000000001,44,0.654032644094428,0.6363636363636364,0.017669007730791608,BNCI2014_004,7,teacher_student_mixture,Teacher/student,results/calibration_workflow_bnci2014_004/probabilities/validation_only_selection_bnci2014_004_subject7_probabilities.npz
7,0.7000000000000001,0.8,48,0.7439337219924554,0.6875,0.05643372199245544,BNCI2014_004,7,teacher_student_mixture,Teacher/student,results/calibration_workflow_bnci2014_004/probabilities/validation_only_selection_bnci2014_004_subject7_probabilities.npz
8,0.8,0.9,58,0.8512397863956314,0.8793103448275862,0.02807055843195483,BNCI2014_004,7,teacher_student_mixture,Teacher/student,results/calibration_workflow_bnci2014_004/probabilities/validation_only_selection_bnci2014_004_subject7_probabilities.npz
9,0.9,1.0,125,0.9632273440911466,0.912,0.0512273440911466,BNCI2014_004,7,teacher_student_mixture,Teacher/student,results/calibration_workflow_bnci2014_004/probabilities/validation_only_selection_bnci2014_004_subject7_probabilities.npz
0,0.0,0.1,0,,,,BNCI2014_004,8,teacher_student_mixture,Teacher/student,results/calibration_workflow_bnci2014_004/probabilities/validation_only_selection_bnci2014_004_subject8_probabilities.npz
1,0.1,0.2,0,,,,BNCI2014_004,8,teacher_student_mixture,Teacher/student,results/calibration_workflow_bnci2014_004/probabilities/validation_only_selection_bnci2014_004_subject8_probabilities.npz
2,0.2,0.30000000000000004,0,,,,BNCI2014_004,8,teacher_student_mixture,Teacher/student,results/calibration_workflow_bnci2014_004/probabilities/validation_only_selection_bnci2014_004_subject8_probabilities.npz
3,0.30000000000000004,0.4,0,,,,BNCI2014_004,8,teacher_student_mixture,Teacher/student,results/calibration_workflow_bnci2014_004/probabilities/validation_only_selection_bnci2014_004_subject8_probabilities.npz
4,0.4,0.5,0,,,,BNCI2014_004,8,teacher_student_mixture,Teacher/student,results/calibration_workflow_bnci2014_004/probabilities/validation_only_selection_bnci2014_004_subject8_probabilities.npz
5,0.5,0.6000000000000001,21,0.5521654508664529,0.42857142857142855,0.12359402229502431,BNCI2014_004,8,teacher_student_mixture,Teacher/student,results/calibration_workflow_bnci2014_004/probabilities/validation_only_selection_bnci2014_004_subject8_probabilities.npz
6,0.6000000000000001,0.7000000000000001,12,0.6445820644958468,0.5833333333333334,0.06124873116251339,BNCI2014_004,8,teacher_student_mixture,Teacher/student,results/calibration_workflow_bnci2014_004/probabilities/validation_only_selection_bnci2014_004_subject8_probabilities.npz
7,0.7000000000000001,0.8,19,0.7482877414900703,0.7894736842105263,0.04118594272045606,BNCI2014_004,8,teacher_student_mixture,Teacher/student,results/calibration_workflow_bnci2014_004/probabilities/validation_only_selection_bnci2014_004_subject8_probabilities.npz
8,0.8,0.9,46,0.8541660661269568,0.782608695652174,0.07155737047478283,BNCI2014_004,8,teacher_student_mixture,Teacher/student,results/calibration_workflow_bnci2014_004/probabilities/validation_only_selection_bnci2014_004_subject8_probabilities.npz
9,0.9,1.0,222,0.9779742723477435,0.9819819819819819,0.0040077096342384655,BNCI2014_004,8,teacher_student_mixture,Teacher/student,results/calibration_workflow_bnci2014_004/probabilities/validation_only_selection_bnci2014_004_subject8_probabilities.npz
0,0.0,0.1,0,,,,BNCI2014_004,9,teacher_student_mixture,Teacher/student,results/calibration_workflow_bnci2014_004/probabilities/validation_only_selection_bnci2014_004_subject9_probabilities.npz
1,0.1,0.2,0,,,,BNCI2014_004,9,teacher_student_mixture,Teacher/student,results/calibration_workflow_bnci2014_004/probabilities/validation_only_selection_bnci2014_004_subject9_probabilities.npz
2,0.2,0.30000000000000004,0,,,,BNCI2014_004,9,teacher_student_mixture,Teacher/student,results/calibration_workflow_bnci2014_004/probabilities/validation_only_selection_bnci2014_004_subject9_probabilities.npz
3,0.30000000000000004,0.4,0,,,,BNCI2014_004,9,teacher_student_mixture,Teacher/student,results/calibration_workflow_bnci2014_004/probabilities/validation_only_selection_bnci2014_004_subject9_probabilities.npz
4,0.4,0.5,0,,,,BNCI2014_004,9,teacher_student_mixture,Teacher/student,results/calibration_workflow_bnci2014_004/probabilities/validation_only_selection_bnci2014_004_subject9_probabilities.npz
5,0.5,0.6000000000000001,23,0.5540222904648534,0.8260869565217391,0.27206466605688573,BNCI2014_004,9,teacher_student_mixture,Teacher/student,results/calibration_workflow_bnci2014_004/probabilities/validation_only_selection_bnci2014_004_subject9_probabilities.npz
6,0.6000000000000001,0.7000000000000001,26,0.6469798795534086,0.6923076923076923,0.04532781275428366,BNCI2014_004,9,teacher_student_mixture,Teacher/student,results/calibration_workflow_bnci2014_004/probabilities/validation_only_selection_bnci2014_004_subject9_probabilities.npz
7,0.7000000000000001,0.8,31,0.7541506560055589,0.6774193548387096,0.07673130116684923,BNCI2014_004,9,teacher_student_mixture,Teacher/student,results/calibration_workflow_bnci2014_004/probabilities/validation_only_selection_bnci2014_004_subject9_probabilities.npz
8,0.8,0.9,46,0.8526444288623825,0.8478260869565217,0.0048183419058607235,BNCI2014_004,9,teacher_student_mixture,Teacher/student,results/calibration_workflow_bnci2014_004/probabilities/validation_only_selection_bnci2014_004_subject9_probabilities.npz
9,0.9,1.0,194,0.9740166963133557,0.9845360824742269,0.010519386160871114,BNCI2014_004,9,teacher_student_mixture,Teacher/student,results/calibration_workflow_bnci2014_004/probabilities/validation_only_selection_bnci2014_004_subject9_probabilities.npz
