dataset,subject,method,method_label,target_coverage,threshold,threshold_source,threshold_selection_split,eval_labels_used_for_threshold,heldout_curve_type,val_coverage,val_selective_accuracy,val_risk,heldout_coverage,heldout_selective_accuracy,heldout_risk,heldout_n_covered,heldout_accuracy_all,mean_val_confidence,mean_heldout_confidence,source_file
BCI IIIa,k3b,augmentation,Augmentation,0.4,0.9999999998958966,validation_confidence_quantile,validation,False,validation_selected_threshold,0.375,1.0,0.0,0.30158730158730157,1.0,0.0,19,0.873015873015873,0.9803273613644855,0.9728819266644708,results/calibration_workflow_bci_iiia/probabilities/validation_only_selection_bci_iiia_subjectk3b_probabilities.npz
BCI IIIa,k3b,augmentation,Augmentation,0.6,0.999999958971432,validation_confidence_quantile,validation,False,validation_selected_threshold,0.5833333333333334,1.0,0.0,0.5238095238095238,1.0,0.0,33,0.873015873015873,0.9803273613644855,0.9728819266644708,results/calibration_workflow_bci_iiia/probabilities/validation_only_selection_bci_iiia_subjectk3b_probabilities.npz
BCI IIIa,k3b,augmentation,Augmentation,0.8,0.9999171111395005,validation_confidence_quantile,validation,False,validation_selected_threshold,0.7916666666666666,1.0,0.0,0.7142857142857143,0.9333333333333333,0.06666666666666667,45,0.873015873015873,0.9803273613644855,0.9728819266644708,results/calibration_workflow_bci_iiia/probabilities/validation_only_selection_bci_iiia_subjectk3b_probabilities.npz
BCI IIIa,k3b,augmentation,Augmentation,0.9,0.9972583169270437,validation_confidence_quantile,validation,False,validation_selected_threshold,0.875,1.0,0.0,0.8095238095238095,0.9215686274509803,0.0784313725490196,51,0.873015873015873,0.9803273613644855,0.9728819266644708,results/calibration_workflow_bci_iiia/probabilities/validation_only_selection_bci_iiia_subjectk3b_probabilities.npz
BCI IIIa,k3b,baseline,Baseline,0.4,0.999054478857194,validation_confidence_quantile,validation,False,validation_selected_threshold,0.375,1.0,0.0,0.30158730158730157,1.0,0.0,19,0.8412698412698413,0.9683861038026776,0.9205073245864891,results/calibration_workflow_bci_iiia/probabilities/validation_only_selection_bci_iiia_subjectk3b_probabilities.npz
BCI IIIa,k3b,baseline,Baseline,0.6,0.9936326174248061,validation_confidence_quantile,validation,False,validation_selected_threshold,0.5833333333333334,1.0,0.0,0.5079365079365079,1.0,0.0,32,0.8412698412698413,0.9683861038026776,0.9205073245864891,results/calibration_workflow_bci_iiia/probabilities/validation_only_selection_bci_iiia_subjectk3b_probabilities.npz
BCI IIIa,k3b,baseline,Baseline,0.8,0.9762904837226242,validation_confidence_quantile,validation,False,validation_selected_threshold,0.7916666666666666,1.0,0.0,0.6507936507936508,0.975609756097561,0.024390243902439025,41,0.8412698412698413,0.9683861038026776,0.9205073245864891,results/calibration_workflow_bci_iiia/probabilities/validation_only_selection_bci_iiia_subjectk3b_probabilities.npz
BCI IIIa,k3b,baseline,Baseline,0.9,0.9234099913504114,validation_confidence_quantile,validation,False,validation_selected_threshold,0.875,1.0,0.0,0.746031746031746,0.9361702127659575,0.06382978723404255,47,0.8412698412698413,0.9683861038026776,0.9205073245864891,results/calibration_workflow_bci_iiia/probabilities/validation_only_selection_bci_iiia_subjectk3b_probabilities.npz
BCI IIIa,k3b,seed_ensemble,Seed ensemble,0.4,0.9999813093984184,validation_confidence_quantile,validation,False,validation_selected_threshold,0.375,1.0,0.0,0.30158730158730157,1.0,0.0,19,0.8412698412698413,0.9793676861056252,0.9514819217075114,results/calibration_workflow_bci_iiia/probabilities/validation_only_selection_bci_iiia_subjectk3b_probabilities.npz
BCI IIIa,k3b,seed_ensemble,Seed ensemble,0.6,0.9997058498861845,validation_confidence_quantile,validation,False,validation_selected_threshold,0.5833333333333334,1.0,0.0,0.47619047619047616,1.0,0.0,30,0.8412698412698413,0.9793676861056252,0.9514819217075114,results/calibration_workflow_bci_iiia/probabilities/validation_only_selection_bci_iiia_subjectk3b_probabilities.npz
BCI IIIa,k3b,seed_ensemble,Seed ensemble,0.8,0.998249253779043,validation_confidence_quantile,validation,False,validation_selected_threshold,0.7916666666666666,1.0,0.0,0.6190476190476191,1.0,0.0,39,0.8412698412698413,0.9793676861056252,0.9514819217075114,results/calibration_workflow_bci_iiia/probabilities/validation_only_selection_bci_iiia_subjectk3b_probabilities.npz
BCI IIIa,k3b,seed_ensemble,Seed ensemble,0.9,0.9788319142628783,validation_confidence_quantile,validation,False,validation_selected_threshold,0.875,1.0,0.0,0.7619047619047619,0.9375,0.0625,48,0.8412698412698413,0.9793676861056252,0.9514819217075114,results/calibration_workflow_bci_iiia/probabilities/validation_only_selection_bci_iiia_subjectk3b_probabilities.npz
BCI IIIa,k3b,teacher_student_mixture,Teacher/student,0.4,0.9945826194057186,validation_confidence_quantile,validation,False,validation_selected_threshold,0.375,1.0,0.0,0.3492063492063492,1.0,0.0,22,0.8412698412698413,0.9602472109517338,0.9141104524199196,results/calibration_workflow_bci_iiia/probabilities/validation_only_selection_bci_iiia_subjectk3b_probabilities.npz
BCI IIIa,k3b,teacher_student_mixture,Teacher/student,0.6,0.9871666626074995,validation_confidence_quantile,validation,False,validation_selected_threshold,0.5833333333333334,1.0,0.0,0.4603174603174603,1.0,0.0,29,0.8412698412698413,0.9602472109517338,0.9141104524199196,results/calibration_workflow_bci_iiia/probabilities/validation_only_selection_bci_iiia_subjectk3b_probabilities.npz
BCI IIIa,k3b,teacher_student_mixture,Teacher/student,0.8,0.9552281298986511,validation_confidence_quantile,validation,False,validation_selected_threshold,0.7916666666666666,1.0,0.0,0.6825396825396826,0.9767441860465116,0.023255813953488372,43,0.8412698412698413,0.9602472109517338,0.9141104524199196,results/calibration_workflow_bci_iiia/probabilities/validation_only_selection_bci_iiia_subjectk3b_probabilities.npz
BCI IIIa,k3b,teacher_student_mixture,Teacher/student,0.9,0.8942703744982058,validation_confidence_quantile,validation,False,validation_selected_threshold,0.875,1.0,0.0,0.7619047619047619,0.9375,0.0625,48,0.8412698412698413,0.9602472109517338,0.9141104524199196,results/calibration_workflow_bci_iiia/probabilities/validation_only_selection_bci_iiia_subjectk3b_probabilities.npz
BCI IIIa,k3b,validation_selected_portfolio,Portfolio,0.4,0.9999999998958966,validation_confidence_quantile,validation,False,validation_selected_threshold,0.375,1.0,0.0,0.30158730158730157,1.0,0.0,19,0.873015873015873,0.9803273613644855,0.9728819266644708,results/paper_calibration_stats/validation_selected_portfolio/calibration_workflow_bci_iiia/probabilities/validation_only_selection_bci_iiia_subjectk3b_probabilities.npz
BCI IIIa,k3b,validation_selected_portfolio,Portfolio,0.6,0.999999958971432,validation_confidence_quantile,validation,False,validation_selected_threshold,0.5833333333333334,1.0,0.0,0.5238095238095238,1.0,0.0,33,0.873015873015873,0.9803273613644855,0.9728819266644708,results/paper_calibration_stats/validation_selected_portfolio/calibration_workflow_bci_iiia/probabilities/validation_only_selection_bci_iiia_subjectk3b_probabilities.npz
BCI IIIa,k3b,validation_selected_portfolio,Portfolio,0.8,0.9999171111395005,validation_confidence_quantile,validation,False,validation_selected_threshold,0.7916666666666666,1.0,0.0,0.7142857142857143,0.9333333333333333,0.06666666666666667,45,0.873015873015873,0.9803273613644855,0.9728819266644708,results/paper_calibration_stats/validation_selected_portfolio/calibration_workflow_bci_iiia/probabilities/validation_only_selection_bci_iiia_subjectk3b_probabilities.npz
BCI IIIa,k3b,validation_selected_portfolio,Portfolio,0.9,0.9972583169270437,validation_confidence_quantile,validation,False,validation_selected_threshold,0.875,1.0,0.0,0.8095238095238095,0.9215686274509803,0.0784313725490196,51,0.873015873015873,0.9803273613644855,0.9728819266644708,results/paper_calibration_stats/validation_selected_portfolio/calibration_workflow_bci_iiia/probabilities/validation_only_selection_bci_iiia_subjectk3b_probabilities.npz
BCI IIIa,k6b,augmentation,Augmentation,0.4,0.6261060379287893,validation_confidence_quantile,validation,False,validation_selected_threshold,0.375,0.8333333333333334,0.16666666666666666,0.40476190476190477,0.9411764705882353,0.058823529411764705,17,0.6904761904761905,0.5798301347076005,0.6226397721069167,results/calibration_workflow_bci_iiia/probabilities/validation_only_selection_bci_iiia_subjectk6b_probabilities.npz
BCI IIIa,k6b,augmentation,Augmentation,0.6,0.5201897005729761,validation_confidence_quantile,validation,False,validation_selected_threshold,0.5625,0.5555555555555556,0.4444444444444444,0.5714285714285714,0.875,0.125,24,0.6904761904761905,0.5798301347076005,0.6226397721069167,results/calibration_workflow_bci_iiia/probabilities/validation_only_selection_bci_iiia_subjectk6b_probabilities.npz
BCI IIIa,k6b,augmentation,Augmentation,0.8,0.4621730446815491,validation_confidence_quantile,validation,False,validation_selected_threshold,0.75,0.5,0.5,0.6428571428571429,0.8148148148148148,0.18518518518518517,27,0.6904761904761905,0.5798301347076005,0.6226397721069167,results/calibration_workflow_bci_iiia/probabilities/validation_only_selection_bci_iiia_subjectk6b_probabilities.npz
BCI IIIa,k6b,augmentation,Augmentation,0.9,0.41703868067651495,validation_confidence_quantile,validation,False,validation_selected_threshold,0.875,0.5714285714285714,0.42857142857142855,0.8333333333333334,0.7714285714285715,0.22857142857142856,35,0.6904761904761905,0.5798301347076005,0.6226397721069167,results/calibration_workflow_bci_iiia/probabilities/validation_only_selection_bci_iiia_subjectk6b_probabilities.npz
BCI IIIa,k6b,baseline,Baseline,0.4,0.4571304670400597,validation_confidence_quantile,validation,False,validation_selected_threshold,0.375,0.5,0.5,0.47619047619047616,0.85,0.15,20,0.7142857142857143,0.49080161234964315,0.52079141988881,results/calibration_workflow_bci_iiia/probabilities/validation_only_selection_bci_iiia_subjectk6b_probabilities.npz
BCI IIIa,k6b,baseline,Baseline,0.6,0.4354012535538314,validation_confidence_quantile,validation,False,validation_selected_threshold,0.5625,0.4444444444444444,0.5555555555555556,0.5238095238095238,0.8636363636363636,0.13636363636363635,22,0.7142857142857143,0.49080161234964315,0.52079141988881,results/calibration_workflow_bci_iiia/probabilities/validation_only_selection_bci_iiia_subjectk6b_probabilities.npz
BCI IIIa,k6b,baseline,Baseline,0.8,0.39217221809955727,validation_confidence_quantile,validation,False,validation_selected_threshold,0.75,0.5,0.5,0.7142857142857143,0.7666666666666667,0.23333333333333334,30,0.7142857142857143,0.49080161234964315,0.52079141988881,results/calibration_workflow_bci_iiia/probabilities/validation_only_selection_bci_iiia_subjectk6b_probabilities.npz
BCI IIIa,k6b,baseline,Baseline,0.9,0.3393135146643262,validation_confidence_quantile,validation,False,validation_selected_threshold,0.875,0.42857142857142855,0.5714285714285714,0.9523809523809523,0.725,0.275,40,0.7142857142857143,0.49080161234964315,0.52079141988881,results/calibration_workflow_bci_iiia/probabilities/validation_only_selection_bci_iiia_subjectk6b_probabilities.npz
BCI IIIa,k6b,seed_ensemble,Seed ensemble,0.4,0.44519232708530887,validation_confidence_quantile,validation,False,validation_selected_threshold,0.375,0.6666666666666666,0.3333333333333333,0.5238095238095238,0.8636363636363636,0.13636363636363635,22,0.7142857142857143,0.48119366672912084,0.5309129612004888,results/calibration_workflow_bci_iiia/probabilities/validation_only_selection_bci_iiia_subjectk6b_probabilities.npz
BCI IIIa,k6b,seed_ensemble,Seed ensemble,0.6,0.4052227124377239,validation_confidence_quantile,validation,False,validation_selected_threshold,0.5625,0.4444444444444444,0.5555555555555556,0.5714285714285714,0.7916666666666666,0.20833333333333334,24,0.7142857142857143,0.48119366672912084,0.5309129612004888,results/calibration_workflow_bci_iiia/probabilities/validation_only_selection_bci_iiia_subjectk6b_probabilities.npz
BCI IIIa,k6b,seed_ensemble,Seed ensemble,0.8,0.37805429100990295,validation_confidence_quantile,validation,False,validation_selected_threshold,0.75,0.5,0.5,0.7619047619047619,0.75,0.25,32,0.7142857142857143,0.48119366672912084,0.5309129612004888,results/calibration_workflow_bci_iiia/probabilities/validation_only_selection_bci_iiia_subjectk6b_probabilities.npz
BCI IIIa,k6b,seed_ensemble,Seed ensemble,0.9,0.34214873014033254,validation_confidence_quantile,validation,False,validation_selected_threshold,0.875,0.42857142857142855,0.5714285714285714,0.9523809523809523,0.725,0.275,40,0.7142857142857143,0.48119366672912084,0.5309129612004888,results/calibration_workflow_bci_iiia/probabilities/validation_only_selection_bci_iiia_subjectk6b_probabilities.npz
BCI IIIa,k6b,teacher_student_mixture,Teacher/student,0.4,0.5866037672751073,validation_confidence_quantile,validation,False,validation_selected_threshold,0.375,0.8333333333333334,0.16666666666666666,0.40476190476190477,1.0,0.0,17,0.7142857142857143,0.5369833465619129,0.579114519830684,results/calibration_workflow_bci_iiia/probabilities/validation_only_selection_bci_iiia_subjectk6b_probabilities.npz
BCI IIIa,k6b,teacher_student_mixture,Teacher/student,0.6,0.45414290678022257,validation_confidence_quantile,validation,False,validation_selected_threshold,0.5625,0.6666666666666666,0.3333333333333333,0.6666666666666666,0.8571428571428571,0.14285714285714285,28,0.7142857142857143,0.5369833465619129,0.579114519830684,results/calibration_workflow_bci_iiia/probabilities/validation_only_selection_bci_iiia_subjectk6b_probabilities.npz
BCI IIIa,k6b,teacher_student_mixture,Teacher/student,0.8,0.39616433376318716,validation_confidence_quantile,validation,False,validation_selected_threshold,0.75,0.5,0.5,0.8571428571428571,0.7222222222222222,0.2777777777777778,36,0.7142857142857143,0.5369833465619129,0.579114519830684,results/calibration_workflow_bci_iiia/probabilities/validation_only_selection_bci_iiia_subjectk6b_probabilities.npz
BCI IIIa,k6b,teacher_student_mixture,Teacher/student,0.9,0.3573531237047398,validation_confidence_quantile,validation,False,validation_selected_threshold,0.875,0.5714285714285714,0.42857142857142855,0.9047619047619048,0.7105263157894737,0.2894736842105263,38,0.7142857142857143,0.5369833465619129,0.579114519830684,results/calibration_workflow_bci_iiia/probabilities/validation_only_selection_bci_iiia_subjectk6b_probabilities.npz
BCI IIIa,k6b,validation_selected_portfolio,Portfolio,0.4,0.6261060379287893,validation_confidence_quantile,validation,False,validation_selected_threshold,0.375,0.8333333333333334,0.16666666666666666,0.40476190476190477,0.9411764705882353,0.058823529411764705,17,0.6904761904761905,0.5798301347076005,0.6226397721069167,results/paper_calibration_stats/validation_selected_portfolio/calibration_workflow_bci_iiia/probabilities/validation_only_selection_bci_iiia_subjectk6b_probabilities.npz
BCI IIIa,k6b,validation_selected_portfolio,Portfolio,0.6,0.5201897005729761,validation_confidence_quantile,validation,False,validation_selected_threshold,0.5625,0.5555555555555556,0.4444444444444444,0.5714285714285714,0.875,0.125,24,0.6904761904761905,0.5798301347076005,0.6226397721069167,results/paper_calibration_stats/validation_selected_portfolio/calibration_workflow_bci_iiia/probabilities/validation_only_selection_bci_iiia_subjectk6b_probabilities.npz
BCI IIIa,k6b,validation_selected_portfolio,Portfolio,0.8,0.4621730446815491,validation_confidence_quantile,validation,False,validation_selected_threshold,0.75,0.5,0.5,0.6428571428571429,0.8148148148148148,0.18518518518518517,27,0.6904761904761905,0.5798301347076005,0.6226397721069167,results/paper_calibration_stats/validation_selected_portfolio/calibration_workflow_bci_iiia/probabilities/validation_only_selection_bci_iiia_subjectk6b_probabilities.npz
BCI IIIa,k6b,validation_selected_portfolio,Portfolio,0.9,0.41703868067651495,validation_confidence_quantile,validation,False,validation_selected_threshold,0.875,0.5714285714285714,0.42857142857142855,0.8333333333333334,0.7714285714285715,0.22857142857142856,35,0.6904761904761905,0.5798301347076005,0.6226397721069167,results/paper_calibration_stats/validation_selected_portfolio/calibration_workflow_bci_iiia/probabilities/validation_only_selection_bci_iiia_subjectk6b_probabilities.npz
BCI IIIa,l1b,augmentation,Augmentation,0.4,0.7242369631559487,validation_confidence_quantile,validation,False,validation_selected_threshold,0.375,0.5,0.5,0.11904761904761904,1.0,0.0,5,0.7142857142857143,0.641484367848425,0.5771850037251968,results/calibration_workflow_bci_iiia/probabilities/validation_only_selection_bci_iiia_subjectl1b_probabilities.npz
BCI IIIa,l1b,augmentation,Augmentation,0.6,0.6184549314385608,validation_confidence_quantile,validation,False,validation_selected_threshold,0.5625,0.6666666666666666,0.3333333333333333,0.3333333333333333,1.0,0.0,14,0.7142857142857143,0.641484367848425,0.5771850037251968,results/calibration_workflow_bci_iiia/probabilities/validation_only_selection_bci_iiia_subjectl1b_probabilities.npz
BCI IIIa,l1b,augmentation,Augmentation,0.8,0.5179742700116067,validation_confidence_quantile,validation,False,validation_selected_threshold,0.75,0.6666666666666666,0.3333333333333333,0.6666666666666666,0.8571428571428571,0.14285714285714285,28,0.7142857142857143,0.641484367848425,0.5771850037251968,results/calibration_workflow_bci_iiia/probabilities/validation_only_selection_bci_iiia_subjectl1b_probabilities.npz
BCI IIIa,l1b,augmentation,Augmentation,0.9,0.47800817729526623,validation_confidence_quantile,validation,False,validation_selected_threshold,0.875,0.7142857142857143,0.2857142857142857,0.8095238095238095,0.7941176470588235,0.20588235294117646,34,0.7142857142857143,0.641484367848425,0.5771850037251968,results/calibration_workflow_bci_iiia/probabilities/validation_only_selection_bci_iiia_subjectl1b_probabilities.npz
BCI IIIa,l1b,baseline,Baseline,0.4,0.6281966029498409,validation_confidence_quantile,validation,False,validation_selected_threshold,0.375,0.6666666666666666,0.3333333333333333,0.38095238095238093,0.875,0.125,16,0.6428571428571429,0.6176669336600107,0.623881401981832,results/calibration_workflow_bci_iiia/probabilities/validation_only_selection_bci_iiia_subjectl1b_probabilities.npz
BCI IIIa,l1b,baseline,Baseline,0.6,0.5675195561259903,validation_confidence_quantile,validation,False,validation_selected_threshold,0.5625,0.6666666666666666,0.3333333333333333,0.6190476190476191,0.7692307692307693,0.23076923076923078,26,0.6428571428571429,0.6176669336600107,0.623881401981832,results/calibration_workflow_bci_iiia/probabilities/validation_only_selection_bci_iiia_subjectl1b_probabilities.npz
BCI IIIa,l1b,baseline,Baseline,0.8,0.47268143263225343,validation_confidence_quantile,validation,False,validation_selected_threshold,0.75,0.5833333333333334,0.4166666666666667,0.8571428571428571,0.7222222222222222,0.2777777777777778,36,0.6428571428571429,0.6176669336600107,0.623881401981832,results/calibration_workflow_bci_iiia/probabilities/validation_only_selection_bci_iiia_subjectl1b_probabilities.npz
BCI IIIa,l1b,baseline,Baseline,0.9,0.43215679156429787,validation_confidence_quantile,validation,False,validation_selected_threshold,0.875,0.5714285714285714,0.42857142857142855,0.8571428571428571,0.7222222222222222,0.2777777777777778,36,0.6428571428571429,0.6176669336600107,0.623881401981832,results/calibration_workflow_bci_iiia/probabilities/validation_only_selection_bci_iiia_subjectl1b_probabilities.npz
BCI IIIa,l1b,seed_ensemble,Seed ensemble,0.4,0.7002694017256326,validation_confidence_quantile,validation,False,validation_selected_threshold,0.375,0.6666666666666666,0.3333333333333333,0.35714285714285715,1.0,0.0,15,0.7142857142857143,0.6461870300030222,0.634150558430797,results/calibration_workflow_bci_iiia/probabilities/validation_only_selection_bci_iiia_subjectl1b_probabilities.npz
BCI IIIa,l1b,seed_ensemble,Seed ensemble,0.6,0.6008233850584134,validation_confidence_quantile,validation,False,validation_selected_threshold,0.5625,0.6666666666666666,0.3333333333333333,0.5238095238095238,0.9090909090909091,0.09090909090909091,22,0.7142857142857143,0.6461870300030222,0.634150558430797,results/calibration_workflow_bci_iiia/probabilities/validation_only_selection_bci_iiia_subjectl1b_probabilities.npz
BCI IIIa,l1b,seed_ensemble,Seed ensemble,0.8,0.5237409560264434,validation_confidence_quantile,validation,False,validation_selected_threshold,0.75,0.75,0.25,0.7619047619047619,0.8125,0.1875,32,0.7142857142857143,0.6461870300030222,0.634150558430797,results/calibration_workflow_bci_iiia/probabilities/validation_only_selection_bci_iiia_subjectl1b_probabilities.npz
BCI IIIa,l1b,seed_ensemble,Seed ensemble,0.9,0.476339978480264,validation_confidence_quantile,validation,False,validation_selected_threshold,0.875,0.7142857142857143,0.2857142857142857,0.8571428571428571,0.7222222222222222,0.2777777777777778,36,0.7142857142857143,0.6461870300030222,0.634150558430797,results/calibration_workflow_bci_iiia/probabilities/validation_only_selection_bci_iiia_subjectl1b_probabilities.npz
BCI IIIa,l1b,teacher_student_mixture,Teacher/student,0.4,0.5747135877609253,validation_confidence_quantile,validation,False,validation_selected_threshold,0.375,0.6666666666666666,0.3333333333333333,0.5238095238095238,0.8636363636363636,0.13636363636363635,22,0.7380952380952381,0.5576215097553501,0.5851976043224475,results/calibration_workflow_bci_iiia/probabilities/validation_only_selection_bci_iiia_subjectl1b_probabilities.npz
BCI IIIa,l1b,teacher_student_mixture,Teacher/student,0.6,0.48693835463223034,validation_confidence_quantile,validation,False,validation_selected_threshold,0.5625,0.7777777777777778,0.2222222222222222,0.7380952380952381,0.8387096774193549,0.16129032258064516,31,0.7380952380952381,0.5576215097553501,0.5851976043224475,results/calibration_workflow_bci_iiia/probabilities/validation_only_selection_bci_iiia_subjectl1b_probabilities.npz
BCI IIIa,l1b,teacher_student_mixture,Teacher/student,0.8,0.4694786141735109,validation_confidence_quantile,validation,False,validation_selected_threshold,0.75,0.75,0.25,0.7857142857142857,0.7878787878787878,0.21212121212121213,33,0.7380952380952381,0.5576215097553501,0.5851976043224475,results/calibration_workflow_bci_iiia/probabilities/validation_only_selection_bci_iiia_subjectl1b_probabilities.npz
BCI IIIa,l1b,teacher_student_mixture,Teacher/student,0.9,0.402602013926193,validation_confidence_quantile,validation,False,validation_selected_threshold,0.875,0.7857142857142857,0.21428571428571427,0.8571428571428571,0.7777777777777778,0.2222222222222222,36,0.7380952380952381,0.5576215097553501,0.5851976043224475,results/calibration_workflow_bci_iiia/probabilities/validation_only_selection_bci_iiia_subjectl1b_probabilities.npz
BCI IIIa,l1b,validation_selected_portfolio,Portfolio,0.4,0.7002694017256326,validation_confidence_quantile,validation,False,validation_selected_threshold,0.375,0.6666666666666666,0.3333333333333333,0.35714285714285715,1.0,0.0,15,0.7142857142857143,0.6461870300030222,0.634150558430797,results/paper_calibration_stats/validation_selected_portfolio/calibration_workflow_bci_iiia/probabilities/validation_only_selection_bci_iiia_subjectl1b_probabilities.npz
BCI IIIa,l1b,validation_selected_portfolio,Portfolio,0.6,0.6008233850584134,validation_confidence_quantile,validation,False,validation_selected_threshold,0.5625,0.6666666666666666,0.3333333333333333,0.5238095238095238,0.9090909090909091,0.09090909090909091,22,0.7142857142857143,0.6461870300030222,0.634150558430797,results/paper_calibration_stats/validation_selected_portfolio/calibration_workflow_bci_iiia/probabilities/validation_only_selection_bci_iiia_subjectl1b_probabilities.npz
BCI IIIa,l1b,validation_selected_portfolio,Portfolio,0.8,0.5237409560264434,validation_confidence_quantile,validation,False,validation_selected_threshold,0.75,0.75,0.25,0.7619047619047619,0.8125,0.1875,32,0.7142857142857143,0.6461870300030222,0.634150558430797,results/paper_calibration_stats/validation_selected_portfolio/calibration_workflow_bci_iiia/probabilities/validation_only_selection_bci_iiia_subjectl1b_probabilities.npz
BCI IIIa,l1b,validation_selected_portfolio,Portfolio,0.9,0.476339978480264,validation_confidence_quantile,validation,False,validation_selected_threshold,0.875,0.7142857142857143,0.2857142857142857,0.8571428571428571,0.7222222222222222,0.2777777777777778,36,0.7142857142857143,0.6461870300030222,0.634150558430797,results/paper_calibration_stats/validation_selected_portfolio/calibration_workflow_bci_iiia/probabilities/validation_only_selection_bci_iiia_subjectl1b_probabilities.npz
BCI IV-2a,1,architecture,architecture,0.4,0.9938489829440915,validation_confidence_quantile,validation,False,validation_selected_threshold,0.39655172413793105,1.0,0.0,0.4340277777777778,0.936,0.064,125,0.8298611111111112,0.9100336536837146,0.917948000274365,results/calibration_workflow/probabilities/validation_only_selection_bci4_2a_subject1_probabilities.npz
BCI IV-2a,1,architecture,architecture,0.6,0.979299951676725,validation_confidence_quantile,validation,False,validation_selected_threshold,0.5862068965517241,1.0,0.0,0.5763888888888888,0.9457831325301205,0.05421686746987952,166,0.8298611111111112,0.9100336536837146,0.917948000274365,results/calibration_workflow/probabilities/validation_only_selection_bci4_2a_subject1_probabilities.npz
BCI IV-2a,1,architecture,architecture,0.8,0.8660924649111024,validation_confidence_quantile,validation,False,validation_selected_threshold,0.7931034482758621,0.9782608695652174,0.021739130434782608,0.7673611111111112,0.9049773755656109,0.09502262443438914,221,0.8298611111111112,0.9100336536837146,0.917948000274365,results/calibration_workflow/probabilities/validation_only_selection_bci4_2a_subject1_probabilities.npz
BCI IV-2a,1,architecture,architecture,0.9,0.6576896097992617,validation_confidence_quantile,validation,False,validation_selected_threshold,0.896551724137931,0.9423076923076923,0.057692307692307696,0.9201388888888888,0.8603773584905661,0.13962264150943396,265,0.8298611111111112,0.9100336536837146,0.917948000274365,results/calibration_workflow/probabilities/validation_only_selection_bci4_2a_subject1_probabilities.npz
BCI IV-2a,1,augmentation,Augmentation,0.4,0.928462178742294,validation_confidence_quantile,validation,False,validation_selected_threshold,0.39655172413793105,1.0,0.0,0.4131944444444444,0.9495798319327731,0.05042016806722689,119,0.8090277777777778,0.8216369469642623,0.8357105150268449,results/calibration_workflow/probabilities/validation_only_selection_bci4_2a_subject1_probabilities.npz
BCI IV-2a,1,augmentation,Augmentation,0.6,0.8264860753805162,validation_confidence_quantile,validation,False,validation_selected_threshold,0.5862068965517241,0.9411764705882353,0.058823529411764705,0.5763888888888888,0.9337349397590361,0.06626506024096386,166,0.8090277777777778,0.8216369469642623,0.8357105150268449,results/calibration_workflow/probabilities/validation_only_selection_bci4_2a_subject1_probabilities.npz
BCI IV-2a,1,augmentation,Augmentation,0.8,0.6649974583533991,validation_confidence_quantile,validation,False,validation_selected_threshold,0.7931034482758621,0.8913043478260869,0.10869565217391304,0.7951388888888888,0.8646288209606987,0.13537117903930132,229,0.8090277777777778,0.8216369469642623,0.8357105150268449,results/calibration_workflow/probabilities/validation_only_selection_bci4_2a_subject1_probabilities.npz
BCI IV-2a,1,augmentation,Augmentation,0.9,0.542829104671578,validation_confidence_quantile,validation,False,validation_selected_threshold,0.896551724137931,0.8269230769230769,0.17307692307692307,0.9583333333333334,0.8333333333333334,0.16666666666666666,276,0.8090277777777778,0.8216369469642623,0.8357105150268449,results/calibration_workflow/probabilities/validation_only_selection_bci4_2a_subject1_probabilities.npz
BCI IV-2a,1,baseline,Baseline,0.4,0.9109888207018252,validation_confidence_quantile,validation,False,validation_selected_threshold,0.39655172413793105,1.0,0.0,0.4166666666666667,0.9666666666666667,0.03333333333333333,120,0.8020833333333334,0.8129939062168149,0.8253394674937787,results/calibration_workflow/probabilities/validation_only_selection_bci4_2a_subject1_probabilities.npz
BCI IV-2a,1,baseline,Baseline,0.6,0.8082636021079646,validation_confidence_quantile,validation,False,validation_selected_threshold,0.5862068965517241,0.9117647058823529,0.08823529411764706,0.5798611111111112,0.9161676646706587,0.08383233532934131,167,0.8020833333333334,0.8129939062168149,0.8253394674937787,results/calibration_workflow/probabilities/validation_only_selection_bci4_2a_subject1_probabilities.npz
BCI IV-2a,1,baseline,Baseline,0.8,0.6737249010041568,validation_confidence_quantile,validation,False,validation_selected_threshold,0.7931034482758621,0.8695652173913043,0.13043478260869565,0.7638888888888888,0.8772727272727273,0.12272727272727273,220,0.8020833333333334,0.8129939062168149,0.8253394674937787,results/calibration_workflow/probabilities/validation_only_selection_bci4_2a_subject1_probabilities.npz
BCI IV-2a,1,baseline,Baseline,0.9,0.5461686706582145,validation_confidence_quantile,validation,False,validation_selected_threshold,0.896551724137931,0.7884615384615384,0.21153846153846154,0.9375,0.8333333333333334,0.16666666666666666,270,0.8020833333333334,0.8129939062168149,0.8253394674937787,results/calibration_workflow/probabilities/validation_only_selection_bci4_2a_subject1_probabilities.npz
BCI IV-2a,1,brier_loss,brier_loss,0.4,0.9074726370694391,validation_confidence_quantile,validation,False,validation_selected_threshold,0.39655172413793105,1.0,0.0,0.4166666666666667,0.9666666666666667,0.03333333333333333,120,0.8020833333333334,0.8118381834984877,0.8252913615738616,results/calibration_workflow/probabilities/validation_only_selection_bci4_2a_subject1_probabilities.npz
BCI IV-2a,1,brier_loss,brier_loss,0.6,0.8161473784647786,validation_confidence_quantile,validation,False,validation_selected_threshold,0.5862068965517241,0.9117647058823529,0.08823529411764706,0.5763888888888888,0.9216867469879518,0.0783132530120482,166,0.8020833333333334,0.8118381834984877,0.8252913615738616,results/calibration_workflow/probabilities/validation_only_selection_bci4_2a_subject1_probabilities.npz
BCI IV-2a,1,brier_loss,brier_loss,0.8,0.662250832526608,validation_confidence_quantile,validation,False,validation_selected_threshold,0.7931034482758621,0.8695652173913043,0.13043478260869565,0.7743055555555556,0.8699551569506726,0.13004484304932734,223,0.8020833333333334,0.8118381834984877,0.8252913615738616,results/calibration_workflow/probabilities/validation_only_selection_bci4_2a_subject1_probabilities.npz
BCI IV-2a,1,brier_loss,brier_loss,0.9,0.541083996188852,validation_confidence_quantile,validation,False,validation_selected_threshold,0.896551724137931,0.7884615384615384,0.21153846153846154,0.9444444444444444,0.8345588235294118,0.16544117647058823,272,0.8020833333333334,0.8118381834984877,0.8252913615738616,results/calibration_workflow/probabilities/validation_only_selection_bci4_2a_subject1_probabilities.npz
BCI IV-2a,1,calibration_checkpoint,calibration_checkpoint,0.4,0.896958355321933,validation_confidence_quantile,validation,False,validation_selected_threshold,0.39655172413793105,1.0,0.0,0.4513888888888889,0.9384615384615385,0.06153846153846154,130,0.8020833333333334,0.810977074345313,0.827091120006882,results/calibration_workflow/probabilities/validation_only_selection_bci4_2a_subject1_probabilities.npz
BCI IV-2a,1,calibration_checkpoint,calibration_checkpoint,0.6,0.802569336664217,validation_confidence_quantile,validation,False,validation_selected_threshold,0.5862068965517241,0.9117647058823529,0.08823529411764706,0.5972222222222222,0.9069767441860465,0.09302325581395349,172,0.8020833333333334,0.810977074345313,0.827091120006882,results/calibration_workflow/probabilities/validation_only_selection_bci4_2a_subject1_probabilities.npz
BCI IV-2a,1,calibration_checkpoint,calibration_checkpoint,0.8,0.6644749822763214,validation_confidence_quantile,validation,False,validation_selected_threshold,0.7931034482758621,0.8695652173913043,0.13043478260869565,0.7777777777777778,0.8616071428571429,0.13839285714285715,224,0.8020833333333334,0.810977074345313,0.827091120006882,results/calibration_workflow/probabilities/validation_only_selection_bci4_2a_subject1_probabilities.npz
BCI IV-2a,1,calibration_checkpoint,calibration_checkpoint,0.9,0.5692506520918913,validation_confidence_quantile,validation,False,validation_selected_threshold,0.896551724137931,0.8076923076923077,0.19230769230769232,0.90625,0.8275862068965517,0.1724137931034483,261,0.8020833333333334,0.810977074345313,0.827091120006882,results/calibration_workflow/probabilities/validation_only_selection_bci4_2a_subject1_probabilities.npz
BCI IV-2a,1,calibration_grid,calibration_grid,0.4,0.8886688181965512,validation_confidence_quantile,validation,False,validation_selected_threshold,0.39655172413793105,1.0,0.0,0.4618055555555556,0.924812030075188,0.07518796992481203,133,0.7951388888888888,0.8044248451541125,0.823125357722858,results/calibration_workflow/probabilities/validation_only_selection_bci4_2a_subject1_probabilities.npz
BCI IV-2a,1,calibration_grid,calibration_grid,0.6,0.7782563475428085,validation_confidence_quantile,validation,False,validation_selected_threshold,0.5862068965517241,0.9705882352941176,0.029411764705882353,0.6631944444444444,0.8848167539267016,0.11518324607329843,191,0.7951388888888888,0.8044248451541125,0.823125357722858,results/calibration_workflow/probabilities/validation_only_selection_bci4_2a_subject1_probabilities.npz
BCI IV-2a,1,calibration_grid,calibration_grid,0.8,0.6661360648315119,validation_confidence_quantile,validation,False,validation_selected_threshold,0.7931034482758621,0.9130434782608695,0.08695652173913043,0.7847222222222222,0.8584070796460177,0.1415929203539823,226,0.7951388888888888,0.8044248451541125,0.823125357722858,results/calibration_workflow/probabilities/validation_only_selection_bci4_2a_subject1_probabilities.npz
BCI IV-2a,1,calibration_grid,calibration_grid,0.9,0.6128258156892064,validation_confidence_quantile,validation,False,validation_selected_threshold,0.896551724137931,0.9230769230769231,0.07692307692307693,0.8506944444444444,0.8326530612244898,0.1673469387755102,245,0.7951388888888888,0.8044248451541125,0.823125357722858,results/calibration_workflow/probabilities/validation_only_selection_bci4_2a_subject1_probabilities.npz
BCI IV-2a,1,crop_aggregation,crop_aggregation,0.4,0.8974711469846176,validation_confidence_quantile,validation,False,validation_selected_threshold,0.39655172413793105,1.0,0.0,0.4305555555555556,0.967741935483871,0.03225806451612903,124,0.8055555555555556,0.8207788937884344,0.8214133784762387,results/calibration_workflow/probabilities/validation_only_selection_bci4_2a_subject1_probabilities.npz
BCI IV-2a,1,crop_aggregation,crop_aggregation,0.6,0.8096455003485014,validation_confidence_quantile,validation,False,validation_selected_threshold,0.5862068965517241,0.9117647058823529,0.08823529411764706,0.5729166666666666,0.9212121212121213,0.07878787878787878,165,0.8055555555555556,0.8207788937884344,0.8214133784762387,results/calibration_workflow/probabilities/validation_only_selection_bci4_2a_subject1_probabilities.npz
BCI IV-2a,1,crop_aggregation,crop_aggregation,0.8,0.6778619372211147,validation_confidence_quantile,validation,False,validation_selected_threshold,0.7931034482758621,0.8695652173913043,0.13043478260869565,0.7534722222222222,0.880184331797235,0.11981566820276497,217,0.8055555555555556,0.8207788937884344,0.8214133784762387,results/calibration_workflow/probabilities/validation_only_selection_bci4_2a_subject1_probabilities.npz
BCI IV-2a,1,crop_aggregation,crop_aggregation,0.9,0.5708234851613312,validation_confidence_quantile,validation,False,validation_selected_threshold,0.896551724137931,0.8076923076923077,0.19230769230769232,0.8923611111111112,0.8443579766536965,0.1556420233463035,257,0.8055555555555556,0.8207788937884344,0.8214133784762387,results/calibration_workflow/probabilities/validation_only_selection_bci4_2a_subject1_probabilities.npz
BCI IV-2a,1,seed_ensemble,Seed ensemble,0.4,0.9605832034635772,validation_confidence_quantile,validation,False,validation_selected_threshold,0.39655172413793105,1.0,0.0,0.4895833333333333,0.9574468085106383,0.0425531914893617,141,0.8506944444444444,0.8625126381194108,0.8929068629591518,results/calibration_workflow/probabilities/validation_only_selection_bci4_2a_subject1_probabilities.npz
BCI IV-2a,1,seed_ensemble,Seed ensemble,0.6,0.8661805922785472,validation_confidence_quantile,validation,False,validation_selected_threshold,0.5862068965517241,0.9705882352941176,0.029411764705882353,0.71875,0.9227053140096618,0.07729468599033816,207,0.8506944444444444,0.8625126381194108,0.8929068629591518,results/calibration_workflow/probabilities/validation_only_selection_bci4_2a_subject1_probabilities.npz
BCI IV-2a,1,seed_ensemble,Seed ensemble,0.8,0.7608744014776293,validation_confidence_quantile,validation,False,validation_selected_threshold,0.7931034482758621,0.9347826086956522,0.06521739130434782,0.8229166666666666,0.8945147679324894,0.10548523206751055,237,0.8506944444444444,0.8625126381194108,0.8929068629591518,results/calibration_workflow/probabilities/validation_only_selection_bci4_2a_subject1_probabilities.npz
BCI IV-2a,1,seed_ensemble,Seed ensemble,0.9,0.6381551492696578,validation_confidence_quantile,validation,False,validation_selected_threshold,0.896551724137931,0.9038461538461539,0.09615384615384616,0.90625,0.8735632183908046,0.12643678160919541,261,0.8506944444444444,0.8625126381194108,0.8929068629591518,results/calibration_workflow/probabilities/validation_only_selection_bci4_2a_subject1_probabilities.npz
BCI IV-2a,1,stronger_teacher,stronger_teacher,0.4,0.9651285814702408,validation_confidence_quantile,validation,False,validation_selected_threshold,0.39655172413793105,0.9565217391304348,0.043478260869565216,0.4409722222222222,0.9133858267716536,0.08661417322834646,127,0.7604166666666666,0.8395896300389348,0.8678447769560973,results/calibration_workflow/probabilities/validation_only_selection_bci4_2a_subject1_probabilities.npz
BCI IV-2a,1,stronger_teacher,stronger_teacher,0.6,0.880551911421019,validation_confidence_quantile,validation,False,validation_selected_threshold,0.5862068965517241,0.9117647058823529,0.08823529411764706,0.625,0.8777777777777778,0.12222222222222222,180,0.7604166666666666,0.8395896300389348,0.8678447769560973,results/calibration_workflow/probabilities/validation_only_selection_bci4_2a_subject1_probabilities.npz
BCI IV-2a,1,stronger_teacher,stronger_teacher,0.8,0.7112332746414687,validation_confidence_quantile,validation,False,validation_selected_threshold,0.7931034482758621,0.782608695652174,0.21739130434782608,0.78125,0.8355555555555556,0.16444444444444445,225,0.7604166666666666,0.8395896300389348,0.8678447769560973,results/calibration_workflow/probabilities/validation_only_selection_bci4_2a_subject1_probabilities.npz
BCI IV-2a,1,stronger_teacher,stronger_teacher,0.9,0.5566480072519349,validation_confidence_quantile,validation,False,validation_selected_threshold,0.896551724137931,0.7307692307692307,0.2692307692307692,0.9652777777777778,0.7733812949640287,0.22661870503597123,278,0.7604166666666666,0.8395896300389348,0.8678447769560973,results/calibration_workflow/probabilities/validation_only_selection_bci4_2a_subject1_probabilities.npz
BCI IV-2a,1,swa_ema,swa_ema,0.4,0.8824537365405711,validation_confidence_quantile,validation,False,validation_selected_threshold,0.39655172413793105,1.0,0.0,0.4861111111111111,0.9357142857142857,0.06428571428571428,140,0.7951388888888888,0.8121540399862999,0.823980757561967,results/calibration_workflow/probabilities/validation_only_selection_bci4_2a_subject1_probabilities.npz
BCI IV-2a,1,swa_ema,swa_ema,0.6,0.817960010399244,validation_confidence_quantile,validation,False,validation_selected_threshold,0.5862068965517241,0.9411764705882353,0.058823529411764705,0.5763888888888888,0.9156626506024096,0.08433734939759036,166,0.7951388888888888,0.8121540399862999,0.823980757561967,results/calibration_workflow/probabilities/validation_only_selection_bci4_2a_subject1_probabilities.npz
BCI IV-2a,1,swa_ema,swa_ema,0.8,0.6636786977342672,validation_confidence_quantile,validation,False,validation_selected_threshold,0.7931034482758621,0.8913043478260869,0.10869565217391304,0.7708333333333334,0.8738738738738738,0.12612612612612611,222,0.7951388888888888,0.8121540399862999,0.823980757561967,results/calibration_workflow/probabilities/validation_only_selection_bci4_2a_subject1_probabilities.npz
BCI IV-2a,1,swa_ema,swa_ema,0.9,0.5657192438813969,validation_confidence_quantile,validation,False,validation_selected_threshold,0.896551724137931,0.7884615384615384,0.21153846153846154,0.9097222222222222,0.8320610687022901,0.16793893129770993,262,0.7951388888888888,0.8121540399862999,0.823980757561967,results/calibration_workflow/probabilities/validation_only_selection_bci4_2a_subject1_probabilities.npz
BCI IV-2a,1,teacher_student_mixture,Teacher/student,0.4,0.861963819593137,validation_confidence_quantile,validation,False,validation_selected_threshold,0.39655172413793105,1.0,0.0,0.4375,0.9603174603174603,0.03968253968253968,126,0.8472222222222222,0.7837365405746191,0.7985317225979783,results/calibration_workflow/probabilities/validation_only_selection_bci4_2a_subject1_probabilities.npz
BCI IV-2a,1,teacher_student_mixture,Teacher/student,0.6,0.7877969936550896,validation_confidence_quantile,validation,False,validation_selected_threshold,0.5862068965517241,0.9705882352941176,0.029411764705882353,0.5277777777777778,0.9539473684210527,0.046052631578947366,152,0.8472222222222222,0.7837365405746191,0.7985317225979783,results/calibration_workflow/probabilities/validation_only_selection_bci4_2a_subject1_probabilities.npz
BCI IV-2a,1,teacher_student_mixture,Teacher/student,0.8,0.6236087079551419,validation_confidence_quantile,validation,False,validation_selected_threshold,0.7931034482758621,0.8478260869565217,0.15217391304347827,0.8194444444444444,0.8983050847457628,0.1016949152542373,236,0.8472222222222222,0.7837365405746191,0.7985317225979783,results/calibration_workflow/probabilities/validation_only_selection_bci4_2a_subject1_probabilities.npz
BCI IV-2a,1,teacher_student_mixture,Teacher/student,0.9,0.5393840215194529,validation_confidence_quantile,validation,False,validation_selected_threshold,0.896551724137931,0.8461538461538461,0.15384615384615385,0.90625,0.8659003831417624,0.13409961685823754,261,0.8472222222222222,0.7837365405746191,0.7985317225979783,results/calibration_workflow/probabilities/validation_only_selection_bci4_2a_subject1_probabilities.npz
BCI IV-2a,1,validation_selected_portfolio,Portfolio,0.4,0.9605832034635772,validation_confidence_quantile,validation,False,validation_selected_threshold,0.39655172413793105,1.0,0.0,0.4895833333333333,0.9574468085106383,0.0425531914893617,141,0.8506944444444444,0.8625126381194108,0.8929068629591518,results/paper_calibration_stats/validation_selected_portfolio/calibration_workflow/probabilities/validation_only_selection_bci4_2a_subject1_probabilities.npz
BCI IV-2a,1,validation_selected_portfolio,Portfolio,0.6,0.8661805922785472,validation_confidence_quantile,validation,False,validation_selected_threshold,0.5862068965517241,0.9705882352941176,0.029411764705882353,0.71875,0.9227053140096618,0.07729468599033816,207,0.8506944444444444,0.8625126381194108,0.8929068629591518,results/paper_calibration_stats/validation_selected_portfolio/calibration_workflow/probabilities/validation_only_selection_bci4_2a_subject1_probabilities.npz
BCI IV-2a,1,validation_selected_portfolio,Portfolio,0.8,0.7608744014776293,validation_confidence_quantile,validation,False,validation_selected_threshold,0.7931034482758621,0.9347826086956522,0.06521739130434782,0.8229166666666666,0.8945147679324894,0.10548523206751055,237,0.8506944444444444,0.8625126381194108,0.8929068629591518,results/paper_calibration_stats/validation_selected_portfolio/calibration_workflow/probabilities/validation_only_selection_bci4_2a_subject1_probabilities.npz
BCI IV-2a,1,validation_selected_portfolio,Portfolio,0.9,0.6381551492696578,validation_confidence_quantile,validation,False,validation_selected_threshold,0.896551724137931,0.9038461538461539,0.09615384615384616,0.90625,0.8735632183908046,0.12643678160919541,261,0.8506944444444444,0.8625126381194108,0.8929068629591518,results/paper_calibration_stats/validation_selected_portfolio/calibration_workflow/probabilities/validation_only_selection_bci4_2a_subject1_probabilities.npz
BCI IV-2a,2,architecture,architecture,0.4,0.5695403623362509,validation_confidence_quantile,validation,False,validation_selected_threshold,0.39655172413793105,0.8260869565217391,0.17391304347826086,0.5659722222222222,0.6503067484662577,0.3496932515337423,163,0.5520833333333334,0.574826838219983,0.6447392247662036,results/calibration_workflow/probabilities/validation_only_selection_bci4_2a_subject2_probabilities.npz
BCI IV-2a,2,architecture,architecture,0.6,0.47983259677637513,validation_confidence_quantile,validation,False,validation_selected_threshold,0.5862068965517241,0.7941176470588235,0.20588235294117646,0.7013888888888888,0.5841584158415841,0.4158415841584158,202,0.5520833333333334,0.574826838219983,0.6447392247662036,results/calibration_workflow/probabilities/validation_only_selection_bci4_2a_subject2_probabilities.npz
BCI IV-2a,2,architecture,architecture,0.8,0.40724340763909866,validation_confidence_quantile,validation,False,validation_selected_threshold,0.7931034482758621,0.6956521739130435,0.30434782608695654,0.8472222222222222,0.5737704918032787,0.4262295081967213,244,0.5520833333333334,0.574826838219983,0.6447392247662036,results/calibration_workflow/probabilities/validation_only_selection_bci4_2a_subject2_probabilities.npz
BCI IV-2a,2,architecture,architecture,0.9,0.37783846259117126,validation_confidence_quantile,validation,False,validation_selected_threshold,0.896551724137931,0.6730769230769231,0.3269230769230769,0.8923611111111112,0.5642023346303502,0.4357976653696498,257,0.5520833333333334,0.574826838219983,0.6447392247662036,results/calibration_workflow/probabilities/validation_only_selection_bci4_2a_subject2_probabilities.npz
BCI IV-2a,2,augmentation,Augmentation,0.4,0.5880620391955668,validation_confidence_quantile,validation,False,validation_selected_threshold,0.39655172413793105,0.7391304347826086,0.2608695652173913,0.5555555555555556,0.6125,0.3875,160,0.5347222222222222,0.597801479225321,0.6445630632203438,results/calibration_workflow/probabilities/validation_only_selection_bci4_2a_subject2_probabilities.npz
BCI IV-2a,2,augmentation,Augmentation,0.6,0.5218356108954911,validation_confidence_quantile,validation,False,validation_selected_threshold,0.5862068965517241,0.7352941176470589,0.2647058823529412,0.7083333333333334,0.5735294117647058,0.4264705882352941,204,0.5347222222222222,0.597801479225321,0.6445630632203438,results/calibration_workflow/probabilities/validation_only_selection_bci4_2a_subject2_probabilities.npz
BCI IV-2a,2,augmentation,Augmentation,0.8,0.43799638748168945,validation_confidence_quantile,validation,False,validation_selected_threshold,0.7931034482758621,0.717391304347826,0.2826086956521739,0.8819444444444444,0.5354330708661418,0.4645669291338583,254,0.5347222222222222,0.597801479225321,0.6445630632203438,results/calibration_workflow/probabilities/validation_only_selection_bci4_2a_subject2_probabilities.npz
BCI IV-2a,2,augmentation,Augmentation,0.9,0.3791341781616211,validation_confidence_quantile,validation,False,validation_selected_threshold,0.896551724137931,0.7115384615384616,0.28846153846153844,0.9618055555555556,0.5270758122743683,0.4729241877256318,277,0.5347222222222222,0.597801479225321,0.6445630632203438,results/calibration_workflow/probabilities/validation_only_selection_bci4_2a_subject2_probabilities.npz
BCI IV-2a,2,baseline,Baseline,0.4,0.5376902292740189,validation_confidence_quantile,validation,False,validation_selected_threshold,0.39655172413793105,0.7391304347826086,0.2608695652173913,0.3923611111111111,0.6371681415929203,0.36283185840707965,113,0.5208333333333334,0.5515340638953148,0.5474295029453332,results/calibration_workflow/probabilities/validation_only_selection_bci4_2a_subject2_probabilities.npz
BCI IV-2a,2,baseline,Baseline,0.6,0.442569265514964,validation_confidence_quantile,validation,False,validation_selected_threshold,0.5862068965517241,0.6470588235294118,0.35294117647058826,0.7291666666666666,0.580952380952381,0.41904761904761906,210,0.5208333333333334,0.5515340638953148,0.5474295029453332,results/calibration_workflow/probabilities/validation_only_selection_bci4_2a_subject2_probabilities.npz
BCI IV-2a,2,baseline,Baseline,0.8,0.3751107454299927,validation_confidence_quantile,validation,False,validation_selected_threshold,0.7931034482758621,0.6304347826086957,0.3695652173913043,0.9479166666666666,0.5238095238095238,0.47619047619047616,273,0.5208333333333334,0.5515340638953148,0.5474295029453332,results/calibration_workflow/probabilities/validation_only_selection_bci4_2a_subject2_probabilities.npz
BCI IV-2a,2,baseline,Baseline,0.9,0.35199824754144843,validation_confidence_quantile,validation,False,validation_selected_threshold,0.896551724137931,0.6346153846153846,0.36538461538461536,0.9791666666666666,0.524822695035461,0.475177304964539,282,0.5208333333333334,0.5515340638953148,0.5474295029453332,results/calibration_workflow/probabilities/validation_only_selection_bci4_2a_subject2_probabilities.npz
BCI IV-2a,2,brier_loss,brier_loss,0.4,0.5592248429372444,validation_confidence_quantile,validation,False,validation_selected_threshold,0.39655172413793105,0.7391304347826086,0.2608695652173913,0.3715277777777778,0.7009345794392523,0.29906542056074764,107,0.5520833333333334,0.5620302082808388,0.5462848616919282,results/calibration_workflow/probabilities/validation_only_selection_bci4_2a_subject2_probabilities.npz
BCI IV-2a,2,brier_loss,brier_loss,0.6,0.4594940125329119,validation_confidence_quantile,validation,False,validation_selected_threshold,0.5862068965517241,0.6764705882352942,0.3235294117647059,0.6527777777777778,0.601063829787234,0.39893617021276595,188,0.5520833333333334,0.5620302082808388,0.5462848616919282,results/calibration_workflow/probabilities/validation_only_selection_bci4_2a_subject2_probabilities.npz
BCI IV-2a,2,brier_loss,brier_loss,0.8,0.3828149494948231,validation_confidence_quantile,validation,False,validation_selected_threshold,0.7931034482758621,0.6739130434782609,0.32608695652173914,0.9270833333333334,0.5580524344569289,0.4419475655430712,267,0.5520833333333334,0.5620302082808388,0.5462848616919282,results/calibration_workflow/probabilities/validation_only_selection_bci4_2a_subject2_probabilities.npz
BCI IV-2a,2,brier_loss,brier_loss,0.9,0.3514874174747641,validation_confidence_quantile,validation,False,validation_selected_threshold,0.896551724137931,0.6538461538461539,0.34615384615384615,0.9930555555555556,0.5524475524475524,0.44755244755244755,286,0.5520833333333334,0.5620302082808388,0.5462848616919282,results/calibration_workflow/probabilities/validation_only_selection_bci4_2a_subject2_probabilities.npz
BCI IV-2a,2,calibration_checkpoint,calibration_checkpoint,0.4,0.5101983528204324,validation_confidence_quantile,validation,False,validation_selected_threshold,0.39655172413793105,0.6521739130434783,0.34782608695652173,0.3506944444444444,0.7128712871287128,0.2871287128712871,101,0.5138888888888888,0.5109626983017507,0.5021165675427353,results/calibration_workflow/probabilities/validation_only_selection_bci4_2a_subject2_probabilities.npz
BCI IV-2a,2,calibration_checkpoint,calibration_checkpoint,0.6,0.40433380007743835,validation_confidence_quantile,validation,False,validation_selected_threshold,0.5862068965517241,0.6176470588235294,0.38235294117647056,0.71875,0.5652173913043478,0.43478260869565216,207,0.5138888888888888,0.5109626983017507,0.5021165675427353,results/calibration_workflow/probabilities/validation_only_selection_bci4_2a_subject2_probabilities.npz
BCI IV-2a,2,calibration_checkpoint,calibration_checkpoint,0.8,0.35764422746267743,validation_confidence_quantile,validation,False,validation_selected_threshold,0.7931034482758621,0.6086956521739131,0.391304347826087,0.90625,0.524904214559387,0.47509578544061304,261,0.5138888888888888,0.5109626983017507,0.5021165675427353,results/calibration_workflow/probabilities/validation_only_selection_bci4_2a_subject2_probabilities.npz
BCI IV-2a,2,calibration_checkpoint,calibration_checkpoint,0.9,0.3467780694876732,validation_confidence_quantile,validation,False,validation_selected_threshold,0.896551724137931,0.6153846153846154,0.38461538461538464,0.9340277777777778,0.5241635687732342,0.4758364312267658,269,0.5138888888888888,0.5109626983017507,0.5021165675427353,results/calibration_workflow/probabilities/validation_only_selection_bci4_2a_subject2_probabilities.npz
BCI IV-2a,2,calibration_grid,calibration_grid,0.4,0.5543508316697815,validation_confidence_quantile,validation,False,validation_selected_threshold,0.39655172413793105,0.7391304347826086,0.2608695652173913,0.3333333333333333,0.6875,0.3125,96,0.5034722222222222,0.5487178383283787,0.5485187929616085,results/calibration_workflow/probabilities/validation_only_selection_bci4_2a_subject2_probabilities.npz
BCI IV-2a,2,calibration_grid,calibration_grid,0.6,0.4488840303974657,validation_confidence_quantile,validation,False,validation_selected_threshold,0.5862068965517241,0.6764705882352942,0.3235294117647059,0.6666666666666666,0.5520833333333334,0.4479166666666667,192,0.5034722222222222,0.5487178383283787,0.5485187929616085,results/calibration_workflow/probabilities/validation_only_selection_bci4_2a_subject2_probabilities.npz
BCI IV-2a,2,calibration_grid,calibration_grid,0.8,0.3908130857323462,validation_confidence_quantile,validation,False,validation_selected_threshold,0.7931034482758621,0.6739130434782609,0.32608695652173914,0.8993055555555556,0.5173745173745173,0.4826254826254826,259,0.5034722222222222,0.5487178383283787,0.5485187929616085,results/calibration_workflow/probabilities/validation_only_selection_bci4_2a_subject2_probabilities.npz
BCI IV-2a,2,calibration_grid,calibration_grid,0.9,0.3645724681360458,validation_confidence_quantile,validation,False,validation_selected_threshold,0.896551724137931,0.6538461538461539,0.34615384615384615,0.9513888888888888,0.5145985401459854,0.4854014598540146,274,0.5034722222222222,0.5487178383283787,0.5485187929616085,results/calibration_workflow/probabilities/validation_only_selection_bci4_2a_subject2_probabilities.npz
BCI IV-2a,2,crop_aggregation,crop_aggregation,0.4,0.5232310774200168,validation_confidence_quantile,validation,False,validation_selected_threshold,0.39655172413793105,0.7391304347826086,0.2608695652173913,0.4444444444444444,0.6640625,0.3359375,128,0.5416666666666666,0.5522792149212508,0.5455079566857576,results/calibration_workflow/probabilities/validation_only_selection_bci4_2a_subject2_probabilities.npz
BCI IV-2a,2,crop_aggregation,crop_aggregation,0.6,0.4659036695957184,validation_confidence_quantile,validation,False,validation_selected_threshold,0.5862068965517241,0.6764705882352942,0.3235294117647059,0.625,0.6166666666666667,0.38333333333333336,180,0.5416666666666666,0.5522792149212508,0.5455079566857576,results/calibration_workflow/probabilities/validation_only_selection_bci4_2a_subject2_probabilities.npz
BCI IV-2a,2,crop_aggregation,crop_aggregation,0.8,0.3750976864233958,validation_confidence_quantile,validation,False,validation_selected_threshold,0.7931034482758621,0.6521739130434783,0.34782608695652173,0.9409722222222222,0.5535055350553506,0.44649446494464945,271,0.5416666666666666,0.5522792149212508,0.5455079566857576,results/calibration_workflow/probabilities/validation_only_selection_bci4_2a_subject2_probabilities.npz
BCI IV-2a,2,crop_aggregation,crop_aggregation,0.9,0.3407302796840668,validation_confidence_quantile,validation,False,validation_selected_threshold,0.896551724137931,0.6346153846153846,0.36538461538461536,1.0,0.5416666666666666,0.4583333333333333,288,0.5416666666666666,0.5522792149212508,0.5455079566857576,results/calibration_workflow/probabilities/validation_only_selection_bci4_2a_subject2_probabilities.npz
BCI IV-2a,2,seed_ensemble,Seed ensemble,0.4,0.5510512225304777,validation_confidence_quantile,validation,False,validation_selected_threshold,0.39655172413793105,0.782608695652174,0.21739130434782608,0.5034722222222222,0.6896551724137931,0.3103448275862069,145,0.5520833333333334,0.5759523849710836,0.6009644593754997,results/calibration_workflow/probabilities/validation_only_selection_bci4_2a_subject2_probabilities.npz
BCI IV-2a,2,seed_ensemble,Seed ensemble,0.6,0.45832350850105286,validation_confidence_quantile,validation,False,validation_selected_threshold,0.5862068965517241,0.7058823529411765,0.29411764705882354,0.6493055555555556,0.6310160427807486,0.3689839572192513,187,0.5520833333333334,0.5759523849710836,0.6009644593754997,results/calibration_workflow/probabilities/validation_only_selection_bci4_2a_subject2_probabilities.npz
BCI IV-2a,2,seed_ensemble,Seed ensemble,0.8,0.4086540326153709,validation_confidence_quantile,validation,False,validation_selected_threshold,0.7931034482758621,0.6521739130434783,0.34782608695652173,0.7951388888888888,0.5720524017467249,0.4279475982532751,229,0.5520833333333334,0.5759523849710836,0.6009644593754997,results/calibration_workflow/probabilities/validation_only_selection_bci4_2a_subject2_probabilities.npz
BCI IV-2a,2,seed_ensemble,Seed ensemble,0.9,0.38460258365799826,validation_confidence_quantile,validation,False,validation_selected_threshold,0.896551724137931,0.6153846153846154,0.38461538461538464,0.8611111111111112,0.5483870967741935,0.45161290322580644,248,0.5520833333333334,0.5759523849710836,0.6009644593754997,results/calibration_workflow/probabilities/validation_only_selection_bci4_2a_subject2_probabilities.npz
BCI IV-2a,2,stronger_teacher,stronger_teacher,0.4,0.5941938258692547,validation_confidence_quantile,validation,False,validation_selected_threshold,0.39655172413793105,0.7391304347826086,0.2608695652173913,0.0,,,0,0.4166666666666667,0.5631498586667845,0.3187782879887533,results/calibration_workflow/probabilities/validation_only_selection_bci4_2a_subject2_probabilities.npz
BCI IV-2a,2,stronger_teacher,stronger_teacher,0.6,0.48388445828002374,validation_confidence_quantile,validation,False,validation_selected_threshold,0.5862068965517241,0.6470588235294118,0.35294117647058826,0.0,,,0,0.4166666666666667,0.5631498586667845,0.3187782879887533,results/calibration_workflow/probabilities/validation_only_selection_bci4_2a_subject2_probabilities.npz
BCI IV-2a,2,stronger_teacher,stronger_teacher,0.8,0.39759236277943577,validation_confidence_quantile,validation,False,validation_selected_threshold,0.7931034482758621,0.6086956521739131,0.391304347826087,0.05555555555555555,0.8125,0.1875,16,0.4166666666666667,0.5631498586667845,0.3187782879887533,results/calibration_workflow/probabilities/validation_only_selection_bci4_2a_subject2_probabilities.npz
BCI IV-2a,2,stronger_teacher,stronger_teacher,0.9,0.3652946650981903,validation_confidence_quantile,validation,False,validation_selected_threshold,0.896551724137931,0.5769230769230769,0.4230769230769231,0.17708333333333334,0.8627450980392157,0.13725490196078433,51,0.4166666666666667,0.5631498586667845,0.3187782879887533,results/calibration_workflow/probabilities/validation_only_selection_bci4_2a_subject2_probabilities.npz
BCI IV-2a,2,swa_ema,swa_ema,0.4,0.5376902292740189,validation_confidence_quantile,validation,False,validation_selected_threshold,0.39655172413793105,0.7391304347826086,0.2608695652173913,0.3923611111111111,0.6371681415929203,0.36283185840707965,113,0.5208333333333334,0.5515340638953148,0.5474295029453332,results/calibration_workflow/probabilities/validation_only_selection_bci4_2a_subject2_probabilities.npz
BCI IV-2a,2,swa_ema,swa_ema,0.6,0.442569265514964,validation_confidence_quantile,validation,False,validation_selected_threshold,0.5862068965517241,0.6470588235294118,0.35294117647058826,0.7291666666666666,0.580952380952381,0.41904761904761906,210,0.5208333333333334,0.5515340638953148,0.5474295029453332,results/calibration_workflow/probabilities/validation_only_selection_bci4_2a_subject2_probabilities.npz
BCI IV-2a,2,swa_ema,swa_ema,0.8,0.3751107454299927,validation_confidence_quantile,validation,False,validation_selected_threshold,0.7931034482758621,0.6304347826086957,0.3695652173913043,0.9479166666666666,0.5238095238095238,0.47619047619047616,273,0.5208333333333334,0.5515340638953148,0.5474295029453332,results/calibration_workflow/probabilities/validation_only_selection_bci4_2a_subject2_probabilities.npz
BCI IV-2a,2,swa_ema,swa_ema,0.9,0.35199824754144843,validation_confidence_quantile,validation,False,validation_selected_threshold,0.896551724137931,0.6346153846153846,0.36538461538461536,0.9791666666666666,0.524822695035461,0.475177304964539,282,0.5208333333333334,0.5515340638953148,0.5474295029453332,results/calibration_workflow/probabilities/validation_only_selection_bci4_2a_subject2_probabilities.npz
BCI IV-2a,2,teacher_student_mixture,Teacher/student,0.4,0.4747299779246751,validation_confidence_quantile,validation,False,validation_selected_threshold,0.39655172413793105,0.8695652173913043,0.13043478260869565,0.18055555555555555,0.8269230769230769,0.17307692307692307,52,0.5555555555555556,0.5251706889060397,0.4087998698212009,results/calibration_workflow/probabilities/validation_only_selection_bci4_2a_subject2_probabilities.npz
BCI IV-2a,2,teacher_student_mixture,Teacher/student,0.6,0.43171459436416626,validation_confidence_quantile,validation,False,validation_selected_threshold,0.5862068965517241,0.7352941176470589,0.2647058823529412,0.2777777777777778,0.775,0.225,80,0.5555555555555556,0.5251706889060397,0.4087998698212009,results/calibration_workflow/probabilities/validation_only_selection_bci4_2a_subject2_probabilities.npz
BCI IV-2a,2,teacher_student_mixture,Teacher/student,0.8,0.3914033741399394,validation_confidence_quantile,validation,False,validation_selected_threshold,0.7931034482758621,0.6521739130434783,0.34782608695652173,0.4375,0.7063492063492064,0.29365079365079366,126,0.5555555555555556,0.5251706889060397,0.4087998698212009,results/calibration_workflow/probabilities/validation_only_selection_bci4_2a_subject2_probabilities.npz
BCI IV-2a,2,teacher_student_mixture,Teacher/student,0.9,0.36578838927184376,validation_confidence_quantile,validation,False,validation_selected_threshold,0.896551724137931,0.6346153846153846,0.36538461538461536,0.6006944444444444,0.6705202312138728,0.32947976878612717,173,0.5555555555555556,0.5251706889060397,0.4087998698212009,results/calibration_workflow/probabilities/validation_only_selection_bci4_2a_subject2_probabilities.npz
BCI IV-2a,2,validation_selected_portfolio,Portfolio,0.4,0.5880620391955668,validation_confidence_quantile,validation,False,validation_selected_threshold,0.39655172413793105,0.7391304347826086,0.2608695652173913,0.5555555555555556,0.6125,0.3875,160,0.5347222222222222,0.597801479225321,0.6445630632203438,results/paper_calibration_stats/validation_selected_portfolio/calibration_workflow/probabilities/validation_only_selection_bci4_2a_subject2_probabilities.npz
BCI IV-2a,2,validation_selected_portfolio,Portfolio,0.6,0.5218356108954911,validation_confidence_quantile,validation,False,validation_selected_threshold,0.5862068965517241,0.7352941176470589,0.2647058823529412,0.7083333333333334,0.5735294117647058,0.4264705882352941,204,0.5347222222222222,0.597801479225321,0.6445630632203438,results/paper_calibration_stats/validation_selected_portfolio/calibration_workflow/probabilities/validation_only_selection_bci4_2a_subject2_probabilities.npz
BCI IV-2a,2,validation_selected_portfolio,Portfolio,0.8,0.43799638748168945,validation_confidence_quantile,validation,False,validation_selected_threshold,0.7931034482758621,0.717391304347826,0.2826086956521739,0.8819444444444444,0.5354330708661418,0.4645669291338583,254,0.5347222222222222,0.597801479225321,0.6445630632203438,results/paper_calibration_stats/validation_selected_portfolio/calibration_workflow/probabilities/validation_only_selection_bci4_2a_subject2_probabilities.npz
BCI IV-2a,2,validation_selected_portfolio,Portfolio,0.9,0.3791341781616211,validation_confidence_quantile,validation,False,validation_selected_threshold,0.896551724137931,0.7115384615384616,0.28846153846153844,0.9618055555555556,0.5270758122743683,0.4729241877256318,277,0.5347222222222222,0.597801479225321,0.6445630632203438,results/paper_calibration_stats/validation_selected_portfolio/calibration_workflow/probabilities/validation_only_selection_bci4_2a_subject2_probabilities.npz
BCI IV-2a,3,architecture,architecture,0.4,0.9949672928221864,validation_confidence_quantile,validation,False,validation_selected_threshold,0.39655172413793105,1.0,0.0,0.4444444444444444,1.0,0.0,128,0.9305555555555556,0.931537658108268,0.9311814667901943,results/calibration_workflow/probabilities/validation_only_selection_bci4_2a_subject3_probabilities.npz
BCI IV-2a,3,architecture,architecture,0.6,0.979609562841028,validation_confidence_quantile,validation,False,validation_selected_threshold,0.5862068965517241,1.0,0.0,0.59375,1.0,0.0,171,0.9305555555555556,0.931537658108268,0.9311814667901943,results/calibration_workflow/probabilities/validation_only_selection_bci4_2a_subject3_probabilities.npz
BCI IV-2a,3,architecture,architecture,0.8,0.9392008813140944,validation_confidence_quantile,validation,False,validation_selected_threshold,0.7931034482758621,1.0,0.0,0.7430555555555556,0.9766355140186916,0.02336448598130841,214,0.9305555555555556,0.931537658108268,0.9311814667901943,results/calibration_workflow/probabilities/validation_only_selection_bci4_2a_subject3_probabilities.npz
BCI IV-2a,3,architecture,architecture,0.9,0.7485181392554163,validation_confidence_quantile,validation,False,validation_selected_threshold,0.896551724137931,0.9615384615384616,0.038461538461538464,0.8993055555555556,0.9575289575289575,0.04247104247104247,259,0.9305555555555556,0.931537658108268,0.9311814667901943,results/calibration_workflow/probabilities/validation_only_selection_bci4_2a_subject3_probabilities.npz
BCI IV-2a,3,augmentation,Augmentation,0.4,0.9925518536829471,validation_confidence_quantile,validation,False,validation_selected_threshold,0.39655172413793105,1.0,0.0,0.4965277777777778,1.0,0.0,143,0.9201388888888888,0.9189456707097876,0.92876197566757,results/calibration_workflow/probabilities/validation_only_selection_bci4_2a_subject3_probabilities.npz
BCI IV-2a,3,augmentation,Augmentation,0.6,0.9718209749452457,validation_confidence_quantile,validation,False,validation_selected_threshold,0.5862068965517241,1.0,0.0,0.6388888888888888,1.0,0.0,184,0.9201388888888888,0.9189456707097876,0.92876197566757,results/calibration_workflow/probabilities/validation_only_selection_bci4_2a_subject3_probabilities.npz
BCI IV-2a,3,augmentation,Augmentation,0.8,0.879597760151385,validation_confidence_quantile,validation,False,validation_selected_threshold,0.7931034482758621,1.0,0.0,0.7847222222222222,0.9690265486725663,0.030973451327433628,226,0.9201388888888888,0.9189456707097876,0.92876197566757,results/calibration_workflow/probabilities/validation_only_selection_bci4_2a_subject3_probabilities.npz
BCI IV-2a,3,augmentation,Augmentation,0.9,0.7892402460122218,validation_confidence_quantile,validation,False,validation_selected_threshold,0.896551724137931,0.9615384615384616,0.038461538461538464,0.8784722222222222,0.9604743083003953,0.039525691699604744,253,0.9201388888888888,0.9189456707097876,0.92876197566757,results/calibration_workflow/probabilities/validation_only_selection_bci4_2a_subject3_probabilities.npz
BCI IV-2a,3,baseline,Baseline,0.4,0.9925518536829471,validation_confidence_quantile,validation,False,validation_selected_threshold,0.39655172413793105,1.0,0.0,0.4965277777777778,1.0,0.0,143,0.9201388888888888,0.9189456707097876,0.92876197566757,results/calibration_workflow/probabilities/validation_only_selection_bci4_2a_subject3_probabilities.npz
BCI IV-2a,3,baseline,Baseline,0.6,0.9718209749452457,validation_confidence_quantile,validation,False,validation_selected_threshold,0.5862068965517241,1.0,0.0,0.6388888888888888,1.0,0.0,184,0.9201388888888888,0.9189456707097876,0.92876197566757,results/calibration_workflow/probabilities/validation_only_selection_bci4_2a_subject3_probabilities.npz
BCI IV-2a,3,baseline,Baseline,0.8,0.879597760151385,validation_confidence_quantile,validation,False,validation_selected_threshold,0.7931034482758621,1.0,0.0,0.7847222222222222,0.9690265486725663,0.030973451327433628,226,0.9201388888888888,0.9189456707097876,0.92876197566757,results/calibration_workflow/probabilities/validation_only_selection_bci4_2a_subject3_probabilities.npz
BCI IV-2a,3,baseline,Baseline,0.9,0.7892402460122218,validation_confidence_quantile,validation,False,validation_selected_threshold,0.896551724137931,0.9615384615384616,0.038461538461538464,0.8784722222222222,0.9604743083003953,0.039525691699604744,253,0.9201388888888888,0.9189456707097876,0.92876197566757,results/calibration_workflow/probabilities/validation_only_selection_bci4_2a_subject3_probabilities.npz
BCI IV-2a,3,brier_loss,brier_loss,0.4,0.9931373571191471,validation_confidence_quantile,validation,False,validation_selected_threshold,0.39655172413793105,1.0,0.0,0.4826388888888889,1.0,0.0,139,0.9201388888888888,0.9191246806629156,0.9285370800110715,results/calibration_workflow/probabilities/validation_only_selection_bci4_2a_subject3_probabilities.npz
BCI IV-2a,3,brier_loss,brier_loss,0.6,0.9719463982600715,validation_confidence_quantile,validation,False,validation_selected_threshold,0.5862068965517241,1.0,0.0,0.6458333333333334,1.0,0.0,186,0.9201388888888888,0.9191246806629156,0.9285370800110715,results/calibration_workflow/probabilities/validation_only_selection_bci4_2a_subject3_probabilities.npz
BCI IV-2a,3,brier_loss,brier_loss,0.8,0.8769434274106802,validation_confidence_quantile,validation,False,validation_selected_threshold,0.7931034482758621,1.0,0.0,0.7881944444444444,0.9691629955947136,0.030837004405286344,227,0.9201388888888888,0.9191246806629156,0.9285370800110715,results/calibration_workflow/probabilities/validation_only_selection_bci4_2a_subject3_probabilities.npz
BCI IV-2a,3,brier_loss,brier_loss,0.9,0.7809036506819461,validation_confidence_quantile,validation,False,validation_selected_threshold,0.896551724137931,0.9615384615384616,0.038461538461538464,0.8854166666666666,0.9568627450980393,0.043137254901960784,255,0.9201388888888888,0.9191246806629156,0.9285370800110715,results/calibration_workflow/probabilities/validation_only_selection_bci4_2a_subject3_probabilities.npz
BCI IV-2a,3,calibration_checkpoint,calibration_checkpoint,0.4,0.9929364384880326,validation_confidence_quantile,validation,False,validation_selected_threshold,0.39655172413793105,1.0,0.0,0.4409722222222222,1.0,0.0,127,0.9097222222222222,0.9153965733244248,0.9150297358012226,results/calibration_workflow/probabilities/validation_only_selection_bci4_2a_subject3_probabilities.npz
BCI IV-2a,3,calibration_checkpoint,calibration_checkpoint,0.6,0.9577467218844793,validation_confidence_quantile,validation,False,validation_selected_threshold,0.5862068965517241,1.0,0.0,0.6493055555555556,0.9786096256684492,0.0213903743315508,187,0.9097222222222222,0.9153965733244248,0.9150297358012226,results/calibration_workflow/probabilities/validation_only_selection_bci4_2a_subject3_probabilities.npz
BCI IV-2a,3,calibration_checkpoint,calibration_checkpoint,0.8,0.8809690930597814,validation_confidence_quantile,validation,False,validation_selected_threshold,0.7931034482758621,1.0,0.0,0.78125,0.9688888888888889,0.03111111111111111,225,0.9097222222222222,0.9153965733244248,0.9150297358012226,results/calibration_workflow/probabilities/validation_only_selection_bci4_2a_subject3_probabilities.npz
BCI IV-2a,3,calibration_checkpoint,calibration_checkpoint,0.9,0.7323412078610253,validation_confidence_quantile,validation,False,validation_selected_threshold,0.896551724137931,0.9423076923076923,0.057692307692307696,0.8645833333333334,0.9598393574297188,0.040160642570281124,249,0.9097222222222222,0.9153965733244248,0.9150297358012226,results/calibration_workflow/probabilities/validation_only_selection_bci4_2a_subject3_probabilities.npz
BCI IV-2a,3,calibration_grid,calibration_grid,0.4,0.9717090608711604,validation_confidence_quantile,validation,False,validation_selected_threshold,0.39655172413793105,1.0,0.0,0.46875,0.9851851851851852,0.014814814814814815,135,0.9027777777777778,0.8946349761855985,0.8841842726147937,results/calibration_workflow/probabilities/validation_only_selection_bci4_2a_subject3_probabilities.npz
BCI IV-2a,3,calibration_grid,calibration_grid,0.6,0.9343922853915896,validation_confidence_quantile,validation,False,validation_selected_threshold,0.5862068965517241,1.0,0.0,0.6076388888888888,0.9828571428571429,0.017142857142857144,175,0.9027777777777778,0.8946349761855985,0.8841842726147937,results/calibration_workflow/probabilities/validation_only_selection_bci4_2a_subject3_probabilities.npz
BCI IV-2a,3,calibration_grid,calibration_grid,0.8,0.8059344965020258,validation_confidence_quantile,validation,False,validation_selected_threshold,0.7931034482758621,1.0,0.0,0.7569444444444444,0.9770642201834863,0.022935779816513763,218,0.9027777777777778,0.8946349761855985,0.8841842726147937,results/calibration_workflow/probabilities/validation_only_selection_bci4_2a_subject3_probabilities.npz
BCI IV-2a,3,calibration_grid,calibration_grid,0.9,0.7251813305340652,validation_confidence_quantile,validation,False,validation_selected_threshold,0.896551724137931,1.0,0.0,0.8159722222222222,0.9659574468085106,0.03404255319148936,235,0.9027777777777778,0.8946349761855985,0.8841842726147937,results/calibration_workflow/probabilities/validation_only_selection_bci4_2a_subject3_probabilities.npz
BCI IV-2a,3,crop_aggregation,crop_aggregation,0.4,0.989863802078708,validation_confidence_quantile,validation,False,validation_selected_threshold,0.39655172413793105,1.0,0.0,0.5069444444444444,1.0,0.0,146,0.9201388888888888,0.9199457758109593,0.9288815549790436,results/calibration_workflow/probabilities/validation_only_selection_bci4_2a_subject3_probabilities.npz
BCI IV-2a,3,crop_aggregation,crop_aggregation,0.6,0.9738116853646389,validation_confidence_quantile,validation,False,validation_selected_threshold,0.5862068965517241,1.0,0.0,0.6145833333333334,0.9943502824858758,0.005649717514124294,177,0.9201388888888888,0.9199457758109593,0.9288815549790436,results/calibration_workflow/probabilities/validation_only_selection_bci4_2a_subject3_probabilities.npz
BCI IV-2a,3,crop_aggregation,crop_aggregation,0.8,0.8816073454766782,validation_confidence_quantile,validation,False,validation_selected_threshold,0.7931034482758621,1.0,0.0,0.7951388888888888,0.9650655021834061,0.034934497816593885,229,0.9201388888888888,0.9199457758109593,0.9288815549790436,results/calibration_workflow/probabilities/validation_only_selection_bci4_2a_subject3_probabilities.npz
BCI IV-2a,3,crop_aggregation,crop_aggregation,0.9,0.7544186051151996,validation_confidence_quantile,validation,False,validation_selected_threshold,0.896551724137931,0.9615384615384616,0.038461538461538464,0.8888888888888888,0.95703125,0.04296875,256,0.9201388888888888,0.9199457758109593,0.9288815549790436,results/calibration_workflow/probabilities/validation_only_selection_bci4_2a_subject3_probabilities.npz
BCI IV-2a,3,seed_ensemble,Seed ensemble,0.4,0.9922372104420678,validation_confidence_quantile,validation,False,validation_selected_threshold,0.39655172413793105,1.0,0.0,0.4861111111111111,1.0,0.0,140,0.9409722222222222,0.9164426018249489,0.931866334325278,results/calibration_workflow/probabilities/validation_only_selection_bci4_2a_subject3_probabilities.npz
BCI IV-2a,3,seed_ensemble,Seed ensemble,0.6,0.9727112246010436,validation_confidence_quantile,validation,False,validation_selected_threshold,0.5862068965517241,1.0,0.0,0.6423611111111112,1.0,0.0,185,0.9409722222222222,0.9164426018249489,0.931866334325278,results/calibration_workflow/probabilities/validation_only_selection_bci4_2a_subject3_probabilities.npz
BCI IV-2a,3,seed_ensemble,Seed ensemble,0.8,0.8995776486600868,validation_confidence_quantile,validation,False,validation_selected_threshold,0.7931034482758621,1.0,0.0,0.78125,0.9866666666666667,0.013333333333333334,225,0.9409722222222222,0.9164426018249489,0.931866334325278,results/calibration_workflow/probabilities/validation_only_selection_bci4_2a_subject3_probabilities.npz
BCI IV-2a,3,seed_ensemble,Seed ensemble,0.9,0.6669235726178993,validation_confidence_quantile,validation,False,validation_selected_threshold,0.896551724137931,0.9615384615384616,0.038461538461538464,0.9375,0.9629629629629629,0.037037037037037035,270,0.9409722222222222,0.9164426018249489,0.931866334325278,results/calibration_workflow/probabilities/validation_only_selection_bci4_2a_subject3_probabilities.npz
BCI IV-2a,3,stronger_teacher,stronger_teacher,0.4,0.9442603208063116,validation_confidence_quantile,validation,False,validation_selected_threshold,0.39655172413793105,0.9565217391304348,0.043478260869565216,0.0,,,0,0.3784722222222222,0.8514777226860427,0.6124182219870247,results/calibration_workflow/probabilities/validation_only_selection_bci4_2a_subject3_probabilities.npz
BCI IV-2a,3,stronger_teacher,stronger_teacher,0.6,0.8499140246295206,validation_confidence_quantile,validation,False,validation_selected_threshold,0.5862068965517241,0.9705882352941176,0.029411764705882353,0.09375,0.9629629629629629,0.037037037037037035,27,0.3784722222222222,0.8514777226860427,0.6124182219870247,results/calibration_workflow/probabilities/validation_only_selection_bci4_2a_subject3_probabilities.npz
BCI IV-2a,3,stronger_teacher,stronger_teacher,0.8,0.7907661809712424,validation_confidence_quantile,validation,False,validation_selected_threshold,0.7931034482758621,0.9347826086956522,0.06521739130434782,0.1840277777777778,0.7547169811320755,0.24528301886792453,53,0.3784722222222222,0.8514777226860427,0.6124182219870247,results/calibration_workflow/probabilities/validation_only_selection_bci4_2a_subject3_probabilities.npz
BCI IV-2a,3,stronger_teacher,stronger_teacher,0.9,0.6234313979176079,validation_confidence_quantile,validation,False,validation_selected_threshold,0.896551724137931,0.9423076923076923,0.057692307692307696,0.4618055555555556,0.48872180451127817,0.5112781954887218,133,0.3784722222222222,0.8514777226860427,0.6124182219870247,results/calibration_workflow/probabilities/validation_only_selection_bci4_2a_subject3_probabilities.npz
BCI IV-2a,3,swa_ema,swa_ema,0.4,0.9915801250335325,validation_confidence_quantile,validation,False,validation_selected_threshold,0.39655172413793105,1.0,0.0,0.4791666666666667,1.0,0.0,138,0.9131944444444444,0.9147215288199878,0.9150522681795403,results/calibration_workflow/probabilities/validation_only_selection_bci4_2a_subject3_probabilities.npz
BCI IV-2a,3,swa_ema,swa_ema,0.6,0.96696750750707,validation_confidence_quantile,validation,False,validation_selected_threshold,0.5862068965517241,1.0,0.0,0.6284722222222222,0.994475138121547,0.0055248618784530384,181,0.9131944444444444,0.9147215288199878,0.9150522681795403,results/calibration_workflow/probabilities/validation_only_selection_bci4_2a_subject3_probabilities.npz
BCI IV-2a,3,swa_ema,swa_ema,0.8,0.8608780693564592,validation_confidence_quantile,validation,False,validation_selected_threshold,0.7931034482758621,1.0,0.0,0.7777777777777778,0.9732142857142857,0.026785714285714284,224,0.9131944444444444,0.9147215288199878,0.9150522681795403,results/calibration_workflow/probabilities/validation_only_selection_bci4_2a_subject3_probabilities.npz
BCI IV-2a,3,swa_ema,swa_ema,0.9,0.706141775147183,validation_confidence_quantile,validation,False,validation_selected_threshold,0.896551724137931,0.9423076923076923,0.057692307692307696,0.8888888888888888,0.9609375,0.0390625,256,0.9131944444444444,0.9147215288199878,0.9150522681795403,results/calibration_workflow/probabilities/validation_only_selection_bci4_2a_subject3_probabilities.npz
BCI IV-2a,3,teacher_student_mixture,Teacher/student,0.4,0.971079104542431,validation_confidence_quantile,validation,False,validation_selected_threshold,0.39655172413793105,1.0,0.0,0.034722222222222224,1.0,0.0,10,0.9305555555555556,0.8983675265642354,0.8127368128564187,results/calibration_workflow/probabilities/validation_only_selection_bci4_2a_subject3_probabilities.npz
BCI IV-2a,3,teacher_student_mixture,Teacher/student,0.6,0.953447337645604,validation_confidence_quantile,validation,False,validation_selected_threshold,0.5862068965517241,1.0,0.0,0.0763888888888889,1.0,0.0,22,0.9305555555555556,0.8983675265642354,0.8127368128564187,results/calibration_workflow/probabilities/validation_only_selection_bci4_2a_subject3_probabilities.npz
BCI IV-2a,3,teacher_student_mixture,Teacher/student,0.8,0.8405969566729543,validation_confidence_quantile,validation,False,validation_selected_threshold,0.7931034482758621,0.9782608695652174,0.021739130434782608,0.3958333333333333,0.9824561403508771,0.017543859649122806,114,0.9305555555555556,0.8983675265642354,0.8127368128564187,results/calibration_workflow/probabilities/validation_only_selection_bci4_2a_subject3_probabilities.npz
BCI IV-2a,3,teacher_student_mixture,Teacher/student,0.9,0.6895882034949363,validation_confidence_quantile,validation,False,validation_selected_threshold,0.896551724137931,0.9615384615384616,0.038461538461538464,0.8923611111111112,0.9610894941634242,0.038910505836575876,257,0.9305555555555556,0.8983675265642354,0.8127368128564187,results/calibration_workflow/probabilities/validation_only_selection_bci4_2a_subject3_probabilities.npz
BCI IV-2a,3,validation_selected_portfolio,Portfolio,0.4,0.971079104542431,validation_confidence_quantile,validation,False,validation_selected_threshold,0.39655172413793105,1.0,0.0,0.034722222222222224,1.0,0.0,10,0.9305555555555556,0.8983675265642354,0.8127368128564187,results/paper_calibration_stats/validation_selected_portfolio/calibration_workflow/probabilities/validation_only_selection_bci4_2a_subject3_probabilities.npz
BCI IV-2a,3,validation_selected_portfolio,Portfolio,0.6,0.953447337645604,validation_confidence_quantile,validation,False,validation_selected_threshold,0.5862068965517241,1.0,0.0,0.0763888888888889,1.0,0.0,22,0.9305555555555556,0.8983675265642354,0.8127368128564187,results/paper_calibration_stats/validation_selected_portfolio/calibration_workflow/probabilities/validation_only_selection_bci4_2a_subject3_probabilities.npz
BCI IV-2a,3,validation_selected_portfolio,Portfolio,0.8,0.8405969566729543,validation_confidence_quantile,validation,False,validation_selected_threshold,0.7931034482758621,0.9782608695652174,0.021739130434782608,0.3958333333333333,0.9824561403508771,0.017543859649122806,114,0.9305555555555556,0.8983675265642354,0.8127368128564187,results/paper_calibration_stats/validation_selected_portfolio/calibration_workflow/probabilities/validation_only_selection_bci4_2a_subject3_probabilities.npz
BCI IV-2a,3,validation_selected_portfolio,Portfolio,0.9,0.6895882034949363,validation_confidence_quantile,validation,False,validation_selected_threshold,0.896551724137931,0.9615384615384616,0.038461538461538464,0.8923611111111112,0.9610894941634242,0.038910505836575876,257,0.9305555555555556,0.8983675265642354,0.8127368128564187,results/paper_calibration_stats/validation_selected_portfolio/calibration_workflow/probabilities/validation_only_selection_bci4_2a_subject3_probabilities.npz
BCI IV-2a,4,architecture,architecture,0.4,0.7654154571572201,validation_confidence_quantile,validation,False,validation_selected_threshold,0.39655172413793105,0.8695652173913043,0.13043478260869565,0.3194444444444444,0.8804347826086957,0.11956521739130435,92,0.6597222222222222,0.6874268074600492,0.6627193535959062,results/calibration_workflow/probabilities/validation_only_selection_bci4_2a_subject4_probabilities.npz
BCI IV-2a,4,architecture,architecture,0.6,0.6517780508146553,validation_confidence_quantile,validation,False,validation_selected_threshold,0.5862068965517241,0.7647058823529411,0.23529411764705882,0.4965277777777778,0.7692307692307693,0.23076923076923078,143,0.6597222222222222,0.6874268074600492,0.6627193535959062,results/calibration_workflow/probabilities/validation_only_selection_bci4_2a_subject4_probabilities.npz
BCI IV-2a,4,architecture,architecture,0.8,0.4962476156931548,validation_confidence_quantile,validation,False,validation_selected_threshold,0.7931034482758621,0.717391304347826,0.2826086956521739,0.7951388888888888,0.7248908296943232,0.27510917030567683,229,0.6597222222222222,0.6874268074600492,0.6627193535959062,results/calibration_workflow/probabilities/validation_only_selection_bci4_2a_subject4_probabilities.npz
BCI IV-2a,4,architecture,architecture,0.9,0.42100924253463745,validation_confidence_quantile,validation,False,validation_selected_threshold,0.896551724137931,0.6730769230769231,0.3269230769230769,0.9027777777777778,0.6961538461538461,0.3038461538461538,260,0.6597222222222222,0.6874268074600492,0.6627193535959062,results/calibration_workflow/probabilities/validation_only_selection_bci4_2a_subject4_probabilities.npz
BCI IV-2a,4,augmentation,Augmentation,0.4,0.691924558901491,validation_confidence_quantile,validation,False,validation_selected_threshold,0.39655172413793105,0.8260869565217391,0.17391304347826086,0.4895833333333333,0.8936170212765957,0.10638297872340426,141,0.7152777777777778,0.6517091894202369,0.6933463514980538,results/calibration_workflow/probabilities/validation_only_selection_bci4_2a_subject4_probabilities.npz
BCI IV-2a,4,augmentation,Augmentation,0.6,0.5534179081810194,validation_confidence_quantile,validation,False,validation_selected_threshold,0.5862068965517241,0.7941176470588235,0.20588235294117646,0.7326388888888888,0.8056872037914692,0.1943127962085308,211,0.7152777777777778,0.6517091894202369,0.6933463514980538,results/calibration_workflow/probabilities/validation_only_selection_bci4_2a_subject4_probabilities.npz
BCI IV-2a,4,augmentation,Augmentation,0.8,0.48172399940033256,validation_confidence_quantile,validation,False,validation_selected_threshold,0.7931034482758621,0.7391304347826086,0.2608695652173913,0.8472222222222222,0.7663934426229508,0.2336065573770492,244,0.7152777777777778,0.6517091894202369,0.6933463514980538,results/calibration_workflow/probabilities/validation_only_selection_bci4_2a_subject4_probabilities.npz
BCI IV-2a,4,augmentation,Augmentation,0.9,0.4539172905132427,validation_confidence_quantile,validation,False,validation_selected_threshold,0.896551724137931,0.7115384615384616,0.28846153846153844,0.8784722222222222,0.7509881422924901,0.2490118577075099,253,0.7152777777777778,0.6517091894202369,0.6933463514980538,results/calibration_workflow/probabilities/validation_only_selection_bci4_2a_subject4_probabilities.npz
BCI IV-2a,4,baseline,Baseline,0.4,0.7089977834038519,validation_confidence_quantile,validation,False,validation_selected_threshold,0.39655172413793105,0.8260869565217391,0.17391304347826086,0.4409722222222222,0.889763779527559,0.11023622047244094,127,0.6840277777777778,0.6421244586695043,0.6798716375741758,results/calibration_workflow/probabilities/validation_only_selection_bci4_2a_subject4_probabilities.npz
BCI IV-2a,4,baseline,Baseline,0.6,0.5776230640413008,validation_confidence_quantile,validation,False,validation_selected_threshold,0.5862068965517241,0.7647058823529411,0.23529411764705882,0.6840277777777778,0.8071065989847716,0.19289340101522842,197,0.6840277777777778,0.6421244586695043,0.6798716375741758,results/calibration_workflow/probabilities/validation_only_selection_bci4_2a_subject4_probabilities.npz
BCI IV-2a,4,baseline,Baseline,0.8,0.49759301913971465,validation_confidence_quantile,validation,False,validation_selected_threshold,0.7931034482758621,0.6956521739130435,0.30434782608695654,0.8020833333333334,0.7575757575757576,0.24242424242424243,231,0.6840277777777778,0.6421244586695043,0.6798716375741758,results/calibration_workflow/probabilities/validation_only_selection_bci4_2a_subject4_probabilities.npz
BCI IV-2a,4,baseline,Baseline,0.9,0.43896094291628107,validation_confidence_quantile,validation,False,validation_selected_threshold,0.896551724137931,0.6538461538461539,0.34615384615384615,0.8888888888888888,0.73828125,0.26171875,256,0.6840277777777778,0.6421244586695043,0.6798716375741758,results/calibration_workflow/probabilities/validation_only_selection_bci4_2a_subject4_probabilities.npz
BCI IV-2a,4,brier_loss,brier_loss,0.4,0.7035934250400205,validation_confidence_quantile,validation,False,validation_selected_threshold,0.39655172413793105,0.8260869565217391,0.17391304347826086,0.4652777777777778,0.8656716417910447,0.13432835820895522,134,0.6875,0.6442436909829051,0.6821017245397358,results/calibration_workflow/probabilities/validation_only_selection_bci4_2a_subject4_probabilities.npz
BCI IV-2a,4,brier_loss,brier_loss,0.6,0.5954980351228413,validation_confidence_quantile,validation,False,validation_selected_threshold,0.5862068965517241,0.7647058823529411,0.23529411764705882,0.6493055555555556,0.8235294117647058,0.17647058823529413,187,0.6875,0.6442436909829051,0.6821017245397358,results/calibration_workflow/probabilities/validation_only_selection_bci4_2a_subject4_probabilities.npz
BCI IV-2a,4,brier_loss,brier_loss,0.8,0.5045173093003436,validation_confidence_quantile,validation,False,validation_selected_threshold,0.7931034482758621,0.6956521739130435,0.30434782608695654,0.7951388888888888,0.7641921397379913,0.23580786026200873,229,0.6875,0.6442436909829051,0.6821017245397358,results/calibration_workflow/probabilities/validation_only_selection_bci4_2a_subject4_probabilities.npz
BCI IV-2a,4,brier_loss,brier_loss,0.9,0.4445795350584457,validation_confidence_quantile,validation,False,validation_selected_threshold,0.896551724137931,0.6730769230769231,0.3269230769230769,0.8854166666666666,0.7450980392156863,0.2549019607843137,255,0.6875,0.6442436909829051,0.6821017245397358,results/calibration_workflow/probabilities/validation_only_selection_bci4_2a_subject4_probabilities.npz
BCI IV-2a,4,calibration_checkpoint,calibration_checkpoint,0.4,0.6838818890434785,validation_confidence_quantile,validation,False,validation_selected_threshold,0.39655172413793105,0.6956521739130435,0.30434782608695654,0.4097222222222222,0.8813559322033898,0.11864406779661017,118,0.6805555555555556,0.6184822564788348,0.6454524740831863,results/calibration_workflow/probabilities/validation_only_selection_bci4_2a_subject4_probabilities.npz
BCI IV-2a,4,calibration_checkpoint,calibration_checkpoint,0.6,0.5440480668541188,validation_confidence_quantile,validation,False,validation_selected_threshold,0.5862068965517241,0.6764705882352942,0.3235294117647059,0.6597222222222222,0.8052631578947368,0.19473684210526315,190,0.6805555555555556,0.6184822564788348,0.6454524740831863,results/calibration_workflow/probabilities/validation_only_selection_bci4_2a_subject4_probabilities.npz
BCI IV-2a,4,calibration_checkpoint,calibration_checkpoint,0.8,0.472607432915629,validation_confidence_quantile,validation,False,validation_selected_threshold,0.7931034482758621,0.6739130434782609,0.32608695652173914,0.8125,0.7393162393162394,0.2606837606837607,234,0.6805555555555556,0.6184822564788348,0.6454524740831863,results/calibration_workflow/probabilities/validation_only_selection_bci4_2a_subject4_probabilities.npz
BCI IV-2a,4,calibration_checkpoint,calibration_checkpoint,0.9,0.41756391525268555,validation_confidence_quantile,validation,False,validation_selected_threshold,0.896551724137931,0.6730769230769231,0.3269230769230769,0.9236111111111112,0.7180451127819549,0.2819548872180451,266,0.6805555555555556,0.6184822564788348,0.6454524740831863,results/calibration_workflow/probabilities/validation_only_selection_bci4_2a_subject4_probabilities.npz
BCI IV-2a,4,calibration_grid,calibration_grid,0.4,0.6842236633561793,validation_confidence_quantile,validation,False,validation_selected_threshold,0.39655172413793105,0.9130434782608695,0.08695652173913043,0.4513888888888889,0.7769230769230769,0.2230769230769231,130,0.6840277777777778,0.6320902025729268,0.6666090839805359,results/calibration_workflow/probabilities/validation_only_selection_bci4_2a_subject4_probabilities.npz
BCI IV-2a,4,calibration_grid,calibration_grid,0.6,0.5633363660797138,validation_confidence_quantile,validation,False,validation_selected_threshold,0.5862068965517241,0.8529411764705882,0.14705882352941177,0.6805555555555556,0.7908163265306123,0.20918367346938777,196,0.6840277777777778,0.6320902025729268,0.6666090839805359,results/calibration_workflow/probabilities/validation_only_selection_bci4_2a_subject4_probabilities.npz
BCI IV-2a,4,calibration_grid,calibration_grid,0.8,0.4493444561958313,validation_confidence_quantile,validation,False,validation_selected_threshold,0.7931034482758621,0.7391304347826086,0.2608695652173913,0.8819444444444444,0.7244094488188977,0.2755905511811024,254,0.6840277777777778,0.6320902025729268,0.6666090839805359,results/calibration_workflow/probabilities/validation_only_selection_bci4_2a_subject4_probabilities.npz
BCI IV-2a,4,calibration_grid,calibration_grid,0.9,0.40703995400428616,validation_confidence_quantile,validation,False,validation_selected_threshold,0.896551724137931,0.6923076923076923,0.3076923076923077,0.9340277777777778,0.6988847583643123,0.30111524163568776,269,0.6840277777777778,0.6320902025729268,0.6666090839805359,results/calibration_workflow/probabilities/validation_only_selection_bci4_2a_subject4_probabilities.npz
BCI IV-2a,4,crop_aggregation,crop_aggregation,0.4,0.72610019826032,validation_confidence_quantile,validation,False,validation_selected_threshold,0.39655172413793105,0.8260869565217391,0.17391304347826086,0.4444444444444444,0.875,0.125,128,0.6875,0.648072576746487,0.689355830056938,results/calibration_workflow/probabilities/validation_only_selection_bci4_2a_subject4_probabilities.npz
BCI IV-2a,4,crop_aggregation,crop_aggregation,0.6,0.5802415652591106,validation_confidence_quantile,validation,False,validation_selected_threshold,0.5862068965517241,0.7647058823529411,0.23529411764705882,0.6875,0.8080808080808081,0.1919191919191919,198,0.6875,0.648072576746487,0.689355830056938,results/calibration_workflow/probabilities/validation_only_selection_bci4_2a_subject4_probabilities.npz
BCI IV-2a,4,crop_aggregation,crop_aggregation,0.8,0.4961593077159031,validation_confidence_quantile,validation,False,validation_selected_threshold,0.7931034482758621,0.6956521739130435,0.30434782608695654,0.8263888888888888,0.7521008403361344,0.24789915966386555,238,0.6875,0.648072576746487,0.689355830056938,results/calibration_workflow/probabilities/validation_only_selection_bci4_2a_subject4_probabilities.npz
BCI IV-2a,4,crop_aggregation,crop_aggregation,0.9,0.44174530279365737,validation_confidence_quantile,validation,False,validation_selected_threshold,0.896551724137931,0.6730769230769231,0.3269230769230769,0.8958333333333334,0.7325581395348837,0.26744186046511625,258,0.6875,0.648072576746487,0.689355830056938,results/calibration_workflow/probabilities/validation_only_selection_bci4_2a_subject4_probabilities.npz
BCI IV-2a,4,seed_ensemble,Seed ensemble,0.4,0.6986720770201706,validation_confidence_quantile,validation,False,validation_selected_threshold,0.39655172413793105,0.8695652173913043,0.13043478260869565,0.4583333333333333,0.9090909090909091,0.09090909090909091,132,0.71875,0.649289032708388,0.6839991694427536,results/calibration_workflow/probabilities/validation_only_selection_bci4_2a_subject4_probabilities.npz
BCI IV-2a,4,seed_ensemble,Seed ensemble,0.6,0.5513510765658812,validation_confidence_quantile,validation,False,validation_selected_threshold,0.5862068965517241,0.7647058823529411,0.23529411764705882,0.7430555555555556,0.7710280373831776,0.22897196261682243,214,0.71875,0.649289032708388,0.6839991694427536,results/calibration_workflow/probabilities/validation_only_selection_bci4_2a_subject4_probabilities.npz
BCI IV-2a,4,seed_ensemble,Seed ensemble,0.8,0.5065290984496001,validation_confidence_quantile,validation,False,validation_selected_threshold,0.7931034482758621,0.6956521739130435,0.30434782608695654,0.8263888888888888,0.7647058823529411,0.23529411764705882,238,0.71875,0.649289032708388,0.6839991694427536,results/calibration_workflow/probabilities/validation_only_selection_bci4_2a_subject4_probabilities.npz
BCI IV-2a,4,seed_ensemble,Seed ensemble,0.9,0.47117405778785004,validation_confidence_quantile,validation,False,validation_selected_threshold,0.896551724137931,0.6923076923076923,0.3076923076923077,0.8715277777777778,0.7569721115537849,0.24302788844621515,251,0.71875,0.649289032708388,0.6839991694427536,results/calibration_workflow/probabilities/validation_only_selection_bci4_2a_subject4_probabilities.npz
BCI IV-2a,4,stronger_teacher,stronger_teacher,0.4,0.3459895525426451,validation_confidence_quantile,validation,False,validation_selected_threshold,0.39655172413793105,0.34782608695652173,0.6521739130434783,0.9965277777777778,0.25435540069686413,0.7456445993031359,287,0.2534722222222222,0.3441811584367039,0.3884740202688142,results/calibration_workflow/probabilities/validation_only_selection_bci4_2a_subject4_probabilities.npz
BCI IV-2a,4,stronger_teacher,stronger_teacher,0.6,0.3316207528114319,validation_confidence_quantile,validation,False,validation_selected_threshold,0.5862068965517241,0.4411764705882353,0.5588235294117647,1.0,0.2534722222222222,0.7465277777777778,288,0.2534722222222222,0.3441811584367039,0.3884740202688142,results/calibration_workflow/probabilities/validation_only_selection_bci4_2a_subject4_probabilities.npz
BCI IV-2a,4,stronger_teacher,stronger_teacher,0.8,0.3185492503426857,validation_confidence_quantile,validation,False,validation_selected_threshold,0.7931034482758621,0.5,0.5,1.0,0.2534722222222222,0.7465277777777778,288,0.2534722222222222,0.3441811584367039,0.3884740202688142,results/calibration_workflow/probabilities/validation_only_selection_bci4_2a_subject4_probabilities.npz
BCI IV-2a,4,stronger_teacher,stronger_teacher,0.9,0.29726335849260327,validation_confidence_quantile,validation,False,validation_selected_threshold,0.896551724137931,0.46153846153846156,0.5384615384615384,1.0,0.2534722222222222,0.7465277777777778,288,0.2534722222222222,0.3441811584367039,0.3884740202688142,results/calibration_workflow/probabilities/validation_only_selection_bci4_2a_subject4_probabilities.npz
BCI IV-2a,4,swa_ema,swa_ema,0.4,0.711332380771637,validation_confidence_quantile,validation,False,validation_selected_threshold,0.39655172413793105,0.7391304347826086,0.2608695652173913,0.375,0.8703703703703703,0.12962962962962962,108,0.6840277777777778,0.6260269789951054,0.648429444579714,results/calibration_workflow/probabilities/validation_only_selection_bci4_2a_subject4_probabilities.npz
BCI IV-2a,4,swa_ema,swa_ema,0.6,0.5649269223213196,validation_confidence_quantile,validation,False,validation_selected_threshold,0.5862068965517241,0.7352941176470589,0.2647058823529412,0.625,0.8,0.2,180,0.6840277777777778,0.6260269789951054,0.648429444579714,results/calibration_workflow/probabilities/validation_only_selection_bci4_2a_subject4_probabilities.npz
BCI IV-2a,4,swa_ema,swa_ema,0.8,0.46050587124934095,validation_confidence_quantile,validation,False,validation_selected_threshold,0.7931034482758621,0.6521739130434783,0.34782608695652173,0.84375,0.7366255144032922,0.26337448559670784,243,0.6840277777777778,0.6260269789951054,0.648429444579714,results/calibration_workflow/probabilities/validation_only_selection_bci4_2a_subject4_probabilities.npz
BCI IV-2a,4,swa_ema,swa_ema,0.9,0.4051783024493113,validation_confidence_quantile,validation,False,validation_selected_threshold,0.896551724137931,0.6538461538461539,0.34615384615384615,0.9548611111111112,0.6981818181818182,0.3018181818181818,275,0.6840277777777778,0.6260269789951054,0.648429444579714,results/calibration_workflow/probabilities/validation_only_selection_bci4_2a_subject4_probabilities.npz
BCI IV-2a,4,teacher_student_mixture,Teacher/student,0.4,0.7089977834038519,validation_confidence_quantile,validation,False,validation_selected_threshold,0.39655172413793105,0.8260869565217391,0.17391304347826086,0.4409722222222222,0.889763779527559,0.11023622047244094,127,0.6840277777777778,0.6421244586695043,0.6798716375741758,results/calibration_workflow/probabilities/validation_only_selection_bci4_2a_subject4_probabilities.npz
BCI IV-2a,4,teacher_student_mixture,Teacher/student,0.6,0.5776230640413008,validation_confidence_quantile,validation,False,validation_selected_threshold,0.5862068965517241,0.7647058823529411,0.23529411764705882,0.6840277777777778,0.8071065989847716,0.19289340101522842,197,0.6840277777777778,0.6421244586695043,0.6798716375741758,results/calibration_workflow/probabilities/validation_only_selection_bci4_2a_subject4_probabilities.npz
BCI IV-2a,4,teacher_student_mixture,Teacher/student,0.8,0.49759301913971465,validation_confidence_quantile,validation,False,validation_selected_threshold,0.7931034482758621,0.6956521739130435,0.30434782608695654,0.8020833333333334,0.7575757575757576,0.24242424242424243,231,0.6840277777777778,0.6421244586695043,0.6798716375741758,results/calibration_workflow/probabilities/validation_only_selection_bci4_2a_subject4_probabilities.npz
BCI IV-2a,4,teacher_student_mixture,Teacher/student,0.9,0.43896094291628107,validation_confidence_quantile,validation,False,validation_selected_threshold,0.896551724137931,0.6538461538461539,0.34615384615384615,0.8888888888888888,0.73828125,0.26171875,256,0.6840277777777778,0.6421244586695043,0.6798716375741758,results/calibration_workflow/probabilities/validation_only_selection_bci4_2a_subject4_probabilities.npz
BCI IV-2a,4,validation_selected_portfolio,Portfolio,0.4,0.691924558901491,validation_confidence_quantile,validation,False,validation_selected_threshold,0.39655172413793105,0.8260869565217391,0.17391304347826086,0.4895833333333333,0.8936170212765957,0.10638297872340426,141,0.7152777777777778,0.6517091894202369,0.6933463514980538,results/paper_calibration_stats/validation_selected_portfolio/calibration_workflow/probabilities/validation_only_selection_bci4_2a_subject4_probabilities.npz
BCI IV-2a,4,validation_selected_portfolio,Portfolio,0.6,0.5534179081810194,validation_confidence_quantile,validation,False,validation_selected_threshold,0.5862068965517241,0.7941176470588235,0.20588235294117646,0.7326388888888888,0.8056872037914692,0.1943127962085308,211,0.7152777777777778,0.6517091894202369,0.6933463514980538,results/paper_calibration_stats/validation_selected_portfolio/calibration_workflow/probabilities/validation_only_selection_bci4_2a_subject4_probabilities.npz
BCI IV-2a,4,validation_selected_portfolio,Portfolio,0.8,0.48172399940033256,validation_confidence_quantile,validation,False,validation_selected_threshold,0.7931034482758621,0.7391304347826086,0.2608695652173913,0.8472222222222222,0.7663934426229508,0.2336065573770492,244,0.7152777777777778,0.6517091894202369,0.6933463514980538,results/paper_calibration_stats/validation_selected_portfolio/calibration_workflow/probabilities/validation_only_selection_bci4_2a_subject4_probabilities.npz
BCI IV-2a,4,validation_selected_portfolio,Portfolio,0.9,0.4539172905132427,validation_confidence_quantile,validation,False,validation_selected_threshold,0.896551724137931,0.7115384615384616,0.28846153846153844,0.8784722222222222,0.7509881422924901,0.2490118577075099,253,0.7152777777777778,0.6517091894202369,0.6933463514980538,results/paper_calibration_stats/validation_selected_portfolio/calibration_workflow/probabilities/validation_only_selection_bci4_2a_subject4_probabilities.npz
BCI IV-2a,5,architecture,architecture,0.4,0.7443853200916372,validation_confidence_quantile,validation,False,validation_selected_threshold,0.39655172413793105,0.9565217391304348,0.043478260869565216,0.24305555555555555,0.8428571428571429,0.15714285714285714,70,0.5381944444444444,0.6836130628431311,0.6090574269757587,results/calibration_workflow/probabilities/validation_only_selection_bci4_2a_subject5_probabilities.npz
BCI IV-2a,5,architecture,architecture,0.6,0.6317157290514349,validation_confidence_quantile,validation,False,validation_selected_threshold,0.5862068965517241,0.8235294117647058,0.17647058823529413,0.4166666666666667,0.725,0.275,120,0.5381944444444444,0.6836130628431311,0.6090574269757587,results/calibration_workflow/probabilities/validation_only_selection_bci4_2a_subject5_probabilities.npz
BCI IV-2a,5,architecture,architecture,0.8,0.5190708180175032,validation_confidence_quantile,validation,False,validation_selected_threshold,0.7931034482758621,0.717391304347826,0.2826086956521739,0.6458333333333334,0.6344086021505376,0.3655913978494624,186,0.5381944444444444,0.6836130628431311,0.6090574269757587,results/calibration_workflow/probabilities/validation_only_selection_bci4_2a_subject5_probabilities.npz
BCI IV-2a,5,architecture,architecture,0.9,0.44881242513656616,validation_confidence_quantile,validation,False,validation_selected_threshold,0.896551724137931,0.6730769230769231,0.3269230769230769,0.8159722222222222,0.6,0.4,235,0.5381944444444444,0.6836130628431311,0.6090574269757587,results/calibration_workflow/probabilities/validation_only_selection_bci4_2a_subject5_probabilities.npz
BCI IV-2a,5,augmentation,Augmentation,0.4,0.7020569851922953,validation_confidence_quantile,validation,False,validation_selected_threshold,0.39655172413793105,0.8695652173913043,0.13043478260869565,0.2881944444444444,0.7831325301204819,0.21686746987951808,83,0.5555555555555556,0.6527953573180282,0.6112398528455907,results/calibration_workflow/probabilities/validation_only_selection_bci4_2a_subject5_probabilities.npz
BCI IV-2a,5,augmentation,Augmentation,0.6,0.5880821161020622,validation_confidence_quantile,validation,False,validation_selected_threshold,0.5862068965517241,0.7941176470588235,0.20588235294117646,0.53125,0.6797385620915033,0.3202614379084967,153,0.5555555555555556,0.6527953573180282,0.6112398528455907,results/calibration_workflow/probabilities/validation_only_selection_bci4_2a_subject5_probabilities.npz
BCI IV-2a,5,augmentation,Augmentation,0.8,0.48043837785394206,validation_confidence_quantile,validation,False,validation_selected_threshold,0.7931034482758621,0.717391304347826,0.2826086956521739,0.7534722222222222,0.6267281105990783,0.37327188940092165,217,0.5555555555555556,0.6527953573180282,0.6112398528455907,results/calibration_workflow/probabilities/validation_only_selection_bci4_2a_subject5_probabilities.npz
BCI IV-2a,5,augmentation,Augmentation,0.9,0.4606429372775773,validation_confidence_quantile,validation,False,validation_selected_threshold,0.896551724137931,0.6538461538461539,0.34615384615384615,0.7881944444444444,0.6211453744493393,0.3788546255506608,227,0.5555555555555556,0.6527953573180282,0.6112398528455907,results/calibration_workflow/probabilities/validation_only_selection_bci4_2a_subject5_probabilities.npz
BCI IV-2a,5,baseline,Baseline,0.4,0.7020569851922953,validation_confidence_quantile,validation,False,validation_selected_threshold,0.39655172413793105,0.8695652173913043,0.13043478260869565,0.2881944444444444,0.7831325301204819,0.21686746987951808,83,0.5555555555555556,0.6527953573180282,0.6112398528455907,results/calibration_workflow/probabilities/validation_only_selection_bci4_2a_subject5_probabilities.npz
BCI IV-2a,5,baseline,Baseline,0.6,0.5880821161020622,validation_confidence_quantile,validation,False,validation_selected_threshold,0.5862068965517241,0.7941176470588235,0.20588235294117646,0.53125,0.6797385620915033,0.3202614379084967,153,0.5555555555555556,0.6527953573180282,0.6112398528455907,results/calibration_workflow/probabilities/validation_only_selection_bci4_2a_subject5_probabilities.npz
BCI IV-2a,5,baseline,Baseline,0.8,0.48043837785394206,validation_confidence_quantile,validation,False,validation_selected_threshold,0.7931034482758621,0.717391304347826,0.2826086956521739,0.7534722222222222,0.6267281105990783,0.37327188940092165,217,0.5555555555555556,0.6527953573180282,0.6112398528455907,results/calibration_workflow/probabilities/validation_only_selection_bci4_2a_subject5_probabilities.npz
BCI IV-2a,5,baseline,Baseline,0.9,0.4606429372775773,validation_confidence_quantile,validation,False,validation_selected_threshold,0.896551724137931,0.6538461538461539,0.34615384615384615,0.7881944444444444,0.6211453744493393,0.3788546255506608,227,0.5555555555555556,0.6527953573180282,0.6112398528455907,results/calibration_workflow/probabilities/validation_only_selection_bci4_2a_subject5_probabilities.npz
BCI IV-2a,5,brier_loss,brier_loss,0.4,0.7020569851922953,validation_confidence_quantile,validation,False,validation_selected_threshold,0.39655172413793105,0.8695652173913043,0.13043478260869565,0.2881944444444444,0.7831325301204819,0.21686746987951808,83,0.5555555555555556,0.6527953573180282,0.6112398528455907,results/calibration_workflow/probabilities/validation_only_selection_bci4_2a_subject5_probabilities.npz
BCI IV-2a,5,brier_loss,brier_loss,0.6,0.5880821161020622,validation_confidence_quantile,validation,False,validation_selected_threshold,0.5862068965517241,0.7941176470588235,0.20588235294117646,0.53125,0.6797385620915033,0.3202614379084967,153,0.5555555555555556,0.6527953573180282,0.6112398528455907,results/calibration_workflow/probabilities/validation_only_selection_bci4_2a_subject5_probabilities.npz
BCI IV-2a,5,brier_loss,brier_loss,0.8,0.48043837785394206,validation_confidence_quantile,validation,False,validation_selected_threshold,0.7931034482758621,0.717391304347826,0.2826086956521739,0.7534722222222222,0.6267281105990783,0.37327188940092165,217,0.5555555555555556,0.6527953573180282,0.6112398528455907,results/calibration_workflow/probabilities/validation_only_selection_bci4_2a_subject5_probabilities.npz
BCI IV-2a,5,brier_loss,brier_loss,0.9,0.4606429372775773,validation_confidence_quantile,validation,False,validation_selected_threshold,0.896551724137931,0.6538461538461539,0.34615384615384615,0.7881944444444444,0.6211453744493393,0.3788546255506608,227,0.5555555555555556,0.6527953573180282,0.6112398528455907,results/calibration_workflow/probabilities/validation_only_selection_bci4_2a_subject5_probabilities.npz
BCI IV-2a,5,calibration_checkpoint,calibration_checkpoint,0.4,0.708294569126713,validation_confidence_quantile,validation,False,validation_selected_threshold,0.39655172413793105,0.8695652173913043,0.13043478260869565,0.2847222222222222,0.7317073170731707,0.2682926829268293,82,0.5555555555555556,0.652224994849822,0.5907421640955001,results/calibration_workflow/probabilities/validation_only_selection_bci4_2a_subject5_probabilities.npz
BCI IV-2a,5,calibration_checkpoint,calibration_checkpoint,0.6,0.622946136188364,validation_confidence_quantile,validation,False,validation_selected_threshold,0.5862068965517241,0.8235294117647058,0.17647058823529413,0.3993055555555556,0.7130434782608696,0.28695652173913044,115,0.5555555555555556,0.652224994849822,0.5907421640955001,results/calibration_workflow/probabilities/validation_only_selection_bci4_2a_subject5_probabilities.npz
BCI IV-2a,5,calibration_checkpoint,calibration_checkpoint,0.8,0.49527891766931537,validation_confidence_quantile,validation,False,validation_selected_threshold,0.7931034482758621,0.7391304347826086,0.2608695652173913,0.6493055555555556,0.6310160427807486,0.3689839572192513,187,0.5555555555555556,0.652224994849822,0.5907421640955001,results/calibration_workflow/probabilities/validation_only_selection_bci4_2a_subject5_probabilities.npz
BCI IV-2a,5,calibration_checkpoint,calibration_checkpoint,0.9,0.47980026125610264,validation_confidence_quantile,validation,False,validation_selected_threshold,0.896551724137931,0.7307692307692307,0.2692307692307692,0.6875,0.6262626262626263,0.37373737373737376,198,0.5555555555555556,0.652224994849822,0.5907421640955001,results/calibration_workflow/probabilities/validation_only_selection_bci4_2a_subject5_probabilities.npz
BCI IV-2a,5,calibration_grid,calibration_grid,0.4,0.6700388642531696,validation_confidence_quantile,validation,False,validation_selected_threshold,0.39655172413793105,0.9130434782608695,0.08695652173913043,0.3541666666666667,0.6764705882352942,0.3235294117647059,102,0.5208333333333334,0.6672510419326967,0.6270291683647522,results/calibration_workflow/probabilities/validation_only_selection_bci4_2a_subject5_probabilities.npz
BCI IV-2a,5,calibration_grid,calibration_grid,0.6,0.5769446370626126,validation_confidence_quantile,validation,False,validation_selected_threshold,0.5862068965517241,0.8235294117647058,0.17647058823529413,0.5069444444444444,0.6301369863013698,0.3698630136986301,146,0.5208333333333334,0.6672510419326967,0.6270291683647522,results/calibration_workflow/probabilities/validation_only_selection_bci4_2a_subject5_probabilities.npz
BCI IV-2a,5,calibration_grid,calibration_grid,0.8,0.48981729970938653,validation_confidence_quantile,validation,False,validation_selected_threshold,0.7931034482758621,0.7608695652173914,0.2391304347826087,0.6944444444444444,0.585,0.415,200,0.5208333333333334,0.6672510419326967,0.6270291683647522,results/calibration_workflow/probabilities/validation_only_selection_bci4_2a_subject5_probabilities.npz
BCI IV-2a,5,calibration_grid,calibration_grid,0.9,0.463806755301457,validation_confidence_quantile,validation,False,validation_selected_threshold,0.896551724137931,0.75,0.25,0.7673611111111112,0.5610859728506787,0.43891402714932126,221,0.5208333333333334,0.6672510419326967,0.6270291683647522,results/calibration_workflow/probabilities/validation_only_selection_bci4_2a_subject5_probabilities.npz
BCI IV-2a,5,crop_aggregation,crop_aggregation,0.4,0.7020569851922953,validation_confidence_quantile,validation,False,validation_selected_threshold,0.39655172413793105,0.8695652173913043,0.13043478260869565,0.2881944444444444,0.7831325301204819,0.21686746987951808,83,0.5555555555555556,0.6527953573180282,0.6112398528455907,results/calibration_workflow/probabilities/validation_only_selection_bci4_2a_subject5_probabilities.npz
BCI IV-2a,5,crop_aggregation,crop_aggregation,0.6,0.5880821161020622,validation_confidence_quantile,validation,False,validation_selected_threshold,0.5862068965517241,0.7941176470588235,0.20588235294117646,0.53125,0.6797385620915033,0.3202614379084967,153,0.5555555555555556,0.6527953573180282,0.6112398528455907,results/calibration_workflow/probabilities/validation_only_selection_bci4_2a_subject5_probabilities.npz
BCI IV-2a,5,crop_aggregation,crop_aggregation,0.8,0.48043837785394206,validation_confidence_quantile,validation,False,validation_selected_threshold,0.7931034482758621,0.717391304347826,0.2826086956521739,0.7534722222222222,0.6267281105990783,0.37327188940092165,217,0.5555555555555556,0.6527953573180282,0.6112398528455907,results/calibration_workflow/probabilities/validation_only_selection_bci4_2a_subject5_probabilities.npz
BCI IV-2a,5,crop_aggregation,crop_aggregation,0.9,0.4606429372775773,validation_confidence_quantile,validation,False,validation_selected_threshold,0.896551724137931,0.6538461538461539,0.34615384615384615,0.7881944444444444,0.6211453744493393,0.3788546255506608,227,0.5555555555555556,0.6527953573180282,0.6112398528455907,results/calibration_workflow/probabilities/validation_only_selection_bci4_2a_subject5_probabilities.npz
BCI IV-2a,5,seed_ensemble,Seed ensemble,0.4,0.7492286416387172,validation_confidence_quantile,validation,False,validation_selected_threshold,0.39655172413793105,0.9130434782608695,0.08695652173913043,0.22916666666666666,0.7272727272727273,0.2727272727272727,66,0.5520833333333334,0.6593043532614465,0.6045687115739441,results/calibration_workflow/probabilities/validation_only_selection_bci4_2a_subject5_probabilities.npz
BCI IV-2a,5,seed_ensemble,Seed ensemble,0.6,0.5895123569594675,validation_confidence_quantile,validation,False,validation_selected_threshold,0.5862068965517241,0.7352941176470589,0.2647058823529412,0.4826388888888889,0.6618705035971223,0.3381294964028777,139,0.5520833333333334,0.6593043532614465,0.6045687115739441,results/calibration_workflow/probabilities/validation_only_selection_bci4_2a_subject5_probabilities.npz
BCI IV-2a,5,seed_ensemble,Seed ensemble,0.8,0.49590420722961426,validation_confidence_quantile,validation,False,validation_selected_threshold,0.7931034482758621,0.6956521739130435,0.30434782608695654,0.6979166666666666,0.6169154228855721,0.38308457711442784,201,0.5520833333333334,0.6593043532614465,0.6045687115739441,results/calibration_workflow/probabilities/validation_only_selection_bci4_2a_subject5_probabilities.npz
BCI IV-2a,5,seed_ensemble,Seed ensemble,0.9,0.46460136681959,validation_confidence_quantile,validation,False,validation_selected_threshold,0.896551724137931,0.6538461538461539,0.34615384615384615,0.7743055555555556,0.6053811659192825,0.39461883408071746,223,0.5520833333333334,0.6593043532614465,0.6045687115739441,results/calibration_workflow/probabilities/validation_only_selection_bci4_2a_subject5_probabilities.npz
BCI IV-2a,5,stronger_teacher,stronger_teacher,0.4,0.30142009258270264,validation_confidence_quantile,validation,False,validation_selected_threshold,0.39655172413793105,0.43478260869565216,0.5652173913043478,1.0,0.25,0.75,288,0.25,0.2997543153601569,0.4156811631848099,results/calibration_workflow/probabilities/validation_only_selection_bci4_2a_subject5_probabilities.npz
BCI IV-2a,5,stronger_teacher,stronger_teacher,0.6,0.2901935577392578,validation_confidence_quantile,validation,False,validation_selected_threshold,0.5862068965517241,0.4411764705882353,0.5588235294117647,1.0,0.25,0.75,288,0.25,0.2997543153601569,0.4156811631848099,results/calibration_workflow/probabilities/validation_only_selection_bci4_2a_subject5_probabilities.npz
BCI IV-2a,5,stronger_teacher,stronger_teacher,0.8,0.27781807962331057,validation_confidence_quantile,validation,False,validation_selected_threshold,0.7931034482758621,0.43478260869565216,0.5652173913043478,1.0,0.25,0.75,288,0.25,0.2997543153601569,0.4156811631848099,results/calibration_workflow/probabilities/validation_only_selection_bci4_2a_subject5_probabilities.npz
BCI IV-2a,5,stronger_teacher,stronger_teacher,0.9,0.2677600085735321,validation_confidence_quantile,validation,False,validation_selected_threshold,0.896551724137931,0.4230769230769231,0.5769230769230769,1.0,0.25,0.75,288,0.25,0.2997543153601569,0.4156811631848099,results/calibration_workflow/probabilities/validation_only_selection_bci4_2a_subject5_probabilities.npz
BCI IV-2a,5,swa_ema,swa_ema,0.4,0.6874993315432345,validation_confidence_quantile,validation,False,validation_selected_threshold,0.39655172413793105,0.9130434782608695,0.08695652173913043,0.3298611111111111,0.7473684210526316,0.25263157894736843,95,0.5416666666666666,0.6520450482088717,0.6103886895393582,results/calibration_workflow/probabilities/validation_only_selection_bci4_2a_subject5_probabilities.npz
BCI IV-2a,5,swa_ema,swa_ema,0.6,0.6010828659019087,validation_confidence_quantile,validation,False,validation_selected_threshold,0.5862068965517241,0.7941176470588235,0.20588235294117646,0.4895833333333333,0.6879432624113475,0.3120567375886525,141,0.5416666666666666,0.6520450482088717,0.6103886895393582,results/calibration_workflow/probabilities/validation_only_selection_bci4_2a_subject5_probabilities.npz
BCI IV-2a,5,swa_ema,swa_ema,0.8,0.510933652608106,validation_confidence_quantile,validation,False,validation_selected_threshold,0.7931034482758621,0.6739130434782609,0.32608695652173914,0.6909722222222222,0.6381909547738693,0.36180904522613067,199,0.5416666666666666,0.6520450482088717,0.6103886895393582,results/calibration_workflow/probabilities/validation_only_selection_bci4_2a_subject5_probabilities.npz
BCI IV-2a,5,swa_ema,swa_ema,0.9,0.44530207582268233,validation_confidence_quantile,validation,False,validation_selected_threshold,0.896551724137931,0.6538461538461539,0.34615384615384615,0.7986111111111112,0.6,0.4,230,0.5416666666666666,0.6520450482088717,0.6103886895393582,results/calibration_workflow/probabilities/validation_only_selection_bci4_2a_subject5_probabilities.npz
BCI IV-2a,5,teacher_student_mixture,Teacher/student,0.4,0.6772671165284894,validation_confidence_quantile,validation,False,validation_selected_threshold,0.39655172413793105,0.9130434782608695,0.08695652173913043,0.2881944444444444,0.7590361445783133,0.24096385542168675,83,0.5555555555555556,0.6332289773230295,0.5944825251358395,results/calibration_workflow/probabilities/validation_only_selection_bci4_2a_subject5_probabilities.npz
BCI IV-2a,5,teacher_student_mixture,Teacher/student,0.6,0.5725688923661245,validation_confidence_quantile,validation,False,validation_selected_threshold,0.5862068965517241,0.7941176470588235,0.20588235294117646,0.53125,0.6862745098039216,0.3137254901960784,153,0.5555555555555556,0.6332289773230295,0.5944825251358395,results/calibration_workflow/probabilities/validation_only_selection_bci4_2a_subject5_probabilities.npz
BCI IV-2a,5,teacher_student_mixture,Teacher/student,0.8,0.4691793585629809,validation_confidence_quantile,validation,False,validation_selected_threshold,0.7931034482758621,0.717391304347826,0.2826086956521739,0.7569444444444444,0.6238532110091743,0.3761467889908257,218,0.5555555555555556,0.6332289773230295,0.5944825251358395,results/calibration_workflow/probabilities/validation_only_selection_bci4_2a_subject5_probabilities.npz
BCI IV-2a,5,teacher_student_mixture,Teacher/student,0.9,0.4500799527400727,validation_confidence_quantile,validation,False,validation_selected_threshold,0.896551724137931,0.6538461538461539,0.34615384615384615,0.7777777777777778,0.6205357142857143,0.3794642857142857,224,0.5555555555555556,0.6332289773230295,0.5944825251358395,results/calibration_workflow/probabilities/validation_only_selection_bci4_2a_subject5_probabilities.npz
BCI IV-2a,5,validation_selected_portfolio,Portfolio,0.4,0.6874993315432345,validation_confidence_quantile,validation,False,validation_selected_threshold,0.39655172413793105,0.9130434782608695,0.08695652173913043,0.3298611111111111,0.7473684210526316,0.25263157894736843,95,0.5416666666666666,0.6520450482088717,0.6103886895393582,results/paper_calibration_stats/validation_selected_portfolio/calibration_workflow/probabilities/validation_only_selection_bci4_2a_subject5_probabilities.npz
BCI IV-2a,5,validation_selected_portfolio,Portfolio,0.6,0.6010828659019087,validation_confidence_quantile,validation,False,validation_selected_threshold,0.5862068965517241,0.7941176470588235,0.20588235294117646,0.4895833333333333,0.6879432624113475,0.3120567375886525,141,0.5416666666666666,0.6520450482088717,0.6103886895393582,results/paper_calibration_stats/validation_selected_portfolio/calibration_workflow/probabilities/validation_only_selection_bci4_2a_subject5_probabilities.npz
BCI IV-2a,5,validation_selected_portfolio,Portfolio,0.8,0.510933652608106,validation_confidence_quantile,validation,False,validation_selected_threshold,0.7931034482758621,0.6739130434782609,0.32608695652173914,0.6909722222222222,0.6381909547738693,0.36180904522613067,199,0.5416666666666666,0.6520450482088717,0.6103886895393582,results/paper_calibration_stats/validation_selected_portfolio/calibration_workflow/probabilities/validation_only_selection_bci4_2a_subject5_probabilities.npz
BCI IV-2a,5,validation_selected_portfolio,Portfolio,0.9,0.44530207582268233,validation_confidence_quantile,validation,False,validation_selected_threshold,0.896551724137931,0.6538461538461539,0.34615384615384615,0.7986111111111112,0.6,0.4,230,0.5416666666666666,0.6520450482088717,0.6103886895393582,results/paper_calibration_stats/validation_selected_portfolio/calibration_workflow/probabilities/validation_only_selection_bci4_2a_subject5_probabilities.npz
BCI IV-2a,6,architecture,architecture,0.4,0.7039223339554754,validation_confidence_quantile,validation,False,validation_selected_threshold,0.39655172413793105,0.8695652173913043,0.13043478260869565,0.2673611111111111,0.7792207792207793,0.22077922077922077,77,0.4861111111111111,0.6399818382653362,0.5958362007650854,results/calibration_workflow/probabilities/validation_only_selection_bci4_2a_subject6_probabilities.npz
BCI IV-2a,6,architecture,architecture,0.6,0.6001709654914515,validation_confidence_quantile,validation,False,validation_selected_threshold,0.5862068965517241,0.7941176470588235,0.20588235294117646,0.4583333333333333,0.6818181818181818,0.3181818181818182,132,0.4861111111111111,0.6399818382653362,0.5958362007650854,results/calibration_workflow/probabilities/validation_only_selection_bci4_2a_subject6_probabilities.npz
BCI IV-2a,6,architecture,architecture,0.8,0.49204376339912415,validation_confidence_quantile,validation,False,validation_selected_threshold,0.7931034482758621,0.6739130434782609,0.32608695652173914,0.7013888888888888,0.5544554455445545,0.44554455445544555,202,0.4861111111111111,0.6399818382653362,0.5958362007650854,results/calibration_workflow/probabilities/validation_only_selection_bci4_2a_subject6_probabilities.npz
BCI IV-2a,6,architecture,architecture,0.9,0.44611409306526184,validation_confidence_quantile,validation,False,validation_selected_threshold,0.896551724137931,0.6730769230769231,0.3269230769230769,0.7777777777777778,0.5401785714285714,0.45982142857142855,224,0.4861111111111111,0.6399818382653362,0.5958362007650854,results/calibration_workflow/probabilities/validation_only_selection_bci4_2a_subject6_probabilities.npz
BCI IV-2a,6,augmentation,Augmentation,0.4,0.6853687903639986,validation_confidence_quantile,validation,False,validation_selected_threshold,0.39655172413793105,0.782608695652174,0.21739130434782608,0.2708333333333333,0.7435897435897436,0.2564102564102564,78,0.4861111111111111,0.6327644119733715,0.5953986861492031,results/calibration_workflow/probabilities/validation_only_selection_bci4_2a_subject6_probabilities.npz
BCI IV-2a,6,augmentation,Augmentation,0.6,0.5955662849382108,validation_confidence_quantile,validation,False,validation_selected_threshold,0.5862068965517241,0.6764705882352942,0.3235294117647059,0.4479166666666667,0.689922480620155,0.31007751937984496,129,0.4861111111111111,0.6327644119733715,0.5953986861492031,results/calibration_workflow/probabilities/validation_only_selection_bci4_2a_subject6_probabilities.npz
BCI IV-2a,6,augmentation,Augmentation,0.8,0.48962101887488013,validation_confidence_quantile,validation,False,validation_selected_threshold,0.7931034482758621,0.7391304347826086,0.2608695652173913,0.7048611111111112,0.5517241379310345,0.4482758620689655,203,0.4861111111111111,0.6327644119733715,0.5953986861492031,results/calibration_workflow/probabilities/validation_only_selection_bci4_2a_subject6_probabilities.npz
BCI IV-2a,6,augmentation,Augmentation,0.9,0.43474211964948384,validation_confidence_quantile,validation,False,validation_selected_threshold,0.896551724137931,0.7307692307692307,0.2692307692307692,0.8368055555555556,0.5311203319502075,0.46887966804979253,241,0.4861111111111111,0.6327644119733715,0.5953986861492031,results/calibration_workflow/probabilities/validation_only_selection_bci4_2a_subject6_probabilities.npz
BCI IV-2a,6,baseline,Baseline,0.4,0.6853687903639986,validation_confidence_quantile,validation,False,validation_selected_threshold,0.39655172413793105,0.782608695652174,0.21739130434782608,0.2708333333333333,0.7435897435897436,0.2564102564102564,78,0.4861111111111111,0.6327644119733715,0.5953986861492031,results/calibration_workflow/probabilities/validation_only_selection_bci4_2a_subject6_probabilities.npz
BCI IV-2a,6,baseline,Baseline,0.6,0.5955662849382108,validation_confidence_quantile,validation,False,validation_selected_threshold,0.5862068965517241,0.6764705882352942,0.3235294117647059,0.4479166666666667,0.689922480620155,0.31007751937984496,129,0.4861111111111111,0.6327644119733715,0.5953986861492031,results/calibration_workflow/probabilities/validation_only_selection_bci4_2a_subject6_probabilities.npz
BCI IV-2a,6,baseline,Baseline,0.8,0.48962101887488013,validation_confidence_quantile,validation,False,validation_selected_threshold,0.7931034482758621,0.7391304347826086,0.2608695652173913,0.7048611111111112,0.5517241379310345,0.4482758620689655,203,0.4861111111111111,0.6327644119733715,0.5953986861492031,results/calibration_workflow/probabilities/validation_only_selection_bci4_2a_subject6_probabilities.npz
BCI IV-2a,6,baseline,Baseline,0.9,0.43474211964948384,validation_confidence_quantile,validation,False,validation_selected_threshold,0.896551724137931,0.7307692307692307,0.2692307692307692,0.8368055555555556,0.5311203319502075,0.46887966804979253,241,0.4861111111111111,0.6327644119733715,0.5953986861492031,results/calibration_workflow/probabilities/validation_only_selection_bci4_2a_subject6_probabilities.npz
BCI IV-2a,6,brier_loss,brier_loss,0.4,0.6851881602088553,validation_confidence_quantile,validation,False,validation_selected_threshold,0.39655172413793105,0.782608695652174,0.21739130434782608,0.2777777777777778,0.7375,0.2625,80,0.4861111111111111,0.6326977390432708,0.5955328664534888,results/calibration_workflow/probabilities/validation_only_selection_bci4_2a_subject6_probabilities.npz
BCI IV-2a,6,brier_loss,brier_loss,0.6,0.5969653658908006,validation_confidence_quantile,validation,False,validation_selected_threshold,0.5862068965517241,0.6764705882352942,0.3235294117647059,0.4479166666666667,0.689922480620155,0.31007751937984496,129,0.4861111111111111,0.6326977390432708,0.5955328664534888,results/calibration_workflow/probabilities/validation_only_selection_bci4_2a_subject6_probabilities.npz
BCI IV-2a,6,brier_loss,brier_loss,0.8,0.4893384232247395,validation_confidence_quantile,validation,False,validation_selected_threshold,0.7931034482758621,0.7391304347826086,0.2608695652173913,0.7048611111111112,0.5517241379310345,0.4482758620689655,203,0.4861111111111111,0.6326977390432708,0.5955328664534888,results/calibration_workflow/probabilities/validation_only_selection_bci4_2a_subject6_probabilities.npz
BCI IV-2a,6,brier_loss,brier_loss,0.9,0.43737104535102844,validation_confidence_quantile,validation,False,validation_selected_threshold,0.896551724137931,0.75,0.25,0.8298611111111112,0.5355648535564853,0.46443514644351463,239,0.4861111111111111,0.6326977390432708,0.5955328664534888,results/calibration_workflow/probabilities/validation_only_selection_bci4_2a_subject6_probabilities.npz
BCI IV-2a,6,calibration_checkpoint,calibration_checkpoint,0.4,0.6853687903639986,validation_confidence_quantile,validation,False,validation_selected_threshold,0.39655172413793105,0.782608695652174,0.21739130434782608,0.2708333333333333,0.7435897435897436,0.2564102564102564,78,0.4861111111111111,0.6327644119733715,0.5953986861492031,results/calibration_workflow/probabilities/validation_only_selection_bci4_2a_subject6_probabilities.npz
BCI IV-2a,6,calibration_checkpoint,calibration_checkpoint,0.6,0.5955662849382108,validation_confidence_quantile,validation,False,validation_selected_threshold,0.5862068965517241,0.6764705882352942,0.3235294117647059,0.4479166666666667,0.689922480620155,0.31007751937984496,129,0.4861111111111111,0.6327644119733715,0.5953986861492031,results/calibration_workflow/probabilities/validation_only_selection_bci4_2a_subject6_probabilities.npz
BCI IV-2a,6,calibration_checkpoint,calibration_checkpoint,0.8,0.48962101887488013,validation_confidence_quantile,validation,False,validation_selected_threshold,0.7931034482758621,0.7391304347826086,0.2608695652173913,0.7048611111111112,0.5517241379310345,0.4482758620689655,203,0.4861111111111111,0.6327644119733715,0.5953986861492031,results/calibration_workflow/probabilities/validation_only_selection_bci4_2a_subject6_probabilities.npz
BCI IV-2a,6,calibration_checkpoint,calibration_checkpoint,0.9,0.43474211964948384,validation_confidence_quantile,validation,False,validation_selected_threshold,0.896551724137931,0.7307692307692307,0.2692307692307692,0.8368055555555556,0.5311203319502075,0.46887966804979253,241,0.4861111111111111,0.6327644119733715,0.5953986861492031,results/calibration_workflow/probabilities/validation_only_selection_bci4_2a_subject6_probabilities.npz
BCI IV-2a,6,calibration_grid,calibration_grid,0.4,0.6853687903639986,validation_confidence_quantile,validation,False,validation_selected_threshold,0.39655172413793105,0.782608695652174,0.21739130434782608,0.2708333333333333,0.7435897435897436,0.2564102564102564,78,0.4861111111111111,0.6327644119733715,0.5953986861492031,results/calibration_workflow/probabilities/validation_only_selection_bci4_2a_subject6_probabilities.npz
BCI IV-2a,6,calibration_grid,calibration_grid,0.6,0.5955662849382108,validation_confidence_quantile,validation,False,validation_selected_threshold,0.5862068965517241,0.6764705882352942,0.3235294117647059,0.4479166666666667,0.689922480620155,0.31007751937984496,129,0.4861111111111111,0.6327644119733715,0.5953986861492031,results/calibration_workflow/probabilities/validation_only_selection_bci4_2a_subject6_probabilities.npz
BCI IV-2a,6,calibration_grid,calibration_grid,0.8,0.48962101887488013,validation_confidence_quantile,validation,False,validation_selected_threshold,0.7931034482758621,0.7391304347826086,0.2608695652173913,0.7048611111111112,0.5517241379310345,0.4482758620689655,203,0.4861111111111111,0.6327644119733715,0.5953986861492031,results/calibration_workflow/probabilities/validation_only_selection_bci4_2a_subject6_probabilities.npz
BCI IV-2a,6,calibration_grid,calibration_grid,0.9,0.43474211964948384,validation_confidence_quantile,validation,False,validation_selected_threshold,0.896551724137931,0.7307692307692307,0.2692307692307692,0.8368055555555556,0.5311203319502075,0.46887966804979253,241,0.4861111111111111,0.6327644119733715,0.5953986861492031,results/calibration_workflow/probabilities/validation_only_selection_bci4_2a_subject6_probabilities.npz
BCI IV-2a,6,crop_aggregation,crop_aggregation,0.4,0.7100784990214855,validation_confidence_quantile,validation,False,validation_selected_threshold,0.39655172413793105,0.782608695652174,0.21739130434782608,0.2604166666666667,0.72,0.28,75,0.4826388888888889,0.6491323255432699,0.6052826729006127,results/calibration_workflow/probabilities/validation_only_selection_bci4_2a_subject6_probabilities.npz
BCI IV-2a,6,crop_aggregation,crop_aggregation,0.6,0.5984762750963348,validation_confidence_quantile,validation,False,validation_selected_threshold,0.5862068965517241,0.7058823529411765,0.29411764705882354,0.46875,0.674074074074074,0.32592592592592595,135,0.4826388888888889,0.6491323255432699,0.6052826729006127,results/calibration_workflow/probabilities/validation_only_selection_bci4_2a_subject6_probabilities.npz
BCI IV-2a,6,crop_aggregation,crop_aggregation,0.8,0.519997469782867,validation_confidence_quantile,validation,False,validation_selected_threshold,0.7931034482758621,0.717391304347826,0.2826086956521739,0.6527777777777778,0.5638297872340425,0.43617021276595747,188,0.4826388888888889,0.6491323255432699,0.6052826729006127,results/calibration_workflow/probabilities/validation_only_selection_bci4_2a_subject6_probabilities.npz
BCI IV-2a,6,crop_aggregation,crop_aggregation,0.9,0.4468933675206703,validation_confidence_quantile,validation,False,validation_selected_threshold,0.896551724137931,0.7115384615384616,0.28846153846153844,0.8125,0.5427350427350427,0.45726495726495725,234,0.4826388888888889,0.6491323255432699,0.6052826729006127,results/calibration_workflow/probabilities/validation_only_selection_bci4_2a_subject6_probabilities.npz
BCI IV-2a,6,seed_ensemble,Seed ensemble,0.4,0.680160641670227,validation_confidence_quantile,validation,False,validation_selected_threshold,0.39655172413793105,0.8260869565217391,0.17391304347826086,0.3159722222222222,0.7362637362637363,0.26373626373626374,91,0.4826388888888889,0.6363209676268113,0.5968095179265123,results/calibration_workflow/probabilities/validation_only_selection_bci4_2a_subject6_probabilities.npz
BCI IV-2a,6,seed_ensemble,Seed ensemble,0.6,0.5847671540861256,validation_confidence_quantile,validation,False,validation_selected_threshold,0.5862068965517241,0.7647058823529411,0.23529411764705882,0.4722222222222222,0.6323529411764706,0.36764705882352944,136,0.4826388888888889,0.6363209676268113,0.5968095179265123,results/calibration_workflow/probabilities/validation_only_selection_bci4_2a_subject6_probabilities.npz
BCI IV-2a,6,seed_ensemble,Seed ensemble,0.8,0.5270218135337126,validation_confidence_quantile,validation,False,validation_selected_threshold,0.7931034482758621,0.717391304347826,0.2826086956521739,0.5798611111111112,0.5868263473053892,0.41317365269461076,167,0.4826388888888889,0.6363209676268113,0.5968095179265123,results/calibration_workflow/probabilities/validation_only_selection_bci4_2a_subject6_probabilities.npz
BCI IV-2a,6,seed_ensemble,Seed ensemble,0.9,0.43061505946116413,validation_confidence_quantile,validation,False,validation_selected_threshold,0.896551724137931,0.7115384615384616,0.28846153846153844,0.8194444444444444,0.5423728813559322,0.4576271186440678,236,0.4826388888888889,0.6363209676268113,0.5968095179265123,results/calibration_workflow/probabilities/validation_only_selection_bci4_2a_subject6_probabilities.npz
BCI IV-2a,6,stronger_teacher,stronger_teacher,0.4,0.33409905931501177,validation_confidence_quantile,validation,False,validation_selected_threshold,0.39655172413793105,0.6086956521739131,0.391304347826087,0.4722222222222222,0.4117647058823529,0.5882352941176471,136,0.4409722222222222,0.323387182618201,0.3381669395440829,results/calibration_workflow/probabilities/validation_only_selection_bci4_2a_subject6_probabilities.npz
BCI IV-2a,6,stronger_teacher,stronger_teacher,0.6,0.314731627702713,validation_confidence_quantile,validation,False,validation_selected_threshold,0.5862068965517241,0.6470588235294118,0.35294117647058826,0.6215277777777778,0.43575418994413406,0.5642458100558659,179,0.4409722222222222,0.323387182618201,0.3381669395440829,results/calibration_workflow/probabilities/validation_only_selection_bci4_2a_subject6_probabilities.npz
BCI IV-2a,6,stronger_teacher,stronger_teacher,0.8,0.2956193641480898,validation_confidence_quantile,validation,False,validation_selected_threshold,0.7931034482758621,0.6739130434782609,0.32608695652173914,0.8090277777777778,0.45064377682403434,0.5493562231759657,233,0.4409722222222222,0.323387182618201,0.3381669395440829,results/calibration_workflow/probabilities/validation_only_selection_bci4_2a_subject6_probabilities.npz
BCI IV-2a,6,stronger_teacher,stronger_teacher,0.9,0.2814108431339264,validation_confidence_quantile,validation,False,validation_selected_threshold,0.896551724137931,0.6346153846153846,0.36538461538461536,0.9166666666666666,0.4318181818181818,0.5681818181818182,264,0.4409722222222222,0.323387182618201,0.3381669395440829,results/calibration_workflow/probabilities/validation_only_selection_bci4_2a_subject6_probabilities.npz
BCI IV-2a,6,swa_ema,swa_ema,0.4,0.6395396625969912,validation_confidence_quantile,validation,False,validation_selected_threshold,0.39655172413793105,0.782608695652174,0.21739130434782608,0.3506944444444444,0.693069306930693,0.3069306930693069,101,0.4756944444444444,0.6180110687096589,0.5884064953045797,results/calibration_workflow/probabilities/validation_only_selection_bci4_2a_subject6_probabilities.npz
BCI IV-2a,6,swa_ema,swa_ema,0.6,0.5844539403915405,validation_confidence_quantile,validation,False,validation_selected_threshold,0.5862068965517241,0.6764705882352942,0.3235294117647059,0.4409722222222222,0.6456692913385826,0.3543307086614173,127,0.4756944444444444,0.6180110687096589,0.5884064953045797,results/calibration_workflow/probabilities/validation_only_selection_bci4_2a_subject6_probabilities.npz
BCI IV-2a,6,swa_ema,swa_ema,0.8,0.49687677251639384,validation_confidence_quantile,validation,False,validation_selected_threshold,0.7931034482758621,0.717391304347826,0.2826086956521739,0.6493055555555556,0.5614973262032086,0.4385026737967914,187,0.4756944444444444,0.6180110687096589,0.5884064953045797,results/calibration_workflow/probabilities/validation_only_selection_bci4_2a_subject6_probabilities.npz
BCI IV-2a,6,swa_ema,swa_ema,0.9,0.4238117039203644,validation_confidence_quantile,validation,False,validation_selected_threshold,0.896551724137931,0.7115384615384616,0.28846153846153844,0.8611111111111112,0.5161290322580645,0.4838709677419355,248,0.4756944444444444,0.6180110687096589,0.5884064953045797,results/calibration_workflow/probabilities/validation_only_selection_bci4_2a_subject6_probabilities.npz
BCI IV-2a,6,teacher_student_mixture,Teacher/student,0.4,0.6666396098838842,validation_confidence_quantile,validation,False,validation_selected_threshold,0.39655172413793105,0.782608695652174,0.21739130434782608,0.2743055555555556,0.7341772151898734,0.26582278481012656,79,0.4861111111111111,0.6156945816444899,0.5790044777784037,results/calibration_workflow/probabilities/validation_only_selection_bci4_2a_subject6_probabilities.npz
BCI IV-2a,6,teacher_student_mixture,Teacher/student,0.6,0.5817273367518063,validation_confidence_quantile,validation,False,validation_selected_threshold,0.5862068965517241,0.6764705882352942,0.3235294117647059,0.4444444444444444,0.6875,0.3125,128,0.4861111111111111,0.6156945816444899,0.5790044777784037,results/calibration_workflow/probabilities/validation_only_selection_bci4_2a_subject6_probabilities.npz
BCI IV-2a,6,teacher_student_mixture,Teacher/student,0.8,0.4821445715746965,validation_confidence_quantile,validation,False,validation_selected_threshold,0.7931034482758621,0.7391304347826086,0.2608695652173913,0.7013888888888888,0.5495049504950495,0.4504950495049505,202,0.4861111111111111,0.6156945816444899,0.5790044777784037,results/calibration_workflow/probabilities/validation_only_selection_bci4_2a_subject6_probabilities.npz
BCI IV-2a,6,teacher_student_mixture,Teacher/student,0.9,0.4275421106619661,validation_confidence_quantile,validation,False,validation_selected_threshold,0.896551724137931,0.75,0.25,0.8298611111111112,0.5355648535564853,0.46443514644351463,239,0.4861111111111111,0.6156945816444899,0.5790044777784037,results/calibration_workflow/probabilities/validation_only_selection_bci4_2a_subject6_probabilities.npz
BCI IV-2a,6,validation_selected_portfolio,Portfolio,0.4,0.7100784990214855,validation_confidence_quantile,validation,False,validation_selected_threshold,0.39655172413793105,0.782608695652174,0.21739130434782608,0.2604166666666667,0.72,0.28,75,0.4826388888888889,0.6491323255432699,0.6052826729006127,results/paper_calibration_stats/validation_selected_portfolio/calibration_workflow/probabilities/validation_only_selection_bci4_2a_subject6_probabilities.npz
BCI IV-2a,6,validation_selected_portfolio,Portfolio,0.6,0.5984762750963348,validation_confidence_quantile,validation,False,validation_selected_threshold,0.5862068965517241,0.7058823529411765,0.29411764705882354,0.46875,0.674074074074074,0.32592592592592595,135,0.4826388888888889,0.6491323255432699,0.6052826729006127,results/paper_calibration_stats/validation_selected_portfolio/calibration_workflow/probabilities/validation_only_selection_bci4_2a_subject6_probabilities.npz
BCI IV-2a,6,validation_selected_portfolio,Portfolio,0.8,0.519997469782867,validation_confidence_quantile,validation,False,validation_selected_threshold,0.7931034482758621,0.717391304347826,0.2826086956521739,0.6527777777777778,0.5638297872340425,0.43617021276595747,188,0.4826388888888889,0.6491323255432699,0.6052826729006127,results/paper_calibration_stats/validation_selected_portfolio/calibration_workflow/probabilities/validation_only_selection_bci4_2a_subject6_probabilities.npz
BCI IV-2a,6,validation_selected_portfolio,Portfolio,0.9,0.4468933675206703,validation_confidence_quantile,validation,False,validation_selected_threshold,0.896551724137931,0.7115384615384616,0.28846153846153844,0.8125,0.5427350427350427,0.45726495726495725,234,0.4826388888888889,0.6491323255432699,0.6052826729006127,results/paper_calibration_stats/validation_selected_portfolio/calibration_workflow/probabilities/validation_only_selection_bci4_2a_subject6_probabilities.npz
BCI IV-2a,7,architecture,architecture,0.4,0.9988787191451587,validation_confidence_quantile,validation,False,validation_selected_threshold,0.39655172413793105,1.0,0.0,0.5243055555555556,0.9602649006622517,0.039735099337748346,151,0.8263888888888888,0.9264512024383802,0.9390273226385687,results/calibration_workflow/probabilities/validation_only_selection_bci4_2a_subject7_probabilities.npz
BCI IV-2a,7,architecture,architecture,0.6,0.9843157997439991,validation_confidence_quantile,validation,False,validation_selected_threshold,0.5862068965517241,1.0,0.0,0.6701388888888888,0.9326424870466321,0.06735751295336788,193,0.8263888888888888,0.9264512024383802,0.9390273226385687,results/calibration_workflow/probabilities/validation_only_selection_bci4_2a_subject7_probabilities.npz
BCI IV-2a,7,architecture,architecture,0.8,0.9098992943763733,validation_confidence_quantile,validation,False,validation_selected_threshold,0.7931034482758621,0.9782608695652174,0.021739130434782608,0.8020833333333334,0.8787878787878788,0.12121212121212122,231,0.8263888888888888,0.9264512024383802,0.9390273226385687,results/calibration_workflow/probabilities/validation_only_selection_bci4_2a_subject7_probabilities.npz
BCI IV-2a,7,architecture,architecture,0.9,0.7082198257493195,validation_confidence_quantile,validation,False,validation_selected_threshold,0.896551724137931,0.9615384615384616,0.038461538461538464,0.9201388888888888,0.8452830188679246,0.15471698113207547,265,0.8263888888888888,0.9264512024383802,0.9390273226385687,results/calibration_workflow/probabilities/validation_only_selection_bci4_2a_subject7_probabilities.npz
BCI IV-2a,7,augmentation,Augmentation,0.4,0.9828822625558447,validation_confidence_quantile,validation,False,validation_selected_threshold,0.39655172413793105,1.0,0.0,0.5277777777777778,0.9210526315789473,0.07894736842105263,152,0.8125,0.8824325899347761,0.9129976740209587,results/calibration_workflow/probabilities/validation_only_selection_bci4_2a_subject7_probabilities.npz
BCI IV-2a,7,augmentation,Augmentation,0.6,0.9379014392302221,validation_confidence_quantile,validation,False,validation_selected_threshold,0.5862068965517241,1.0,0.0,0.6458333333333334,0.9032258064516129,0.0967741935483871,186,0.8125,0.8824325899347761,0.9129976740209587,results/calibration_workflow/probabilities/validation_only_selection_bci4_2a_subject7_probabilities.npz
BCI IV-2a,7,augmentation,Augmentation,0.8,0.7508041444171163,validation_confidence_quantile,validation,False,validation_selected_threshold,0.7931034482758621,0.9347826086956522,0.06521739130434782,0.8576388888888888,0.854251012145749,0.145748987854251,247,0.8125,0.8824325899347761,0.9129976740209587,results/calibration_workflow/probabilities/validation_only_selection_bci4_2a_subject7_probabilities.npz
BCI IV-2a,7,augmentation,Augmentation,0.9,0.6309545192912384,validation_confidence_quantile,validation,False,validation_selected_threshold,0.896551724137931,0.9038461538461539,0.09615384615384616,0.9236111111111112,0.8308270676691729,0.16917293233082706,266,0.8125,0.8824325899347761,0.9129976740209587,results/calibration_workflow/probabilities/validation_only_selection_bci4_2a_subject7_probabilities.npz
BCI IV-2a,7,baseline,Baseline,0.4,0.8535942868928351,validation_confidence_quantile,validation,False,validation_selected_threshold,0.39655172413793105,0.9565217391304348,0.043478260869565216,0.5520833333333334,0.8113207547169812,0.18867924528301888,159,0.71875,0.8036952252990291,0.836809530453984,results/calibration_workflow/probabilities/validation_only_selection_bci4_2a_subject7_probabilities.npz
BCI IV-2a,7,baseline,Baseline,0.6,0.7964047266486474,validation_confidence_quantile,validation,False,validation_selected_threshold,0.5862068965517241,0.9117647058823529,0.08823529411764706,0.65625,0.7883597883597884,0.21164021164021163,189,0.71875,0.8036952252990291,0.836809530453984,results/calibration_workflow/probabilities/validation_only_selection_bci4_2a_subject7_probabilities.npz
BCI IV-2a,7,baseline,Baseline,0.8,0.6539132053909442,validation_confidence_quantile,validation,False,validation_selected_threshold,0.7931034482758621,0.8260869565217391,0.17391304347826086,0.8298611111111112,0.7489539748953975,0.2510460251046025,239,0.71875,0.8036952252990291,0.836809530453984,results/calibration_workflow/probabilities/validation_only_selection_bci4_2a_subject7_probabilities.npz
BCI IV-2a,7,baseline,Baseline,0.9,0.5795986238845423,validation_confidence_quantile,validation,False,validation_selected_threshold,0.896551724137931,0.8269230769230769,0.17307692307692307,0.8888888888888888,0.7421875,0.2578125,256,0.71875,0.8036952252990291,0.836809530453984,results/calibration_workflow/probabilities/validation_only_selection_bci4_2a_subject7_probabilities.npz
BCI IV-2a,7,brier_loss,brier_loss,0.4,0.8589685008675193,validation_confidence_quantile,validation,False,validation_selected_threshold,0.39655172413793105,0.9565217391304348,0.043478260869565216,0.5347222222222222,0.8311688311688312,0.16883116883116883,154,0.7152777777777778,0.8065321425272356,0.8366190614767921,results/calibration_workflow/probabilities/validation_only_selection_bci4_2a_subject7_probabilities.npz
BCI IV-2a,7,brier_loss,brier_loss,0.6,0.7980585728413225,validation_confidence_quantile,validation,False,validation_selected_threshold,0.5862068965517241,0.9117647058823529,0.08823529411764706,0.6458333333333334,0.7903225806451613,0.20967741935483872,186,0.7152777777777778,0.8065321425272356,0.8366190614767921,results/calibration_workflow/probabilities/validation_only_selection_bci4_2a_subject7_probabilities.npz
BCI IV-2a,7,brier_loss,brier_loss,0.8,0.6717563887024574,validation_confidence_quantile,validation,False,validation_selected_threshold,0.7931034482758621,0.8695652173913043,0.13043478260869565,0.7986111111111112,0.7565217391304347,0.24347826086956523,230,0.7152777777777778,0.8065321425272356,0.8366190614767921,results/calibration_workflow/probabilities/validation_only_selection_bci4_2a_subject7_probabilities.npz
BCI IV-2a,7,brier_loss,brier_loss,0.9,0.6200442797544342,validation_confidence_quantile,validation,False,validation_selected_threshold,0.896551724137931,0.8076923076923077,0.19230769230769232,0.8645833333333334,0.7429718875502008,0.2570281124497992,249,0.7152777777777778,0.8065321425272356,0.8366190614767921,results/calibration_workflow/probabilities/validation_only_selection_bci4_2a_subject7_probabilities.npz
BCI IV-2a,7,calibration_checkpoint,calibration_checkpoint,0.4,0.842225443377305,validation_confidence_quantile,validation,False,validation_selected_threshold,0.39655172413793105,0.9130434782608695,0.08695652173913043,0.5069444444444444,0.863013698630137,0.136986301369863,146,0.71875,0.7928605673386554,0.8201813216488603,results/calibration_workflow/probabilities/validation_only_selection_bci4_2a_subject7_probabilities.npz
BCI IV-2a,7,calibration_checkpoint,calibration_checkpoint,0.6,0.7882147253494878,validation_confidence_quantile,validation,False,validation_selected_threshold,0.5862068965517241,0.8823529411764706,0.11764705882352941,0.6284722222222222,0.8342541436464088,0.16574585635359115,181,0.71875,0.7928605673386554,0.8201813216488603,results/calibration_workflow/probabilities/validation_only_selection_bci4_2a_subject7_probabilities.npz
BCI IV-2a,7,calibration_checkpoint,calibration_checkpoint,0.8,0.6155660295399631,validation_confidence_quantile,validation,False,validation_selected_threshold,0.7931034482758621,0.8695652173913043,0.13043478260869565,0.8506944444444444,0.7591836734693878,0.24081632653061225,245,0.71875,0.7928605673386554,0.8201813216488603,results/calibration_workflow/probabilities/validation_only_selection_bci4_2a_subject7_probabilities.npz
BCI IV-2a,7,calibration_checkpoint,calibration_checkpoint,0.9,0.5496762343712501,validation_confidence_quantile,validation,False,validation_selected_threshold,0.896551724137931,0.8269230769230769,0.17307692307692307,0.9166666666666666,0.7462121212121212,0.2537878787878788,264,0.71875,0.7928605673386554,0.8201813216488603,results/calibration_workflow/probabilities/validation_only_selection_bci4_2a_subject7_probabilities.npz
BCI IV-2a,7,calibration_grid,calibration_grid,0.4,0.8535942868928351,validation_confidence_quantile,validation,False,validation_selected_threshold,0.39655172413793105,0.9565217391304348,0.043478260869565216,0.5520833333333334,0.8113207547169812,0.18867924528301888,159,0.71875,0.8036952252990291,0.836809530453984,results/calibration_workflow/probabilities/validation_only_selection_bci4_2a_subject7_probabilities.npz
BCI IV-2a,7,calibration_grid,calibration_grid,0.6,0.7964047266486474,validation_confidence_quantile,validation,False,validation_selected_threshold,0.5862068965517241,0.9117647058823529,0.08823529411764706,0.65625,0.7883597883597884,0.21164021164021163,189,0.71875,0.8036952252990291,0.836809530453984,results/calibration_workflow/probabilities/validation_only_selection_bci4_2a_subject7_probabilities.npz
BCI IV-2a,7,calibration_grid,calibration_grid,0.8,0.6539132053909442,validation_confidence_quantile,validation,False,validation_selected_threshold,0.7931034482758621,0.8260869565217391,0.17391304347826086,0.8298611111111112,0.7489539748953975,0.2510460251046025,239,0.71875,0.8036952252990291,0.836809530453984,results/calibration_workflow/probabilities/validation_only_selection_bci4_2a_subject7_probabilities.npz
BCI IV-2a,7,calibration_grid,calibration_grid,0.9,0.5795986238845423,validation_confidence_quantile,validation,False,validation_selected_threshold,0.896551724137931,0.8269230769230769,0.17307692307692307,0.8888888888888888,0.7421875,0.2578125,256,0.71875,0.8036952252990291,0.836809530453984,results/calibration_workflow/probabilities/validation_only_selection_bci4_2a_subject7_probabilities.npz
BCI IV-2a,7,crop_aggregation,crop_aggregation,0.4,0.8535942868928351,validation_confidence_quantile,validation,False,validation_selected_threshold,0.39655172413793105,0.9565217391304348,0.043478260869565216,0.5520833333333334,0.8113207547169812,0.18867924528301888,159,0.71875,0.8036952252990291,0.836809530453984,results/calibration_workflow/probabilities/validation_only_selection_bci4_2a_subject7_probabilities.npz
BCI IV-2a,7,crop_aggregation,crop_aggregation,0.6,0.7964047266486474,validation_confidence_quantile,validation,False,validation_selected_threshold,0.5862068965517241,0.9117647058823529,0.08823529411764706,0.65625,0.7883597883597884,0.21164021164021163,189,0.71875,0.8036952252990291,0.836809530453984,results/calibration_workflow/probabilities/validation_only_selection_bci4_2a_subject7_probabilities.npz
BCI IV-2a,7,crop_aggregation,crop_aggregation,0.8,0.6539132053909442,validation_confidence_quantile,validation,False,validation_selected_threshold,0.7931034482758621,0.8260869565217391,0.17391304347826086,0.8298611111111112,0.7489539748953975,0.2510460251046025,239,0.71875,0.8036952252990291,0.836809530453984,results/calibration_workflow/probabilities/validation_only_selection_bci4_2a_subject7_probabilities.npz
BCI IV-2a,7,crop_aggregation,crop_aggregation,0.9,0.5795986238845423,validation_confidence_quantile,validation,False,validation_selected_threshold,0.896551724137931,0.8269230769230769,0.17307692307692307,0.8888888888888888,0.7421875,0.2578125,256,0.71875,0.8036952252990291,0.836809530453984,results/calibration_workflow/probabilities/validation_only_selection_bci4_2a_subject7_probabilities.npz
BCI IV-2a,7,seed_ensemble,Seed ensemble,0.4,0.9283621825873543,validation_confidence_quantile,validation,False,validation_selected_threshold,0.39655172413793105,1.0,0.0,0.5104166666666666,0.8707482993197279,0.1292517006802721,147,0.7291666666666666,0.8290327082087552,0.8684844252562202,results/calibration_workflow/probabilities/validation_only_selection_bci4_2a_subject7_probabilities.npz
BCI IV-2a,7,seed_ensemble,Seed ensemble,0.6,0.8269393006120644,validation_confidence_quantile,validation,False,validation_selected_threshold,0.5862068965517241,0.9411764705882353,0.058823529411764705,0.7048611111111112,0.8177339901477833,0.18226600985221675,203,0.7291666666666666,0.8290327082087552,0.8684844252562202,results/calibration_workflow/probabilities/validation_only_selection_bci4_2a_subject7_probabilities.npz
BCI IV-2a,7,seed_ensemble,Seed ensemble,0.8,0.660251959992773,validation_confidence_quantile,validation,False,validation_selected_threshold,0.7931034482758621,0.9130434782608695,0.08695652173913043,0.8506944444444444,0.7836734693877551,0.2163265306122449,245,0.7291666666666666,0.8290327082087552,0.8684844252562202,results/calibration_workflow/probabilities/validation_only_selection_bci4_2a_subject7_probabilities.npz
BCI IV-2a,7,seed_ensemble,Seed ensemble,0.9,0.5714107212681704,validation_confidence_quantile,validation,False,validation_selected_threshold,0.896551724137931,0.8461538461538461,0.15384615384615385,0.9166666666666666,0.7651515151515151,0.23484848484848486,264,0.7291666666666666,0.8290327082087552,0.8684844252562202,results/calibration_workflow/probabilities/validation_only_selection_bci4_2a_subject7_probabilities.npz
BCI IV-2a,7,stronger_teacher,stronger_teacher,0.4,0.9593727329542774,validation_confidence_quantile,validation,False,validation_selected_threshold,0.39655172413793105,0.9565217391304348,0.043478260869565216,0.4097222222222222,0.847457627118644,0.15254237288135594,118,0.7430555555555556,0.8368145711507182,0.8484468127833744,results/calibration_workflow/probabilities/validation_only_selection_bci4_2a_subject7_probabilities.npz
BCI IV-2a,7,stronger_teacher,stronger_teacher,0.6,0.8902371054082705,validation_confidence_quantile,validation,False,validation_selected_threshold,0.5862068965517241,0.8823529411764706,0.11764705882352941,0.5416666666666666,0.8205128205128205,0.1794871794871795,156,0.7430555555555556,0.8368145711507182,0.8484468127833744,results/calibration_workflow/probabilities/validation_only_selection_bci4_2a_subject7_probabilities.npz
BCI IV-2a,7,stronger_teacher,stronger_teacher,0.8,0.6540387114177788,validation_confidence_quantile,validation,False,validation_selected_threshold,0.7931034482758621,0.8043478260869565,0.1956521739130435,0.8333333333333334,0.775,0.225,240,0.7430555555555556,0.8368145711507182,0.8484468127833744,results/calibration_workflow/probabilities/validation_only_selection_bci4_2a_subject7_probabilities.npz
BCI IV-2a,7,stronger_teacher,stronger_teacher,0.9,0.5420149539503504,validation_confidence_quantile,validation,False,validation_selected_threshold,0.896551724137931,0.75,0.25,0.9027777777777778,0.7692307692307693,0.23076923076923078,260,0.7430555555555556,0.8368145711507182,0.8484468127833744,results/calibration_workflow/probabilities/validation_only_selection_bci4_2a_subject7_probabilities.npz
BCI IV-2a,7,swa_ema,swa_ema,0.4,0.8359626823730636,validation_confidence_quantile,validation,False,validation_selected_threshold,0.39655172413793105,0.9565217391304348,0.043478260869565216,0.53125,0.8300653594771242,0.16993464052287582,153,0.7083333333333334,0.7858409275123527,0.818723205784821,results/calibration_workflow/probabilities/validation_only_selection_bci4_2a_subject7_probabilities.npz
BCI IV-2a,7,swa_ema,swa_ema,0.6,0.7617466287442893,validation_confidence_quantile,validation,False,validation_selected_threshold,0.5862068965517241,0.9117647058823529,0.08823529411764706,0.6527777777777778,0.8085106382978723,0.19148936170212766,188,0.7083333333333334,0.7858409275123527,0.818723205784821,results/calibration_workflow/probabilities/validation_only_selection_bci4_2a_subject7_probabilities.npz
BCI IV-2a,7,swa_ema,swa_ema,0.8,0.6317131532922728,validation_confidence_quantile,validation,False,validation_selected_threshold,0.7931034482758621,0.8478260869565217,0.15217391304347827,0.8263888888888888,0.7521008403361344,0.24789915966386555,238,0.7083333333333334,0.7858409275123527,0.818723205784821,results/calibration_workflow/probabilities/validation_only_selection_bci4_2a_subject7_probabilities.npz
BCI IV-2a,7,swa_ema,swa_ema,0.9,0.587991520373313,validation_confidence_quantile,validation,False,validation_selected_threshold,0.896551724137931,0.7884615384615384,0.21153846153846154,0.8784722222222222,0.7509881422924901,0.2490118577075099,253,0.7083333333333334,0.7858409275123527,0.818723205784821,results/calibration_workflow/probabilities/validation_only_selection_bci4_2a_subject7_probabilities.npz
BCI IV-2a,7,teacher_student_mixture,Teacher/student,0.4,0.8271992422282498,validation_confidence_quantile,validation,False,validation_selected_threshold,0.39655172413793105,1.0,0.0,0.4305555555555556,0.9193548387096774,0.08064516129032258,124,0.7465277777777778,0.7667677191729892,0.7783088979202462,results/calibration_workflow/probabilities/validation_only_selection_bci4_2a_subject7_probabilities.npz
BCI IV-2a,7,teacher_student_mixture,Teacher/student,0.6,0.7320958488643724,validation_confidence_quantile,validation,False,validation_selected_threshold,0.5862068965517241,0.9411764705882353,0.058823529411764705,0.5625,0.8641975308641975,0.13580246913580246,162,0.7465277777777778,0.7667677191729892,0.7783088979202462,results/calibration_workflow/probabilities/validation_only_selection_bci4_2a_subject7_probabilities.npz
BCI IV-2a,7,teacher_student_mixture,Teacher/student,0.8,0.6056479321558264,validation_confidence_quantile,validation,False,validation_selected_threshold,0.7931034482758621,0.8695652173913043,0.13043478260869565,0.7986111111111112,0.808695652173913,0.19130434782608696,230,0.7465277777777778,0.7667677191729892,0.7783088979202462,results/calibration_workflow/probabilities/validation_only_selection_bci4_2a_subject7_probabilities.npz
BCI IV-2a,7,teacher_student_mixture,Teacher/student,0.9,0.5760793266916813,validation_confidence_quantile,validation,False,validation_selected_threshold,0.896551724137931,0.8653846153846154,0.1346153846153846,0.8611111111111112,0.7862903225806451,0.21370967741935484,248,0.7465277777777778,0.7667677191729892,0.7783088979202462,results/calibration_workflow/probabilities/validation_only_selection_bci4_2a_subject7_probabilities.npz
BCI IV-2a,7,validation_selected_portfolio,Portfolio,0.4,0.9828822625558447,validation_confidence_quantile,validation,False,validation_selected_threshold,0.39655172413793105,1.0,0.0,0.5277777777777778,0.9210526315789473,0.07894736842105263,152,0.8125,0.8824325899347761,0.9129976740209587,results/paper_calibration_stats/validation_selected_portfolio/calibration_workflow/probabilities/validation_only_selection_bci4_2a_subject7_probabilities.npz
BCI IV-2a,7,validation_selected_portfolio,Portfolio,0.6,0.9379014392302221,validation_confidence_quantile,validation,False,validation_selected_threshold,0.5862068965517241,1.0,0.0,0.6458333333333334,0.9032258064516129,0.0967741935483871,186,0.8125,0.8824325899347761,0.9129976740209587,results/paper_calibration_stats/validation_selected_portfolio/calibration_workflow/probabilities/validation_only_selection_bci4_2a_subject7_probabilities.npz
BCI IV-2a,7,validation_selected_portfolio,Portfolio,0.8,0.7508041444171163,validation_confidence_quantile,validation,False,validation_selected_threshold,0.7931034482758621,0.9347826086956522,0.06521739130434782,0.8576388888888888,0.854251012145749,0.145748987854251,247,0.8125,0.8824325899347761,0.9129976740209587,results/paper_calibration_stats/validation_selected_portfolio/calibration_workflow/probabilities/validation_only_selection_bci4_2a_subject7_probabilities.npz
BCI IV-2a,7,validation_selected_portfolio,Portfolio,0.9,0.6309545192912384,validation_confidence_quantile,validation,False,validation_selected_threshold,0.896551724137931,0.9038461538461539,0.09615384615384616,0.9236111111111112,0.8308270676691729,0.16917293233082706,266,0.8125,0.8824325899347761,0.9129976740209587,results/paper_calibration_stats/validation_selected_portfolio/calibration_workflow/probabilities/validation_only_selection_bci4_2a_subject7_probabilities.npz
BCI IV-2a,8,architecture,architecture,0.4,0.9978658239589796,validation_confidence_quantile,validation,False,validation_selected_threshold,0.39655172413793105,1.0,0.0,0.2152777777777778,1.0,0.0,62,0.8229166666666666,0.9405543057664844,0.897881287112969,results/calibration_workflow/probabilities/validation_only_selection_bci4_2a_subject8_probabilities.npz
BCI IV-2a,8,architecture,architecture,0.6,0.9849292501764463,validation_confidence_quantile,validation,False,validation_selected_threshold,0.5862068965517241,1.0,0.0,0.3993055555555556,0.9478260869565217,0.05217391304347826,115,0.8229166666666666,0.9405543057664844,0.897881287112969,results/calibration_workflow/probabilities/validation_only_selection_bci4_2a_subject8_probabilities.npz
BCI IV-2a,8,architecture,architecture,0.8,0.9242771996419912,validation_confidence_quantile,validation,False,validation_selected_threshold,0.7931034482758621,1.0,0.0,0.6076388888888888,0.92,0.08,175,0.8229166666666666,0.9405543057664844,0.897881287112969,results/calibration_workflow/probabilities/validation_only_selection_bci4_2a_subject8_probabilities.npz
BCI IV-2a,8,architecture,architecture,0.9,0.7482181933825669,validation_confidence_quantile,validation,False,validation_selected_threshold,0.896551724137931,0.9615384615384616,0.038461538461538464,0.8506944444444444,0.8653061224489796,0.1346938775510204,245,0.8229166666666666,0.9405543057664844,0.897881287112969,results/calibration_workflow/probabilities/validation_only_selection_bci4_2a_subject8_probabilities.npz
BCI IV-2a,8,augmentation,Augmentation,0.4,0.98472924599461,validation_confidence_quantile,validation,False,validation_selected_threshold,0.39655172413793105,1.0,0.0,0.2222222222222222,0.984375,0.015625,64,0.8090277777777778,0.8913180371217104,0.8441385572831126,results/calibration_workflow/probabilities/validation_only_selection_bci4_2a_subject8_probabilities.npz
BCI IV-2a,8,augmentation,Augmentation,0.6,0.9570522305355317,validation_confidence_quantile,validation,False,validation_selected_threshold,0.5862068965517241,0.9705882352941176,0.029411764705882353,0.3298611111111111,0.968421052631579,0.031578947368421054,95,0.8090277777777778,0.8913180371217104,0.8441385572831126,results/calibration_workflow/probabilities/validation_only_selection_bci4_2a_subject8_probabilities.npz
BCI IV-2a,8,augmentation,Augmentation,0.8,0.8186138112182821,validation_confidence_quantile,validation,False,validation_selected_threshold,0.7931034482758621,0.9565217391304348,0.043478260869565216,0.6631944444444444,0.900523560209424,0.09947643979057591,191,0.8090277777777778,0.8913180371217104,0.8441385572831126,results/calibration_workflow/probabilities/validation_only_selection_bci4_2a_subject8_probabilities.npz
BCI IV-2a,8,augmentation,Augmentation,0.9,0.6379395720557923,validation_confidence_quantile,validation,False,validation_selected_threshold,0.896551724137931,0.9230769230769231,0.07692307692307693,0.84375,0.8477366255144033,0.1522633744855967,243,0.8090277777777778,0.8913180371217104,0.8441385572831126,results/calibration_workflow/probabilities/validation_only_selection_bci4_2a_subject8_probabilities.npz
BCI IV-2a,8,baseline,Baseline,0.4,0.98472924599461,validation_confidence_quantile,validation,False,validation_selected_threshold,0.39655172413793105,1.0,0.0,0.2222222222222222,0.984375,0.015625,64,0.8090277777777778,0.8913180371217104,0.8441385572831126,results/calibration_workflow/probabilities/validation_only_selection_bci4_2a_subject8_probabilities.npz
BCI IV-2a,8,baseline,Baseline,0.6,0.9570522305355317,validation_confidence_quantile,validation,False,validation_selected_threshold,0.5862068965517241,0.9705882352941176,0.029411764705882353,0.3298611111111111,0.968421052631579,0.031578947368421054,95,0.8090277777777778,0.8913180371217104,0.8441385572831126,results/calibration_workflow/probabilities/validation_only_selection_bci4_2a_subject8_probabilities.npz
BCI IV-2a,8,baseline,Baseline,0.8,0.8186138112182821,validation_confidence_quantile,validation,False,validation_selected_threshold,0.7931034482758621,0.9565217391304348,0.043478260869565216,0.6631944444444444,0.900523560209424,0.09947643979057591,191,0.8090277777777778,0.8913180371217104,0.8441385572831126,results/calibration_workflow/probabilities/validation_only_selection_bci4_2a_subject8_probabilities.npz
BCI IV-2a,8,baseline,Baseline,0.9,0.6379395720557923,validation_confidence_quantile,validation,False,validation_selected_threshold,0.896551724137931,0.9230769230769231,0.07692307692307693,0.84375,0.8477366255144033,0.1522633744855967,243,0.8090277777777778,0.8913180371217104,0.8441385572831126,results/calibration_workflow/probabilities/validation_only_selection_bci4_2a_subject8_probabilities.npz
BCI IV-2a,8,brier_loss,brier_loss,0.4,0.9850499631121115,validation_confidence_quantile,validation,False,validation_selected_threshold,0.39655172413793105,1.0,0.0,0.21875,0.9841269841269841,0.015873015873015872,63,0.8090277777777778,0.8921655638464802,0.8446217638780626,results/calibration_workflow/probabilities/validation_only_selection_bci4_2a_subject8_probabilities.npz
BCI IV-2a,8,brier_loss,brier_loss,0.6,0.957689987587306,validation_confidence_quantile,validation,False,validation_selected_threshold,0.5862068965517241,0.9705882352941176,0.029411764705882353,0.3333333333333333,0.9583333333333334,0.041666666666666664,96,0.8090277777777778,0.8921655638464802,0.8446217638780626,results/calibration_workflow/probabilities/validation_only_selection_bci4_2a_subject8_probabilities.npz
BCI IV-2a,8,brier_loss,brier_loss,0.8,0.8217026021082385,validation_confidence_quantile,validation,False,validation_selected_threshold,0.7931034482758621,0.9565217391304348,0.043478260869565216,0.6631944444444444,0.900523560209424,0.09947643979057591,191,0.8090277777777778,0.8921655638464802,0.8446217638780626,results/calibration_workflow/probabilities/validation_only_selection_bci4_2a_subject8_probabilities.npz
BCI IV-2a,8,brier_loss,brier_loss,0.9,0.6324791366796144,validation_confidence_quantile,validation,False,validation_selected_threshold,0.896551724137931,0.9230769230769231,0.07692307692307693,0.8472222222222222,0.8483606557377049,0.15163934426229508,244,0.8090277777777778,0.8921655638464802,0.8446217638780626,results/calibration_workflow/probabilities/validation_only_selection_bci4_2a_subject8_probabilities.npz
BCI IV-2a,8,calibration_checkpoint,calibration_checkpoint,0.4,0.98472924599461,validation_confidence_quantile,validation,False,validation_selected_threshold,0.39655172413793105,1.0,0.0,0.2222222222222222,0.984375,0.015625,64,0.8090277777777778,0.8913180371217104,0.8441385572831126,results/calibration_workflow/probabilities/validation_only_selection_bci4_2a_subject8_probabilities.npz
BCI IV-2a,8,calibration_checkpoint,calibration_checkpoint,0.6,0.9570522305355317,validation_confidence_quantile,validation,False,validation_selected_threshold,0.5862068965517241,0.9705882352941176,0.029411764705882353,0.3298611111111111,0.968421052631579,0.031578947368421054,95,0.8090277777777778,0.8913180371217104,0.8441385572831126,results/calibration_workflow/probabilities/validation_only_selection_bci4_2a_subject8_probabilities.npz
BCI IV-2a,8,calibration_checkpoint,calibration_checkpoint,0.8,0.8186138112182821,validation_confidence_quantile,validation,False,validation_selected_threshold,0.7931034482758621,0.9565217391304348,0.043478260869565216,0.6631944444444444,0.900523560209424,0.09947643979057591,191,0.8090277777777778,0.8913180371217104,0.8441385572831126,results/calibration_workflow/probabilities/validation_only_selection_bci4_2a_subject8_probabilities.npz
BCI IV-2a,8,calibration_checkpoint,calibration_checkpoint,0.9,0.6379395720557923,validation_confidence_quantile,validation,False,validation_selected_threshold,0.896551724137931,0.9230769230769231,0.07692307692307693,0.84375,0.8477366255144033,0.1522633744855967,243,0.8090277777777778,0.8913180371217104,0.8441385572831126,results/calibration_workflow/probabilities/validation_only_selection_bci4_2a_subject8_probabilities.npz
BCI IV-2a,8,calibration_grid,calibration_grid,0.4,0.9518081271033251,validation_confidence_quantile,validation,False,validation_selected_threshold,0.39655172413793105,1.0,0.0,0.2465277777777778,0.9859154929577465,0.014084507042253521,71,0.7534722222222222,0.8506937082216578,0.7958110042320432,results/calibration_workflow/probabilities/validation_only_selection_bci4_2a_subject8_probabilities.npz
BCI IV-2a,8,calibration_grid,calibration_grid,0.6,0.8624230035230732,validation_confidence_quantile,validation,False,validation_selected_threshold,0.5862068965517241,1.0,0.0,0.4444444444444444,0.90625,0.09375,128,0.7534722222222222,0.8506937082216578,0.7958110042320432,results/calibration_workflow/probabilities/validation_only_selection_bci4_2a_subject8_probabilities.npz
BCI IV-2a,8,calibration_grid,calibration_grid,0.8,0.6966635027713897,validation_confidence_quantile,validation,False,validation_selected_threshold,0.7931034482758621,0.9782608695652174,0.021739130434782608,0.7118055555555556,0.8731707317073171,0.12682926829268293,205,0.7534722222222222,0.8506937082216578,0.7958110042320432,results/calibration_workflow/probabilities/validation_only_selection_bci4_2a_subject8_probabilities.npz
BCI IV-2a,8,calibration_grid,calibration_grid,0.9,0.5911511950879124,validation_confidence_quantile,validation,False,validation_selected_threshold,0.896551724137931,0.9615384615384616,0.038461538461538464,0.8402777777777778,0.8099173553719008,0.19008264462809918,242,0.7534722222222222,0.8506937082216578,0.7958110042320432,results/calibration_workflow/probabilities/validation_only_selection_bci4_2a_subject8_probabilities.npz
BCI IV-2a,8,crop_aggregation,crop_aggregation,0.4,0.9833280798006632,validation_confidence_quantile,validation,False,validation_selected_threshold,0.39655172413793105,1.0,0.0,0.22569444444444445,0.9384615384615385,0.06153846153846154,65,0.8090277777777778,0.8923737554807907,0.8512834393154675,results/calibration_workflow/probabilities/validation_only_selection_bci4_2a_subject8_probabilities.npz
BCI IV-2a,8,crop_aggregation,crop_aggregation,0.6,0.9486681243346958,validation_confidence_quantile,validation,False,validation_selected_threshold,0.5862068965517241,0.9705882352941176,0.029411764705882353,0.3645833333333333,0.9523809523809523,0.047619047619047616,105,0.8090277777777778,0.8923737554807907,0.8512834393154675,results/calibration_workflow/probabilities/validation_only_selection_bci4_2a_subject8_probabilities.npz
BCI IV-2a,8,crop_aggregation,crop_aggregation,0.8,0.8111471728301045,validation_confidence_quantile,validation,False,validation_selected_threshold,0.7931034482758621,0.9565217391304348,0.043478260869565216,0.6944444444444444,0.885,0.115,200,0.8090277777777778,0.8923737554807907,0.8512834393154675,results/calibration_workflow/probabilities/validation_only_selection_bci4_2a_subject8_probabilities.npz
BCI IV-2a,8,crop_aggregation,crop_aggregation,0.9,0.6601717616562139,validation_confidence_quantile,validation,False,validation_selected_threshold,0.896551724137931,0.9230769230769231,0.07692307692307693,0.8541666666666666,0.8495934959349594,0.15040650406504066,246,0.8090277777777778,0.8923737554807907,0.8512834393154675,results/calibration_workflow/probabilities/validation_only_selection_bci4_2a_subject8_probabilities.npz
BCI IV-2a,8,seed_ensemble,Seed ensemble,0.4,0.9925525025270153,validation_confidence_quantile,validation,False,validation_selected_threshold,0.39655172413793105,1.0,0.0,0.2152777777777778,1.0,0.0,62,0.8090277777777778,0.9074371678639224,0.8677288441647285,results/calibration_workflow/probabilities/validation_only_selection_bci4_2a_subject8_probabilities.npz
BCI IV-2a,8,seed_ensemble,Seed ensemble,0.6,0.9684206838091519,validation_confidence_quantile,validation,False,validation_selected_threshold,0.5862068965517241,0.9705882352941176,0.029411764705882353,0.3680555555555556,0.9528301886792453,0.04716981132075472,106,0.8090277777777778,0.9074371678639224,0.8677288441647285,results/calibration_workflow/probabilities/validation_only_selection_bci4_2a_subject8_probabilities.npz
BCI IV-2a,8,seed_ensemble,Seed ensemble,0.8,0.8349152998483116,validation_confidence_quantile,validation,False,validation_selected_threshold,0.7931034482758621,0.9782608695652174,0.021739130434782608,0.6805555555555556,0.8877551020408163,0.11224489795918367,196,0.8090277777777778,0.9074371678639224,0.8677288441647285,results/calibration_workflow/probabilities/validation_only_selection_bci4_2a_subject8_probabilities.npz
BCI IV-2a,8,seed_ensemble,Seed ensemble,0.9,0.6900278603786465,validation_confidence_quantile,validation,False,validation_selected_threshold,0.896551724137931,0.9423076923076923,0.057692307692307696,0.8541666666666666,0.8536585365853658,0.14634146341463414,246,0.8090277777777778,0.9074371678639224,0.8677288441647285,results/calibration_workflow/probabilities/validation_only_selection_bci4_2a_subject8_probabilities.npz
BCI IV-2a,8,stronger_teacher,stronger_teacher,0.4,0.992596232177962,validation_confidence_quantile,validation,False,validation_selected_threshold,0.39655172413793105,1.0,0.0,0.3368055555555556,0.7422680412371134,0.25773195876288657,97,0.5798611111111112,0.8955124386645297,0.8809906179806604,results/calibration_workflow/probabilities/validation_only_selection_bci4_2a_subject8_probabilities.npz
BCI IV-2a,8,stronger_teacher,stronger_teacher,0.6,0.9527867506981195,validation_confidence_quantile,validation,False,validation_selected_threshold,0.5862068965517241,0.9705882352941176,0.029411764705882353,0.5381944444444444,0.6903225806451613,0.3096774193548387,155,0.5798611111111112,0.8955124386645297,0.8809906179806604,results/calibration_workflow/probabilities/validation_only_selection_bci4_2a_subject8_probabilities.npz
BCI IV-2a,8,stronger_teacher,stronger_teacher,0.8,0.8169989635334287,validation_confidence_quantile,validation,False,validation_selected_threshold,0.7931034482758621,0.9347826086956522,0.06521739130434782,0.7465277777777778,0.6511627906976745,0.3488372093023256,215,0.5798611111111112,0.8955124386645297,0.8809906179806604,results/calibration_workflow/probabilities/validation_only_selection_bci4_2a_subject8_probabilities.npz
BCI IV-2a,8,stronger_teacher,stronger_teacher,0.9,0.7001041057385868,validation_confidence_quantile,validation,False,validation_selected_threshold,0.896551724137931,0.9230769230769231,0.07692307692307693,0.8402777777777778,0.6198347107438017,0.38016528925619836,242,0.5798611111111112,0.8955124386645297,0.8809906179806604,results/calibration_workflow/probabilities/validation_only_selection_bci4_2a_subject8_probabilities.npz
BCI IV-2a,8,swa_ema,swa_ema,0.4,0.9835784172629589,validation_confidence_quantile,validation,False,validation_selected_threshold,0.39655172413793105,1.0,0.0,0.22569444444444445,0.9692307692307692,0.03076923076923077,65,0.8159722222222222,0.8859022894173134,0.8438285388154728,results/calibration_workflow/probabilities/validation_only_selection_bci4_2a_subject8_probabilities.npz
BCI IV-2a,8,swa_ema,swa_ema,0.6,0.956097518808495,validation_confidence_quantile,validation,False,validation_selected_threshold,0.5862068965517241,0.9705882352941176,0.029411764705882353,0.34375,0.9595959595959596,0.04040404040404041,99,0.8159722222222222,0.8859022894173134,0.8438285388154728,results/calibration_workflow/probabilities/validation_only_selection_bci4_2a_subject8_probabilities.npz
BCI IV-2a,8,swa_ema,swa_ema,0.8,0.7882528992864873,validation_confidence_quantile,validation,False,validation_selected_threshold,0.7931034482758621,0.9565217391304348,0.043478260869565216,0.7048611111111112,0.896551724137931,0.10344827586206896,203,0.8159722222222222,0.8859022894173134,0.8438285388154728,results/calibration_workflow/probabilities/validation_only_selection_bci4_2a_subject8_probabilities.npz
BCI IV-2a,8,swa_ema,swa_ema,0.9,0.6008321270656634,validation_confidence_quantile,validation,False,validation_selected_threshold,0.896551724137931,0.9038461538461539,0.09615384615384616,0.8854166666666666,0.8352941176470589,0.16470588235294117,255,0.8159722222222222,0.8859022894173134,0.8438285388154728,results/calibration_workflow/probabilities/validation_only_selection_bci4_2a_subject8_probabilities.npz
BCI IV-2a,8,teacher_student_mixture,Teacher/student,0.4,0.978728754859467,validation_confidence_quantile,validation,False,validation_selected_threshold,0.39655172413793105,1.0,0.0,0.10416666666666667,1.0,0.0,30,0.8020833333333334,0.8535610712652104,0.7453656875666458,results/calibration_workflow/probabilities/validation_only_selection_bci4_2a_subject8_probabilities.npz
BCI IV-2a,8,teacher_student_mixture,Teacher/student,0.6,0.8994421437220174,validation_confidence_quantile,validation,False,validation_selected_threshold,0.5862068965517241,0.9705882352941176,0.029411764705882353,0.3159722222222222,0.967032967032967,0.03296703296703297,91,0.8020833333333334,0.8535610712652104,0.7453656875666458,results/calibration_workflow/probabilities/validation_only_selection_bci4_2a_subject8_probabilities.npz
BCI IV-2a,8,teacher_student_mixture,Teacher/student,0.8,0.6937308159631917,validation_confidence_quantile,validation,False,validation_selected_threshold,0.7931034482758621,0.9782608695652174,0.021739130434782608,0.5451388888888888,0.9044585987261147,0.09554140127388536,157,0.8020833333333334,0.8535610712652104,0.7453656875666458,results/calibration_workflow/probabilities/validation_only_selection_bci4_2a_subject8_probabilities.npz
BCI IV-2a,8,teacher_student_mixture,Teacher/student,0.9,0.5883861678448336,validation_confidence_quantile,validation,False,validation_selected_threshold,0.896551724137931,0.9807692307692307,0.019230769230769232,0.7222222222222222,0.8846153846153846,0.11538461538461539,208,0.8020833333333334,0.8535610712652104,0.7453656875666458,results/calibration_workflow/probabilities/validation_only_selection_bci4_2a_subject8_probabilities.npz
BCI IV-2a,8,validation_selected_portfolio,Portfolio,0.4,0.978728754859467,validation_confidence_quantile,validation,False,validation_selected_threshold,0.39655172413793105,1.0,0.0,0.10416666666666667,1.0,0.0,30,0.8020833333333334,0.8535610712652104,0.7453656875666458,results/paper_calibration_stats/validation_selected_portfolio/calibration_workflow/probabilities/validation_only_selection_bci4_2a_subject8_probabilities.npz
BCI IV-2a,8,validation_selected_portfolio,Portfolio,0.6,0.8994421437220174,validation_confidence_quantile,validation,False,validation_selected_threshold,0.5862068965517241,0.9705882352941176,0.029411764705882353,0.3159722222222222,0.967032967032967,0.03296703296703297,91,0.8020833333333334,0.8535610712652104,0.7453656875666458,results/paper_calibration_stats/validation_selected_portfolio/calibration_workflow/probabilities/validation_only_selection_bci4_2a_subject8_probabilities.npz
BCI IV-2a,8,validation_selected_portfolio,Portfolio,0.8,0.6937308159631917,validation_confidence_quantile,validation,False,validation_selected_threshold,0.7931034482758621,0.9782608695652174,0.021739130434782608,0.5451388888888888,0.9044585987261147,0.09554140127388536,157,0.8020833333333334,0.8535610712652104,0.7453656875666458,results/paper_calibration_stats/validation_selected_portfolio/calibration_workflow/probabilities/validation_only_selection_bci4_2a_subject8_probabilities.npz
BCI IV-2a,8,validation_selected_portfolio,Portfolio,0.9,0.5883861678448336,validation_confidence_quantile,validation,False,validation_selected_threshold,0.896551724137931,0.9807692307692307,0.019230769230769232,0.7222222222222222,0.8846153846153846,0.11538461538461539,208,0.8020833333333334,0.8535610712652104,0.7453656875666458,results/paper_calibration_stats/validation_selected_portfolio/calibration_workflow/probabilities/validation_only_selection_bci4_2a_subject8_probabilities.npz
BCI IV-2a,9,architecture,architecture,0.4,0.7670985363835188,validation_confidence_quantile,validation,False,validation_selected_threshold,0.39285714285714285,0.8636363636363636,0.13636363636363635,0.5568181818181818,0.8639455782312925,0.1360544217687075,147,0.7537878787878788,0.6876716959456675,0.7752576435735531,results/calibration_workflow/probabilities/validation_only_selection_bci4_2a_subject9_probabilities.npz
BCI IV-2a,9,architecture,architecture,0.6,0.6056378958549213,validation_confidence_quantile,validation,False,validation_selected_threshold,0.5892857142857143,0.8181818181818182,0.18181818181818182,0.803030303030303,0.7971698113207547,0.2028301886792453,212,0.7537878787878788,0.6876716959456675,0.7752576435735531,results/calibration_workflow/probabilities/validation_only_selection_bci4_2a_subject9_probabilities.npz
BCI IV-2a,9,architecture,architecture,0.8,0.5253288863300283,validation_confidence_quantile,validation,False,validation_selected_threshold,0.7857142857142857,0.75,0.25,0.9090909090909091,0.775,0.225,240,0.7537878787878788,0.6876716959456675,0.7752576435735531,results/calibration_workflow/probabilities/validation_only_selection_bci4_2a_subject9_probabilities.npz
BCI IV-2a,9,architecture,architecture,0.9,0.44639565542946036,validation_confidence_quantile,validation,False,validation_selected_threshold,0.8928571428571429,0.72,0.28,0.9583333333333334,0.758893280632411,0.24110671936758893,253,0.7537878787878788,0.6876716959456675,0.7752576435735531,results/calibration_workflow/probabilities/validation_only_selection_bci4_2a_subject9_probabilities.npz
BCI IV-2a,9,augmentation,Augmentation,0.4,0.6963576723101387,validation_confidence_quantile,validation,False,validation_selected_threshold,0.39285714285714285,0.7727272727272727,0.22727272727272727,0.6553030303030303,0.9132947976878613,0.08670520231213873,173,0.7954545454545454,0.6440860577817696,0.7583863005833245,results/calibration_workflow/probabilities/validation_only_selection_bci4_2a_subject9_probabilities.npz
BCI IV-2a,9,augmentation,Augmentation,0.6,0.575969406604311,validation_confidence_quantile,validation,False,validation_selected_threshold,0.5892857142857143,0.7272727272727273,0.2727272727272727,0.8295454545454546,0.8584474885844748,0.1415525114155251,219,0.7954545454545454,0.6440860577817696,0.7583863005833245,results/calibration_workflow/probabilities/validation_only_selection_bci4_2a_subject9_probabilities.npz
BCI IV-2a,9,augmentation,Augmentation,0.8,0.46444380110336914,validation_confidence_quantile,validation,False,validation_selected_threshold,0.7857142857142857,0.7272727272727273,0.2727272727272727,0.9431818181818182,0.8152610441767069,0.18473895582329317,249,0.7954545454545454,0.6440860577817696,0.7583863005833245,results/calibration_workflow/probabilities/validation_only_selection_bci4_2a_subject9_probabilities.npz
BCI IV-2a,9,augmentation,Augmentation,0.9,0.4187903090611461,validation_confidence_quantile,validation,False,validation_selected_threshold,0.8928571428571429,0.7,0.3,0.9659090909090909,0.8156862745098039,0.1843137254901961,255,0.7954545454545454,0.6440860577817696,0.7583863005833245,results/calibration_workflow/probabilities/validation_only_selection_bci4_2a_subject9_probabilities.npz
BCI IV-2a,9,baseline,Baseline,0.4,0.7169027474543523,validation_confidence_quantile,validation,False,validation_selected_threshold,0.39285714285714285,0.8181818181818182,0.18181818181818182,0.553030303030303,0.910958904109589,0.08904109589041095,146,0.7689393939393939,0.64224488904666,0.7382508209488353,results/calibration_workflow/probabilities/validation_only_selection_bci4_2a_subject9_probabilities.npz
BCI IV-2a,9,baseline,Baseline,0.6,0.5592529594020665,validation_confidence_quantile,validation,False,validation_selected_threshold,0.5892857142857143,0.7575757575757576,0.24242424242424243,0.8068181818181818,0.8403755868544601,0.1596244131455399,213,0.7689393939393939,0.64224488904666,0.7382508209488353,results/calibration_workflow/probabilities/validation_only_selection_bci4_2a_subject9_probabilities.npz
BCI IV-2a,9,baseline,Baseline,0.8,0.4701808092788883,validation_confidence_quantile,validation,False,validation_selected_threshold,0.7857142857142857,0.6818181818181818,0.3181818181818182,0.9166666666666666,0.8099173553719008,0.19008264462809918,242,0.7689393939393939,0.64224488904666,0.7382508209488353,results/calibration_workflow/probabilities/validation_only_selection_bci4_2a_subject9_probabilities.npz
BCI IV-2a,9,baseline,Baseline,0.9,0.41309544367139145,validation_confidence_quantile,validation,False,validation_selected_threshold,0.8928571428571429,0.66,0.34,0.9734848484848485,0.7782101167315175,0.22178988326848248,257,0.7689393939393939,0.64224488904666,0.7382508209488353,results/calibration_workflow/probabilities/validation_only_selection_bci4_2a_subject9_probabilities.npz
BCI IV-2a,9,brier_loss,brier_loss,0.4,0.719303386018468,validation_confidence_quantile,validation,False,validation_selected_threshold,0.39285714285714285,0.8181818181818182,0.18181818181818182,0.5568181818181818,0.9115646258503401,0.08843537414965986,147,0.7803030303030303,0.6438862453594678,0.7391393011487397,results/calibration_workflow/probabilities/validation_only_selection_bci4_2a_subject9_probabilities.npz
BCI IV-2a,9,brier_loss,brier_loss,0.6,0.5597597998362764,validation_confidence_quantile,validation,False,validation_selected_threshold,0.5892857142857143,0.7575757575757576,0.24242424242424243,0.8106060606060606,0.8364485981308412,0.16355140186915887,214,0.7803030303030303,0.6438862453594678,0.7391393011487397,results/calibration_workflow/probabilities/validation_only_selection_bci4_2a_subject9_probabilities.npz
BCI IV-2a,9,brier_loss,brier_loss,0.8,0.47178074058451586,validation_confidence_quantile,validation,False,validation_selected_threshold,0.7857142857142857,0.6818181818181818,0.3181818181818182,0.9166666666666666,0.8057851239669421,0.19421487603305784,242,0.7803030303030303,0.6438862453594678,0.7391393011487397,results/calibration_workflow/probabilities/validation_only_selection_bci4_2a_subject9_probabilities.npz
BCI IV-2a,9,brier_loss,brier_loss,0.9,0.4160440266132355,validation_confidence_quantile,validation,False,validation_selected_threshold,0.8928571428571429,0.66,0.34,0.9734848484848485,0.7898832684824902,0.21011673151750973,257,0.7803030303030303,0.6438862453594678,0.7391393011487397,results/calibration_workflow/probabilities/validation_only_selection_bci4_2a_subject9_probabilities.npz
BCI IV-2a,9,calibration_checkpoint,calibration_checkpoint,0.4,0.7151159684087111,validation_confidence_quantile,validation,False,validation_selected_threshold,0.39285714285714285,0.7727272727272727,0.22727272727272727,0.5454545454545454,0.9166666666666666,0.08333333333333333,144,0.75,0.620306571822067,0.7235246485322611,results/calibration_workflow/probabilities/validation_only_selection_bci4_2a_subject9_probabilities.npz
BCI IV-2a,9,calibration_checkpoint,calibration_checkpoint,0.6,0.5729332619619859,validation_confidence_quantile,validation,False,validation_selected_threshold,0.5892857142857143,0.7575757575757576,0.24242424242424243,0.7575757575757576,0.86,0.14,200,0.75,0.620306571822067,0.7235246485322611,results/calibration_workflow/probabilities/validation_only_selection_bci4_2a_subject9_probabilities.npz
BCI IV-2a,9,calibration_checkpoint,calibration_checkpoint,0.8,0.43866714181501953,validation_confidence_quantile,validation,False,validation_selected_threshold,0.7857142857142857,0.7045454545454546,0.29545454545454547,0.9545454545454546,0.7698412698412699,0.23015873015873015,252,0.75,0.620306571822067,0.7235246485322611,results/calibration_workflow/probabilities/validation_only_selection_bci4_2a_subject9_probabilities.npz
BCI IV-2a,9,calibration_checkpoint,calibration_checkpoint,0.9,0.40901693397002714,validation_confidence_quantile,validation,False,validation_selected_threshold,0.8928571428571429,0.72,0.28,0.9772727272727273,0.7596899224806202,0.24031007751937986,258,0.75,0.620306571822067,0.7235246485322611,results/calibration_workflow/probabilities/validation_only_selection_bci4_2a_subject9_probabilities.npz
BCI IV-2a,9,calibration_grid,calibration_grid,0.4,0.6739292692179308,validation_confidence_quantile,validation,False,validation_selected_threshold,0.39285714285714285,0.8181818181818182,0.18181818181818182,0.5151515151515151,0.9338235294117647,0.0661764705882353,136,0.7689393939393939,0.6042707119130413,0.6954018952887284,results/calibration_workflow/probabilities/validation_only_selection_bci4_2a_subject9_probabilities.npz
BCI IV-2a,9,calibration_grid,calibration_grid,0.6,0.5232161762591561,validation_confidence_quantile,validation,False,validation_selected_threshold,0.5892857142857143,0.7575757575757576,0.24242424242424243,0.7613636363636364,0.8805970149253731,0.11940298507462686,201,0.7689393939393939,0.6042707119130413,0.6954018952887284,results/calibration_workflow/probabilities/validation_only_selection_bci4_2a_subject9_probabilities.npz
BCI IV-2a,9,calibration_grid,calibration_grid,0.8,0.4224228953366629,validation_confidence_quantile,validation,False,validation_selected_threshold,0.7857142857142857,0.6363636363636364,0.36363636363636365,0.9204545454545454,0.8065843621399177,0.1934156378600823,243,0.7689393939393939,0.6042707119130413,0.6954018952887284,results/calibration_workflow/probabilities/validation_only_selection_bci4_2a_subject9_probabilities.npz
BCI IV-2a,9,calibration_grid,calibration_grid,0.9,0.3981110409113276,validation_confidence_quantile,validation,False,validation_selected_threshold,0.8928571428571429,0.66,0.34,0.9393939393939394,0.7983870967741935,0.20161290322580644,248,0.7689393939393939,0.6042707119130413,0.6954018952887284,results/calibration_workflow/probabilities/validation_only_selection_bci4_2a_subject9_probabilities.npz
BCI IV-2a,9,crop_aggregation,crop_aggregation,0.4,0.7569497326363774,validation_confidence_quantile,validation,False,validation_selected_threshold,0.39285714285714285,0.7727272727272727,0.22727272727272727,0.4431818181818182,0.9230769230769231,0.07692307692307693,117,0.7651515151515151,0.6397645225261078,0.7257458822223809,results/calibration_workflow/probabilities/validation_only_selection_bci4_2a_subject9_probabilities.npz
BCI IV-2a,9,crop_aggregation,crop_aggregation,0.6,0.5300993165344203,validation_confidence_quantile,validation,False,validation_selected_threshold,0.5892857142857143,0.7272727272727273,0.2727272727272727,0.8409090909090909,0.8288288288288288,0.17117117117117117,222,0.7651515151515151,0.6397645225261078,0.7257458822223809,results/calibration_workflow/probabilities/validation_only_selection_bci4_2a_subject9_probabilities.npz
BCI IV-2a,9,crop_aggregation,crop_aggregation,0.8,0.45345544139362215,validation_confidence_quantile,validation,False,validation_selected_threshold,0.7857142857142857,0.6818181818181818,0.3181818181818182,0.928030303030303,0.8,0.2,245,0.7651515151515151,0.6397645225261078,0.7257458822223809,results/calibration_workflow/probabilities/validation_only_selection_bci4_2a_subject9_probabilities.npz
BCI IV-2a,9,crop_aggregation,crop_aggregation,0.9,0.3979400962744646,validation_confidence_quantile,validation,False,validation_selected_threshold,0.8928571428571429,0.7,0.3,0.9696969696969697,0.77734375,0.22265625,256,0.7651515151515151,0.6397645225261078,0.7257458822223809,results/calibration_workflow/probabilities/validation_only_selection_bci4_2a_subject9_probabilities.npz
BCI IV-2a,9,seed_ensemble,Seed ensemble,0.4,0.751653064367713,validation_confidence_quantile,validation,False,validation_selected_threshold,0.39285714285714285,0.7727272727272727,0.22727272727272727,0.5909090909090909,0.9358974358974359,0.0641025641025641,156,0.7954545454545454,0.6636656310028111,0.7683260727363123,results/calibration_workflow/probabilities/validation_only_selection_bci4_2a_subject9_probabilities.npz
BCI IV-2a,9,seed_ensemble,Seed ensemble,0.6,0.6052404785842004,validation_confidence_quantile,validation,False,validation_selected_threshold,0.5892857142857143,0.7878787878787878,0.21212121212121213,0.7916666666666666,0.8660287081339713,0.1339712918660287,209,0.7954545454545454,0.6636656310028111,0.7683260727363123,results/calibration_workflow/probabilities/validation_only_selection_bci4_2a_subject9_probabilities.npz
BCI IV-2a,9,seed_ensemble,Seed ensemble,0.8,0.4954696219200421,validation_confidence_quantile,validation,False,validation_selected_threshold,0.7857142857142857,0.6818181818181818,0.3181818181818182,0.9318181818181818,0.8252032520325203,0.17479674796747968,246,0.7954545454545454,0.6636656310028111,0.7683260727363123,results/calibration_workflow/probabilities/validation_only_selection_bci4_2a_subject9_probabilities.npz
BCI IV-2a,9,seed_ensemble,Seed ensemble,0.9,0.4109889001472957,validation_confidence_quantile,validation,False,validation_selected_threshold,0.8928571428571429,0.68,0.32,0.9734848484848485,0.8132295719844358,0.1867704280155642,257,0.7954545454545454,0.6636656310028111,0.7683260727363123,results/calibration_workflow/probabilities/validation_only_selection_bci4_2a_subject9_probabilities.npz
BCI IV-2a,9,stronger_teacher,stronger_teacher,0.4,0.5598574751647382,validation_confidence_quantile,validation,False,validation_selected_threshold,0.39285714285714285,0.7272727272727273,0.2727272727272727,0.0,,,0,0.7007575757575758,0.5318178778890447,0.3450012054693286,results/calibration_workflow/probabilities/validation_only_selection_bci4_2a_subject9_probabilities.npz
BCI IV-2a,9,stronger_teacher,stronger_teacher,0.6,0.4497033953666687,validation_confidence_quantile,validation,False,validation_selected_threshold,0.5892857142857143,0.5757575757575758,0.42424242424242425,0.04924242424242424,1.0,0.0,13,0.7007575757575758,0.5318178778890447,0.3450012054693286,results/calibration_workflow/probabilities/validation_only_selection_bci4_2a_subject9_probabilities.npz
BCI IV-2a,9,stronger_teacher,stronger_teacher,0.8,0.3952540696374466,validation_confidence_quantile,validation,False,validation_selected_threshold,0.7857142857142857,0.6136363636363636,0.38636363636363635,0.1553030303030303,0.926829268292683,0.07317073170731707,41,0.7007575757575758,0.5318178778890447,0.3450012054693286,results/calibration_workflow/probabilities/validation_only_selection_bci4_2a_subject9_probabilities.npz
BCI IV-2a,9,stronger_teacher,stronger_teacher,0.9,0.3811539099322486,validation_confidence_quantile,validation,False,validation_selected_threshold,0.8928571428571429,0.62,0.38,0.20454545454545456,0.9259259259259259,0.07407407407407407,54,0.7007575757575758,0.5318178778890447,0.3450012054693286,results/calibration_workflow/probabilities/validation_only_selection_bci4_2a_subject9_probabilities.npz
BCI IV-2a,9,swa_ema,swa_ema,0.4,0.6621495485305786,validation_confidence_quantile,validation,False,validation_selected_threshold,0.39285714285714285,0.7727272727272727,0.22727272727272727,0.6212121212121212,0.926829268292683,0.07317073170731707,164,0.7954545454545454,0.6143617472759916,0.713653863461493,results/calibration_workflow/probabilities/validation_only_selection_bci4_2a_subject9_probabilities.npz
BCI IV-2a,9,swa_ema,swa_ema,0.6,0.5459945067122072,validation_confidence_quantile,validation,False,validation_selected_threshold,0.5892857142857143,0.7575757575757576,0.24242424242424243,0.7916666666666666,0.84688995215311,0.15311004784688995,209,0.7954545454545454,0.6143617472759916,0.713653863461493,results/calibration_workflow/probabilities/validation_only_selection_bci4_2a_subject9_probabilities.npz
BCI IV-2a,9,swa_ema,swa_ema,0.8,0.4571170440745794,validation_confidence_quantile,validation,False,validation_selected_threshold,0.7857142857142857,0.7045454545454546,0.29545454545454547,0.9015151515151515,0.819327731092437,0.18067226890756302,238,0.7954545454545454,0.6143617472759916,0.713653863461493,results/calibration_workflow/probabilities/validation_only_selection_bci4_2a_subject9_probabilities.npz
BCI IV-2a,9,swa_ema,swa_ema,0.9,0.3705880912349515,validation_confidence_quantile,validation,False,validation_selected_threshold,0.8928571428571429,0.64,0.36,0.9848484848484849,0.8,0.2,260,0.7954545454545454,0.6143617472759916,0.713653863461493,results/calibration_workflow/probabilities/validation_only_selection_bci4_2a_subject9_probabilities.npz
BCI IV-2a,9,teacher_student_mixture,Teacher/student,0.4,0.7272611698984893,validation_confidence_quantile,validation,False,validation_selected_threshold,0.39285714285714285,0.8181818181818182,0.18181818181818182,0.45075757575757575,0.9327731092436975,0.06722689075630252,119,0.7689393939393939,0.6236371979322689,0.6981022020972752,results/calibration_workflow/probabilities/validation_only_selection_bci4_2a_subject9_probabilities.npz
BCI IV-2a,9,teacher_student_mixture,Teacher/student,0.6,0.5431784295287075,validation_confidence_quantile,validation,False,validation_selected_threshold,0.5892857142857143,0.7575757575757576,0.24242424242424243,0.7916666666666666,0.8421052631578947,0.15789473684210525,209,0.7689393939393939,0.6236371979322689,0.6981022020972752,results/calibration_workflow/probabilities/validation_only_selection_bci4_2a_subject9_probabilities.npz
BCI IV-2a,9,teacher_student_mixture,Teacher/student,0.8,0.46636023813437516,validation_confidence_quantile,validation,False,validation_selected_threshold,0.7857142857142857,0.7045454545454546,0.29545454545454547,0.9053030303030303,0.8117154811715481,0.18828451882845187,239,0.7689393939393939,0.6236371979322689,0.6981022020972752,results/calibration_workflow/probabilities/validation_only_selection_bci4_2a_subject9_probabilities.npz
BCI IV-2a,9,teacher_student_mixture,Teacher/student,0.9,0.41481203690717444,validation_confidence_quantile,validation,False,validation_selected_threshold,0.8928571428571429,0.68,0.32,0.9583333333333334,0.782608695652174,0.21739130434782608,253,0.7689393939393939,0.6236371979322689,0.6981022020972752,results/calibration_workflow/probabilities/validation_only_selection_bci4_2a_subject9_probabilities.npz
BCI IV-2a,9,validation_selected_portfolio,Portfolio,0.4,0.751653064367713,validation_confidence_quantile,validation,False,validation_selected_threshold,0.39285714285714285,0.7727272727272727,0.22727272727272727,0.5909090909090909,0.9358974358974359,0.0641025641025641,156,0.7954545454545454,0.6636656310028111,0.7683260727363123,results/paper_calibration_stats/validation_selected_portfolio/calibration_workflow/probabilities/validation_only_selection_bci4_2a_subject9_probabilities.npz
BCI IV-2a,9,validation_selected_portfolio,Portfolio,0.6,0.6052404785842004,validation_confidence_quantile,validation,False,validation_selected_threshold,0.5892857142857143,0.7878787878787878,0.21212121212121213,0.7916666666666666,0.8660287081339713,0.1339712918660287,209,0.7954545454545454,0.6636656310028111,0.7683260727363123,results/paper_calibration_stats/validation_selected_portfolio/calibration_workflow/probabilities/validation_only_selection_bci4_2a_subject9_probabilities.npz
BCI IV-2a,9,validation_selected_portfolio,Portfolio,0.8,0.4954696219200421,validation_confidence_quantile,validation,False,validation_selected_threshold,0.7857142857142857,0.6818181818181818,0.3181818181818182,0.9318181818181818,0.8252032520325203,0.17479674796747968,246,0.7954545454545454,0.6636656310028111,0.7683260727363123,results/paper_calibration_stats/validation_selected_portfolio/calibration_workflow/probabilities/validation_only_selection_bci4_2a_subject9_probabilities.npz
BCI IV-2a,9,validation_selected_portfolio,Portfolio,0.9,0.4109889001472957,validation_confidence_quantile,validation,False,validation_selected_threshold,0.8928571428571429,0.68,0.32,0.9734848484848485,0.8132295719844358,0.1867704280155642,257,0.7954545454545454,0.6636656310028111,0.7683260727363123,results/paper_calibration_stats/validation_selected_portfolio/calibration_workflow/probabilities/validation_only_selection_bci4_2a_subject9_probabilities.npz
BNCI2014_001,1,augmentation,Augmentation,0.4,0.932417364468197,validation_confidence_quantile,validation,False,validation_selected_threshold,0.3958333333333333,1.0,0.0,0.3854166666666667,0.954954954954955,0.04504504504504504,111,0.7708333333333334,0.8382299588431454,0.8421335749471053,results/calibration_workflow_bnci2014_001/probabilities/validation_only_selection_bnci2014_001_subject1_probabilities.npz
BNCI2014_001,1,augmentation,Augmentation,0.6,0.8344637696692716,validation_confidence_quantile,validation,False,validation_selected_threshold,0.5833333333333334,0.9285714285714286,0.07142857142857142,0.6145833333333334,0.9265536723163842,0.07344632768361582,177,0.7708333333333334,0.8382299588431454,0.8421335749471053,results/calibration_workflow_bnci2014_001/probabilities/validation_only_selection_bnci2014_001_subject1_probabilities.npz
BNCI2014_001,1,augmentation,Augmentation,0.8,0.6996748813154465,validation_confidence_quantile,validation,False,validation_selected_threshold,0.7916666666666666,0.868421052631579,0.13157894736842105,0.7916666666666666,0.8596491228070176,0.14035087719298245,228,0.7708333333333334,0.8382299588431454,0.8421335749471053,results/calibration_workflow_bnci2014_001/probabilities/validation_only_selection_bnci2014_001_subject1_probabilities.npz
BNCI2014_001,1,augmentation,Augmentation,0.9,0.6242674569103541,validation_confidence_quantile,validation,False,validation_selected_threshold,0.8958333333333334,0.8604651162790697,0.13953488372093023,0.8819444444444444,0.8228346456692913,0.17716535433070865,254,0.7708333333333334,0.8382299588431454,0.8421335749471053,results/calibration_workflow_bnci2014_001/probabilities/validation_only_selection_bnci2014_001_subject1_probabilities.npz
BNCI2014_001,1,baseline,Baseline,0.4,0.81656079721402,validation_confidence_quantile,validation,False,validation_selected_threshold,0.3958333333333333,0.9473684210526315,0.05263157894736842,0.5277777777777778,0.9276315789473685,0.07236842105263158,152,0.8055555555555556,0.8080516393218323,0.8053585064972916,results/calibration_workflow_bnci2014_001/probabilities/validation_only_selection_bnci2014_001_subject1_probabilities.npz
BNCI2014_001,1,baseline,Baseline,0.6,0.7756170564992078,validation_confidence_quantile,validation,False,validation_selected_threshold,0.5833333333333334,0.9285714285714286,0.07142857142857142,0.6006944444444444,0.930635838150289,0.06936416184971098,173,0.8055555555555556,0.8080516393218323,0.8053585064972916,results/calibration_workflow_bnci2014_001/probabilities/validation_only_selection_bnci2014_001_subject1_probabilities.npz
BNCI2014_001,1,baseline,Baseline,0.8,0.7198712811423703,validation_confidence_quantile,validation,False,validation_selected_threshold,0.7916666666666666,0.868421052631579,0.13157894736842105,0.6805555555555556,0.9183673469387755,0.08163265306122448,196,0.8055555555555556,0.8080516393218323,0.8053585064972916,results/calibration_workflow_bnci2014_001/probabilities/validation_only_selection_bnci2014_001_subject1_probabilities.npz
BNCI2014_001,1,baseline,Baseline,0.9,0.6398297137106697,validation_confidence_quantile,validation,False,validation_selected_threshold,0.8958333333333334,0.7906976744186046,0.20930232558139536,0.8090277777777778,0.8755364806866953,0.12446351931330472,233,0.8055555555555556,0.8080516393218323,0.8053585064972916,results/calibration_workflow_bnci2014_001/probabilities/validation_only_selection_bnci2014_001_subject1_probabilities.npz
BNCI2014_001,1,seed_ensemble,Seed ensemble,0.4,0.8930745249837884,validation_confidence_quantile,validation,False,validation_selected_threshold,0.3958333333333333,1.0,0.0,0.4270833333333333,0.9512195121951219,0.04878048780487805,123,0.8125,0.8255494045931749,0.8247482621298301,results/calibration_workflow_bnci2014_001/probabilities/validation_only_selection_bnci2014_001_subject1_probabilities.npz
BNCI2014_001,1,seed_ensemble,Seed ensemble,0.6,0.7995756260632871,validation_confidence_quantile,validation,False,validation_selected_threshold,0.5833333333333334,0.9285714285714286,0.07142857142857142,0.6180555555555556,0.9382022471910112,0.06179775280898876,178,0.8125,0.8255494045931749,0.8247482621298301,results/calibration_workflow_bnci2014_001/probabilities/validation_only_selection_bnci2014_001_subject1_probabilities.npz
BNCI2014_001,1,seed_ensemble,Seed ensemble,0.8,0.7121312633043557,validation_confidence_quantile,validation,False,validation_selected_threshold,0.7916666666666666,0.8421052631578947,0.15789473684210525,0.75,0.9074074074074074,0.09259259259259259,216,0.8125,0.8255494045931749,0.8247482621298301,results/calibration_workflow_bnci2014_001/probabilities/validation_only_selection_bnci2014_001_subject1_probabilities.npz
BNCI2014_001,1,seed_ensemble,Seed ensemble,0.9,0.6738428634309127,validation_confidence_quantile,validation,False,validation_selected_threshold,0.8958333333333334,0.813953488372093,0.18604651162790697,0.7951388888888888,0.8864628820960698,0.11353711790393013,229,0.8125,0.8255494045931749,0.8247482621298301,results/calibration_workflow_bnci2014_001/probabilities/validation_only_selection_bnci2014_001_subject1_probabilities.npz
BNCI2014_001,1,teacher_student_mixture,Teacher/student,0.4,0.8966458472251032,validation_confidence_quantile,validation,False,validation_selected_threshold,0.3958333333333333,0.9473684210526315,0.05263157894736842,0.3541666666666667,0.9901960784313726,0.00980392156862745,102,0.8298611111111112,0.8077949975268742,0.8002744469060494,results/calibration_workflow_bnci2014_001/probabilities/validation_only_selection_bnci2014_001_subject1_probabilities.npz
BNCI2014_001,1,teacher_student_mixture,Teacher/student,0.6,0.7669767319694629,validation_confidence_quantile,validation,False,validation_selected_threshold,0.5833333333333334,0.9285714285714286,0.07142857142857142,0.6284722222222222,0.9337016574585635,0.06629834254143646,181,0.8298611111111112,0.8077949975268742,0.8002744469060494,results/calibration_workflow_bnci2014_001/probabilities/validation_only_selection_bnci2014_001_subject1_probabilities.npz
BNCI2014_001,1,teacher_student_mixture,Teacher/student,0.8,0.7027539688788024,validation_confidence_quantile,validation,False,validation_selected_threshold,0.7916666666666666,0.8947368421052632,0.10526315789473684,0.71875,0.9130434782608695,0.08695652173913043,207,0.8298611111111112,0.8077949975268742,0.8002744469060494,results/calibration_workflow_bnci2014_001/probabilities/validation_only_selection_bnci2014_001_subject1_probabilities.npz
BNCI2014_001,1,teacher_student_mixture,Teacher/student,0.9,0.5893058689728093,validation_confidence_quantile,validation,False,validation_selected_threshold,0.8958333333333334,0.9069767441860465,0.09302325581395349,0.875,0.8690476190476191,0.13095238095238096,252,0.8298611111111112,0.8077949975268742,0.8002744469060494,results/calibration_workflow_bnci2014_001/probabilities/validation_only_selection_bnci2014_001_subject1_probabilities.npz
BNCI2014_001,1,validation_selected_portfolio,Portfolio,0.4,0.8966458472251032,validation_confidence_quantile,validation,False,validation_selected_threshold,0.3958333333333333,0.9473684210526315,0.05263157894736842,0.3541666666666667,0.9901960784313726,0.00980392156862745,102,0.8298611111111112,0.8077949975268742,0.8002744469060494,results/paper_calibration_stats/validation_selected_portfolio/calibration_workflow_bnci2014_001/probabilities/validation_only_selection_bnci2014_001_subject1_probabilities.npz
BNCI2014_001,1,validation_selected_portfolio,Portfolio,0.6,0.7669767319694629,validation_confidence_quantile,validation,False,validation_selected_threshold,0.5833333333333334,0.9285714285714286,0.07142857142857142,0.6284722222222222,0.9337016574585635,0.06629834254143646,181,0.8298611111111112,0.8077949975268742,0.8002744469060494,results/paper_calibration_stats/validation_selected_portfolio/calibration_workflow_bnci2014_001/probabilities/validation_only_selection_bnci2014_001_subject1_probabilities.npz
BNCI2014_001,1,validation_selected_portfolio,Portfolio,0.8,0.7027539688788024,validation_confidence_quantile,validation,False,validation_selected_threshold,0.7916666666666666,0.8947368421052632,0.10526315789473684,0.71875,0.9130434782608695,0.08695652173913043,207,0.8298611111111112,0.8077949975268742,0.8002744469060494,results/paper_calibration_stats/validation_selected_portfolio/calibration_workflow_bnci2014_001/probabilities/validation_only_selection_bnci2014_001_subject1_probabilities.npz
BNCI2014_001,1,validation_selected_portfolio,Portfolio,0.9,0.5893058689728093,validation_confidence_quantile,validation,False,validation_selected_threshold,0.8958333333333334,0.9069767441860465,0.09302325581395349,0.875,0.8690476190476191,0.13095238095238096,252,0.8298611111111112,0.8077949975268742,0.8002744469060494,results/paper_calibration_stats/validation_selected_portfolio/calibration_workflow_bnci2014_001/probabilities/validation_only_selection_bnci2014_001_subject1_probabilities.npz
BNCI2014_001,2,augmentation,Augmentation,0.4,0.6061309485713996,validation_confidence_quantile,validation,False,validation_selected_threshold,0.3958333333333333,0.8947368421052632,0.10526315789473684,0.6041666666666666,0.5459770114942529,0.4540229885057471,174,0.46875,0.631403745683317,0.693749486534589,results/calibration_workflow_bnci2014_001/probabilities/validation_only_selection_bnci2014_001_subject2_probabilities.npz
BNCI2014_001,2,augmentation,Augmentation,0.6,0.5534698457324154,validation_confidence_quantile,validation,False,validation_selected_threshold,0.5833333333333334,0.7142857142857143,0.2857142857142857,0.7118055555555556,0.5219512195121951,0.47804878048780486,205,0.46875,0.631403745683317,0.693749486534589,results/calibration_workflow_bnci2014_001/probabilities/validation_only_selection_bnci2014_001_subject2_probabilities.npz
BNCI2014_001,2,augmentation,Augmentation,0.8,0.468276930745351,validation_confidence_quantile,validation,False,validation_selected_threshold,0.7916666666666666,0.631578947368421,0.3684210526315789,0.8680555555555556,0.484,0.516,250,0.46875,0.631403745683317,0.693749486534589,results/calibration_workflow_bnci2014_001/probabilities/validation_only_selection_bnci2014_001_subject2_probabilities.npz
BNCI2014_001,2,augmentation,Augmentation,0.9,0.422429424012502,validation_confidence_quantile,validation,False,validation_selected_threshold,0.8958333333333334,0.5813953488372093,0.4186046511627907,0.9444444444444444,0.4742647058823529,0.5257352941176471,272,0.46875,0.631403745683317,0.693749486534589,results/calibration_workflow_bnci2014_001/probabilities/validation_only_selection_bnci2014_001_subject2_probabilities.npz
BNCI2014_001,2,baseline,Baseline,0.4,0.6176485465291779,validation_confidence_quantile,validation,False,validation_selected_threshold,0.3958333333333333,0.7894736842105263,0.21052631578947367,0.4548611111111111,0.5572519083969466,0.44274809160305345,131,0.4756944444444444,0.6016055825129528,0.6483449782534892,results/calibration_workflow_bnci2014_001/probabilities/validation_only_selection_bnci2014_001_subject2_probabilities.npz
BNCI2014_001,2,baseline,Baseline,0.6,0.5512392006999135,validation_confidence_quantile,validation,False,validation_selected_threshold,0.5833333333333334,0.7142857142857143,0.2857142857142857,0.6180555555555556,0.550561797752809,0.449438202247191,178,0.4756944444444444,0.6016055825129528,0.6483449782534892,results/calibration_workflow_bnci2014_001/probabilities/validation_only_selection_bnci2014_001_subject2_probabilities.npz
BNCI2014_001,2,baseline,Baseline,0.8,0.434268671870676,validation_confidence_quantile,validation,False,validation_selected_threshold,0.7916666666666666,0.6052631578947368,0.39473684210526316,0.8923611111111112,0.48638132295719844,0.5136186770428015,257,0.4756944444444444,0.6016055825129528,0.6483449782534892,results/calibration_workflow_bnci2014_001/probabilities/validation_only_selection_bnci2014_001_subject2_probabilities.npz
BNCI2014_001,2,baseline,Baseline,0.9,0.37033334926267486,validation_confidence_quantile,validation,False,validation_selected_threshold,0.8958333333333334,0.5348837209302325,0.46511627906976744,0.9583333333333334,0.47101449275362317,0.5289855072463768,276,0.4756944444444444,0.6016055825129528,0.6483449782534892,results/calibration_workflow_bnci2014_001/probabilities/validation_only_selection_bnci2014_001_subject2_probabilities.npz
BNCI2014_001,2,seed_ensemble,Seed ensemble,0.4,0.6381695193273912,validation_confidence_quantile,validation,False,validation_selected_threshold,0.3958333333333333,0.8947368421052632,0.10526315789473684,0.4791666666666667,0.5869565217391305,0.41304347826086957,138,0.46875,0.6261259855341401,0.662753073567404,results/calibration_workflow_bnci2014_001/probabilities/validation_only_selection_bnci2014_001_subject2_probabilities.npz
BNCI2014_001,2,seed_ensemble,Seed ensemble,0.6,0.530595182384187,validation_confidence_quantile,validation,False,validation_selected_threshold,0.5833333333333334,0.7142857142857143,0.2857142857142857,0.6875,0.5505050505050505,0.4494949494949495,198,0.46875,0.6261259855341401,0.662753073567404,results/calibration_workflow_bnci2014_001/probabilities/validation_only_selection_bnci2014_001_subject2_probabilities.npz
BNCI2014_001,2,seed_ensemble,Seed ensemble,0.8,0.4496301047559067,validation_confidence_quantile,validation,False,validation_selected_threshold,0.7916666666666666,0.631578947368421,0.3684210526315789,0.8784722222222222,0.4901185770750988,0.5098814229249012,253,0.46875,0.6261259855341401,0.662753073567404,results/calibration_workflow_bnci2014_001/probabilities/validation_only_selection_bnci2014_001_subject2_probabilities.npz
BNCI2014_001,2,seed_ensemble,Seed ensemble,0.9,0.4331750209156421,validation_confidence_quantile,validation,False,validation_selected_threshold,0.8958333333333334,0.627906976744186,0.37209302325581395,0.9131944444444444,0.4828897338403042,0.5171102661596958,263,0.46875,0.6261259855341401,0.662753073567404,results/calibration_workflow_bnci2014_001/probabilities/validation_only_selection_bnci2014_001_subject2_probabilities.npz
BNCI2014_001,2,teacher_student_mixture,Teacher/student,0.4,0.6192854081426863,validation_confidence_quantile,validation,False,validation_selected_threshold,0.3958333333333333,0.7894736842105263,0.21052631578947367,0.3194444444444444,0.7065217391304348,0.29347826086956524,92,0.4895833333333333,0.5704518087832496,0.5604896117562121,results/calibration_workflow_bnci2014_001/probabilities/validation_only_selection_bnci2014_001_subject2_probabilities.npz
BNCI2014_001,2,teacher_student_mixture,Teacher/student,0.6,0.5176996781565129,validation_confidence_quantile,validation,False,validation_selected_threshold,0.5833333333333334,0.75,0.25,0.4861111111111111,0.6428571428571429,0.35714285714285715,140,0.4895833333333333,0.5704518087832496,0.5604896117562121,results/calibration_workflow_bnci2014_001/probabilities/validation_only_selection_bnci2014_001_subject2_probabilities.npz
BNCI2014_001,2,teacher_student_mixture,Teacher/student,0.8,0.40960046877861284,validation_confidence_quantile,validation,False,validation_selected_threshold,0.7916666666666666,0.6052631578947368,0.39473684210526316,0.7916666666666666,0.5350877192982456,0.4649122807017544,228,0.4895833333333333,0.5704518087832496,0.5604896117562121,results/calibration_workflow_bnci2014_001/probabilities/validation_only_selection_bnci2014_001_subject2_probabilities.npz
BNCI2014_001,2,teacher_student_mixture,Teacher/student,0.9,0.3787503200164029,validation_confidence_quantile,validation,False,validation_selected_threshold,0.8958333333333334,0.5813953488372093,0.4186046511627907,0.8958333333333334,0.5193798449612403,0.4806201550387597,258,0.4895833333333333,0.5704518087832496,0.5604896117562121,results/calibration_workflow_bnci2014_001/probabilities/validation_only_selection_bnci2014_001_subject2_probabilities.npz
BNCI2014_001,2,validation_selected_portfolio,Portfolio,0.4,0.6061309485713996,validation_confidence_quantile,validation,False,validation_selected_threshold,0.3958333333333333,0.8947368421052632,0.10526315789473684,0.6041666666666666,0.5459770114942529,0.4540229885057471,174,0.46875,0.631403745683317,0.693749486534589,results/paper_calibration_stats/validation_selected_portfolio/calibration_workflow_bnci2014_001/probabilities/validation_only_selection_bnci2014_001_subject2_probabilities.npz
BNCI2014_001,2,validation_selected_portfolio,Portfolio,0.6,0.5534698457324154,validation_confidence_quantile,validation,False,validation_selected_threshold,0.5833333333333334,0.7142857142857143,0.2857142857142857,0.7118055555555556,0.5219512195121951,0.47804878048780486,205,0.46875,0.631403745683317,0.693749486534589,results/paper_calibration_stats/validation_selected_portfolio/calibration_workflow_bnci2014_001/probabilities/validation_only_selection_bnci2014_001_subject2_probabilities.npz
BNCI2014_001,2,validation_selected_portfolio,Portfolio,0.8,0.468276930745351,validation_confidence_quantile,validation,False,validation_selected_threshold,0.7916666666666666,0.631578947368421,0.3684210526315789,0.8680555555555556,0.484,0.516,250,0.46875,0.631403745683317,0.693749486534589,results/paper_calibration_stats/validation_selected_portfolio/calibration_workflow_bnci2014_001/probabilities/validation_only_selection_bnci2014_001_subject2_probabilities.npz
BNCI2014_001,2,validation_selected_portfolio,Portfolio,0.9,0.422429424012502,validation_confidence_quantile,validation,False,validation_selected_threshold,0.8958333333333334,0.5813953488372093,0.4186046511627907,0.9444444444444444,0.4742647058823529,0.5257352941176471,272,0.46875,0.631403745683317,0.693749486534589,results/paper_calibration_stats/validation_selected_portfolio/calibration_workflow_bnci2014_001/probabilities/validation_only_selection_bnci2014_001_subject2_probabilities.npz
BNCI2014_001,3,augmentation,Augmentation,0.4,0.8361156754144885,validation_confidence_quantile,validation,False,validation_selected_threshold,0.3958333333333333,0.9473684210526315,0.05263157894736842,0.46875,1.0,0.0,135,0.8263888888888888,0.7771185657851075,0.775354569780908,results/calibration_workflow_bnci2014_001/probabilities/validation_only_selection_bnci2014_001_subject3_probabilities.npz
BNCI2014_001,3,augmentation,Augmentation,0.6,0.7763865850399407,validation_confidence_quantile,validation,False,validation_selected_threshold,0.5833333333333334,0.9642857142857143,0.03571428571428571,0.5451388888888888,0.9808917197452229,0.01910828025477707,157,0.8263888888888888,0.7771185657851075,0.775354569780908,results/calibration_workflow_bnci2014_001/probabilities/validation_only_selection_bnci2014_001_subject3_probabilities.npz
BNCI2014_001,3,augmentation,Augmentation,0.8,0.6775428000320319,validation_confidence_quantile,validation,False,validation_selected_threshold,0.7916666666666666,0.8947368421052632,0.10526315789473684,0.6701388888888888,0.9430051813471503,0.05699481865284974,193,0.8263888888888888,0.7771185657851075,0.775354569780908,results/calibration_workflow_bnci2014_001/probabilities/validation_only_selection_bnci2014_001_subject3_probabilities.npz
BNCI2014_001,3,augmentation,Augmentation,0.9,0.5606917135688,validation_confidence_quantile,validation,False,validation_selected_threshold,0.8958333333333334,0.8604651162790697,0.13953488372093023,0.8263888888888888,0.8949579831932774,0.10504201680672269,238,0.8263888888888888,0.7771185657851075,0.775354569780908,results/calibration_workflow_bnci2014_001/probabilities/validation_only_selection_bnci2014_001_subject3_probabilities.npz
BNCI2014_001,3,baseline,Baseline,0.4,0.8725889705832975,validation_confidence_quantile,validation,False,validation_selected_threshold,0.3958333333333333,1.0,0.0,0.4826388888888889,1.0,0.0,139,0.8645833333333334,0.7911233191078151,0.794909844099798,results/calibration_workflow_bnci2014_001/probabilities/validation_only_selection_bnci2014_001_subject3_probabilities.npz
BNCI2014_001,3,baseline,Baseline,0.6,0.7678730940842424,validation_confidence_quantile,validation,False,validation_selected_threshold,0.5833333333333334,0.9285714285714286,0.07142857142857142,0.6076388888888888,0.9885714285714285,0.011428571428571429,175,0.8645833333333334,0.7911233191078151,0.794909844099798,results/calibration_workflow_bnci2014_001/probabilities/validation_only_selection_bnci2014_001_subject3_probabilities.npz
BNCI2014_001,3,baseline,Baseline,0.8,0.6812801257979105,validation_confidence_quantile,validation,False,validation_selected_threshold,0.7916666666666666,0.868421052631579,0.13157894736842105,0.71875,0.9516908212560387,0.04830917874396135,207,0.8645833333333334,0.7911233191078151,0.794909844099798,results/calibration_workflow_bnci2014_001/probabilities/validation_only_selection_bnci2014_001_subject3_probabilities.npz
BNCI2014_001,3,baseline,Baseline,0.9,0.5726431757528418,validation_confidence_quantile,validation,False,validation_selected_threshold,0.8958333333333334,0.8604651162790697,0.13953488372093023,0.8229166666666666,0.9282700421940928,0.07172995780590717,237,0.8645833333333334,0.7911233191078151,0.794909844099798,results/calibration_workflow_bnci2014_001/probabilities/validation_only_selection_bnci2014_001_subject3_probabilities.npz
BNCI2014_001,3,seed_ensemble,Seed ensemble,0.4,0.7754539177584355,validation_confidence_quantile,validation,False,validation_selected_threshold,0.3958333333333333,0.9473684210526315,0.05263157894736842,0.5381944444444444,0.9806451612903225,0.01935483870967742,155,0.8298611111111112,0.7234791766826619,0.7583354584771037,results/calibration_workflow_bnci2014_001/probabilities/validation_only_selection_bnci2014_001_subject3_probabilities.npz
BNCI2014_001,3,seed_ensemble,Seed ensemble,0.6,0.6720061414838867,validation_confidence_quantile,validation,False,validation_selected_threshold,0.5833333333333334,0.8928571428571429,0.10714285714285714,0.6527777777777778,0.9468085106382979,0.05319148936170213,188,0.8298611111111112,0.7234791766826619,0.7583354584771037,results/calibration_workflow_bnci2014_001/probabilities/validation_only_selection_bnci2014_001_subject3_probabilities.npz
BNCI2014_001,3,seed_ensemble,Seed ensemble,0.8,0.5433590338981166,validation_confidence_quantile,validation,False,validation_selected_threshold,0.7916666666666666,0.868421052631579,0.13157894736842105,0.7986111111111112,0.8826086956521739,0.11739130434782609,230,0.8298611111111112,0.7234791766826619,0.7583354584771037,results/calibration_workflow_bnci2014_001/probabilities/validation_only_selection_bnci2014_001_subject3_probabilities.npz
BNCI2014_001,3,seed_ensemble,Seed ensemble,0.9,0.5157919968428613,validation_confidence_quantile,validation,False,validation_selected_threshold,0.8958333333333334,0.8372093023255814,0.16279069767441862,0.8645833333333334,0.8634538152610441,0.13654618473895583,249,0.8298611111111112,0.7234791766826619,0.7583354584771037,results/calibration_workflow_bnci2014_001/probabilities/validation_only_selection_bnci2014_001_subject3_probabilities.npz
BNCI2014_001,3,teacher_student_mixture,Teacher/student,0.4,0.9180819580310984,validation_confidence_quantile,validation,False,validation_selected_threshold,0.3958333333333333,1.0,0.0,0.4652777777777778,1.0,0.0,134,0.8402777777777778,0.8096908207649399,0.8249839470859829,results/calibration_workflow_bnci2014_001/probabilities/validation_only_selection_bnci2014_001_subject3_probabilities.npz
BNCI2014_001,3,teacher_student_mixture,Teacher/student,0.6,0.8429512056736055,validation_confidence_quantile,validation,False,validation_selected_threshold,0.5833333333333334,0.9642857142857143,0.03571428571428571,0.5833333333333334,0.9880952380952381,0.011904761904761904,168,0.8402777777777778,0.8096908207649399,0.8249839470859829,results/calibration_workflow_bnci2014_001/probabilities/validation_only_selection_bnci2014_001_subject3_probabilities.npz
BNCI2014_001,3,teacher_student_mixture,Teacher/student,0.8,0.6359001232262669,validation_confidence_quantile,validation,False,validation_selected_threshold,0.7916666666666666,0.868421052631579,0.13157894736842105,0.8159722222222222,0.9191489361702128,0.08085106382978724,235,0.8402777777777778,0.8096908207649399,0.8249839470859829,results/calibration_workflow_bnci2014_001/probabilities/validation_only_selection_bnci2014_001_subject3_probabilities.npz
BNCI2014_001,3,teacher_student_mixture,Teacher/student,0.9,0.4977794569068422,validation_confidence_quantile,validation,False,validation_selected_threshold,0.8958333333333334,0.8604651162790697,0.13953488372093023,0.9479166666666666,0.8644688644688645,0.13553113553113552,273,0.8402777777777778,0.8096908207649399,0.8249839470859829,results/calibration_workflow_bnci2014_001/probabilities/validation_only_selection_bnci2014_001_subject3_probabilities.npz
BNCI2014_001,3,validation_selected_portfolio,Portfolio,0.4,0.9180819580310984,validation_confidence_quantile,validation,False,validation_selected_threshold,0.3958333333333333,1.0,0.0,0.4652777777777778,1.0,0.0,134,0.8402777777777778,0.8096908207649399,0.8249839470859829,results/paper_calibration_stats/validation_selected_portfolio/calibration_workflow_bnci2014_001/probabilities/validation_only_selection_bnci2014_001_subject3_probabilities.npz
BNCI2014_001,3,validation_selected_portfolio,Portfolio,0.6,0.8429512056736055,validation_confidence_quantile,validation,False,validation_selected_threshold,0.5833333333333334,0.9642857142857143,0.03571428571428571,0.5833333333333334,0.9880952380952381,0.011904761904761904,168,0.8402777777777778,0.8096908207649399,0.8249839470859829,results/paper_calibration_stats/validation_selected_portfolio/calibration_workflow_bnci2014_001/probabilities/validation_only_selection_bnci2014_001_subject3_probabilities.npz
BNCI2014_001,3,validation_selected_portfolio,Portfolio,0.8,0.6359001232262669,validation_confidence_quantile,validation,False,validation_selected_threshold,0.7916666666666666,0.868421052631579,0.13157894736842105,0.8159722222222222,0.9191489361702128,0.08085106382978724,235,0.8402777777777778,0.8096908207649399,0.8249839470859829,results/paper_calibration_stats/validation_selected_portfolio/calibration_workflow_bnci2014_001/probabilities/validation_only_selection_bnci2014_001_subject3_probabilities.npz
BNCI2014_001,3,validation_selected_portfolio,Portfolio,0.9,0.4977794569068422,validation_confidence_quantile,validation,False,validation_selected_threshold,0.8958333333333334,0.8604651162790697,0.13953488372093023,0.9479166666666666,0.8644688644688645,0.13553113553113552,273,0.8402777777777778,0.8096908207649399,0.8249839470859829,results/paper_calibration_stats/validation_selected_portfolio/calibration_workflow_bnci2014_001/probabilities/validation_only_selection_bnci2014_001_subject3_probabilities.npz
BNCI2014_001,4,augmentation,Augmentation,0.4,0.7157819377747466,validation_confidence_quantile,validation,False,validation_selected_threshold,0.3958333333333333,0.8421052631578947,0.15789473684210525,0.4756944444444444,0.8248175182481752,0.17518248175182483,137,0.6736111111111112,0.6675928632909254,0.684470472292649,results/calibration_workflow_bnci2014_001/probabilities/validation_only_selection_bnci2014_001_subject4_probabilities.npz
BNCI2014_001,4,augmentation,Augmentation,0.6,0.6356499838504939,validation_confidence_quantile,validation,False,validation_selected_threshold,0.5833333333333334,0.7142857142857143,0.2857142857142857,0.5798611111111112,0.7844311377245509,0.2155688622754491,167,0.6736111111111112,0.6675928632909254,0.684470472292649,results/calibration_workflow_bnci2014_001/probabilities/validation_only_selection_bnci2014_001_subject4_probabilities.npz
BNCI2014_001,4,augmentation,Augmentation,0.8,0.5183036942716825,validation_confidence_quantile,validation,False,validation_selected_threshold,0.7916666666666666,0.6842105263157895,0.3157894736842105,0.7777777777777778,0.7633928571428571,0.23660714285714285,224,0.6736111111111112,0.6675928632909254,0.684470472292649,results/calibration_workflow_bnci2014_001/probabilities/validation_only_selection_bnci2014_001_subject4_probabilities.npz
BNCI2014_001,4,augmentation,Augmentation,0.9,0.47793037544999006,validation_confidence_quantile,validation,False,validation_selected_threshold,0.8958333333333334,0.6976744186046512,0.3023255813953488,0.8611111111111112,0.7258064516129032,0.27419354838709675,248,0.6736111111111112,0.6675928632909254,0.684470472292649,results/calibration_workflow_bnci2014_001/probabilities/validation_only_selection_bnci2014_001_subject4_probabilities.npz
BNCI2014_001,4,baseline,Baseline,0.4,0.7157819377747466,validation_confidence_quantile,validation,False,validation_selected_threshold,0.3958333333333333,0.8421052631578947,0.15789473684210525,0.4756944444444444,0.8248175182481752,0.17518248175182483,137,0.6736111111111112,0.6675928632909254,0.684470472292649,results/calibration_workflow_bnci2014_001/probabilities/validation_only_selection_bnci2014_001_subject4_probabilities.npz
BNCI2014_001,4,baseline,Baseline,0.6,0.6356499838504939,validation_confidence_quantile,validation,False,validation_selected_threshold,0.5833333333333334,0.7142857142857143,0.2857142857142857,0.5798611111111112,0.7844311377245509,0.2155688622754491,167,0.6736111111111112,0.6675928632909254,0.684470472292649,results/calibration_workflow_bnci2014_001/probabilities/validation_only_selection_bnci2014_001_subject4_probabilities.npz
BNCI2014_001,4,baseline,Baseline,0.8,0.5183036942716825,validation_confidence_quantile,validation,False,validation_selected_threshold,0.7916666666666666,0.6842105263157895,0.3157894736842105,0.7777777777777778,0.7633928571428571,0.23660714285714285,224,0.6736111111111112,0.6675928632909254,0.684470472292649,results/calibration_workflow_bnci2014_001/probabilities/validation_only_selection_bnci2014_001_subject4_probabilities.npz
BNCI2014_001,4,baseline,Baseline,0.9,0.47793037544999006,validation_confidence_quantile,validation,False,validation_selected_threshold,0.8958333333333334,0.6976744186046512,0.3023255813953488,0.8611111111111112,0.7258064516129032,0.27419354838709675,248,0.6736111111111112,0.6675928632909254,0.684470472292649,results/calibration_workflow_bnci2014_001/probabilities/validation_only_selection_bnci2014_001_subject4_probabilities.npz
BNCI2014_001,4,seed_ensemble,Seed ensemble,0.4,0.7144203106192465,validation_confidence_quantile,validation,False,validation_selected_threshold,0.3958333333333333,0.8421052631578947,0.15789473684210525,0.5034722222222222,0.8137931034482758,0.18620689655172415,145,0.6875,0.6656771348113161,0.6976122683793413,results/calibration_workflow_bnci2014_001/probabilities/validation_only_selection_bnci2014_001_subject4_probabilities.npz
BNCI2014_001,4,seed_ensemble,Seed ensemble,0.6,0.6104224256006358,validation_confidence_quantile,validation,False,validation_selected_threshold,0.5833333333333334,0.6785714285714286,0.32142857142857145,0.6319444444444444,0.7967032967032966,0.2032967032967033,182,0.6875,0.6656771348113161,0.6976122683793413,results/calibration_workflow_bnci2014_001/probabilities/validation_only_selection_bnci2014_001_subject4_probabilities.npz
BNCI2014_001,4,seed_ensemble,Seed ensemble,0.8,0.5306746999224625,validation_confidence_quantile,validation,False,validation_selected_threshold,0.7916666666666666,0.7105263157894737,0.2894736842105263,0.78125,0.7555555555555555,0.24444444444444444,225,0.6875,0.6656771348113161,0.6976122683793413,results/calibration_workflow_bnci2014_001/probabilities/validation_only_selection_bnci2014_001_subject4_probabilities.npz
BNCI2014_001,4,seed_ensemble,Seed ensemble,0.9,0.48843272792648185,validation_confidence_quantile,validation,False,validation_selected_threshold,0.8958333333333334,0.6744186046511628,0.32558139534883723,0.8472222222222222,0.7459016393442623,0.2540983606557377,244,0.6875,0.6656771348113161,0.6976122683793413,results/calibration_workflow_bnci2014_001/probabilities/validation_only_selection_bnci2014_001_subject4_probabilities.npz
BNCI2014_001,4,teacher_student_mixture,Teacher/student,0.4,0.703579959632531,validation_confidence_quantile,validation,False,validation_selected_threshold,0.3958333333333333,0.8947368421052632,0.10526315789473684,0.4722222222222222,0.8235294117647058,0.17647058823529413,136,0.6701388888888888,0.655547342721278,0.6713769816969823,results/calibration_workflow_bnci2014_001/probabilities/validation_only_selection_bnci2014_001_subject4_probabilities.npz
BNCI2014_001,4,teacher_student_mixture,Teacher/student,0.6,0.6251394550737539,validation_confidence_quantile,validation,False,validation_selected_threshold,0.5833333333333334,0.75,0.25,0.5625,0.8024691358024691,0.19753086419753085,162,0.6701388888888888,0.655547342721278,0.6713769816969823,results/calibration_workflow_bnci2014_001/probabilities/validation_only_selection_bnci2014_001_subject4_probabilities.npz
BNCI2014_001,4,teacher_student_mixture,Teacher/student,0.8,0.5053775812428896,validation_confidence_quantile,validation,False,validation_selected_threshold,0.7916666666666666,0.6842105263157895,0.3157894736842105,0.7847222222222222,0.7566371681415929,0.24336283185840707,226,0.6701388888888888,0.655547342721278,0.6713769816969823,results/calibration_workflow_bnci2014_001/probabilities/validation_only_selection_bnci2014_001_subject4_probabilities.npz
BNCI2014_001,4,teacher_student_mixture,Teacher/student,0.9,0.4706661175290662,validation_confidence_quantile,validation,False,validation_selected_threshold,0.8958333333333334,0.6976744186046512,0.3023255813953488,0.8541666666666666,0.7317073170731707,0.2682926829268293,246,0.6701388888888888,0.655547342721278,0.6713769816969823,results/calibration_workflow_bnci2014_001/probabilities/validation_only_selection_bnci2014_001_subject4_probabilities.npz
BNCI2014_001,4,validation_selected_portfolio,Portfolio,0.4,0.703579959632531,validation_confidence_quantile,validation,False,validation_selected_threshold,0.3958333333333333,0.8947368421052632,0.10526315789473684,0.4722222222222222,0.8235294117647058,0.17647058823529413,136,0.6701388888888888,0.655547342721278,0.6713769816969823,results/paper_calibration_stats/validation_selected_portfolio/calibration_workflow_bnci2014_001/probabilities/validation_only_selection_bnci2014_001_subject4_probabilities.npz
BNCI2014_001,4,validation_selected_portfolio,Portfolio,0.6,0.6251394550737539,validation_confidence_quantile,validation,False,validation_selected_threshold,0.5833333333333334,0.75,0.25,0.5625,0.8024691358024691,0.19753086419753085,162,0.6701388888888888,0.655547342721278,0.6713769816969823,results/paper_calibration_stats/validation_selected_portfolio/calibration_workflow_bnci2014_001/probabilities/validation_only_selection_bnci2014_001_subject4_probabilities.npz
BNCI2014_001,4,validation_selected_portfolio,Portfolio,0.8,0.5053775812428896,validation_confidence_quantile,validation,False,validation_selected_threshold,0.7916666666666666,0.6842105263157895,0.3157894736842105,0.7847222222222222,0.7566371681415929,0.24336283185840707,226,0.6701388888888888,0.655547342721278,0.6713769816969823,results/paper_calibration_stats/validation_selected_portfolio/calibration_workflow_bnci2014_001/probabilities/validation_only_selection_bnci2014_001_subject4_probabilities.npz
BNCI2014_001,4,validation_selected_portfolio,Portfolio,0.9,0.4706661175290662,validation_confidence_quantile,validation,False,validation_selected_threshold,0.8958333333333334,0.6976744186046512,0.3023255813953488,0.8541666666666666,0.7317073170731707,0.2682926829268293,246,0.6701388888888888,0.655547342721278,0.6713769816969823,results/paper_calibration_stats/validation_selected_portfolio/calibration_workflow_bnci2014_001/probabilities/validation_only_selection_bnci2014_001_subject4_probabilities.npz
BNCI2014_001,5,augmentation,Augmentation,0.4,0.43725344864467863,validation_confidence_quantile,validation,False,validation_selected_threshold,0.3958333333333333,0.47368421052631576,0.5263157894736842,0.3472222222222222,0.49,0.51,100,0.4201388888888889,0.4295579374809411,0.4181091809631862,results/calibration_workflow_bnci2014_001/probabilities/validation_only_selection_bnci2014_001_subject5_probabilities.npz
BNCI2014_001,5,augmentation,Augmentation,0.6,0.40048447848088264,validation_confidence_quantile,validation,False,validation_selected_threshold,0.5833333333333334,0.5,0.5,0.4965277777777778,0.5174825174825175,0.4825174825174825,143,0.4201388888888889,0.4295579374809411,0.4181091809631862,results/calibration_workflow_bnci2014_001/probabilities/validation_only_selection_bnci2014_001_subject5_probabilities.npz
BNCI2014_001,5,augmentation,Augmentation,0.8,0.35080500914446994,validation_confidence_quantile,validation,False,validation_selected_threshold,0.7916666666666666,0.47368421052631576,0.5263157894736842,0.7326388888888888,0.46919431279620855,0.5308056872037915,211,0.4201388888888889,0.4295579374809411,0.4181091809631862,results/calibration_workflow_bnci2014_001/probabilities/validation_only_selection_bnci2014_001_subject5_probabilities.npz
BNCI2014_001,5,augmentation,Augmentation,0.9,0.3329695165157318,validation_confidence_quantile,validation,False,validation_selected_threshold,0.8958333333333334,0.46511627906976744,0.5348837209302325,0.8402777777777778,0.4380165289256198,0.5619834710743802,242,0.4201388888888889,0.4295579374809411,0.4181091809631862,results/calibration_workflow_bnci2014_001/probabilities/validation_only_selection_bnci2014_001_subject5_probabilities.npz
BNCI2014_001,5,baseline,Baseline,0.4,0.3335784375667572,validation_confidence_quantile,validation,False,validation_selected_threshold,0.3958333333333333,0.47368421052631576,0.5263157894736842,0.6111111111111112,0.4090909090909091,0.5909090909090909,176,0.3819444444444444,0.34325899500839374,0.36851618795239416,results/calibration_workflow_bnci2014_001/probabilities/validation_only_selection_bnci2014_001_subject5_probabilities.npz
BNCI2014_001,5,baseline,Baseline,0.6,0.32396248948462275,validation_confidence_quantile,validation,False,validation_selected_threshold,0.5833333333333334,0.39285714285714285,0.6071428571428571,0.6909722222222222,0.4120603015075377,0.5879396984924623,199,0.3819444444444444,0.34325899500839374,0.36851618795239416,results/calibration_workflow_bnci2014_001/probabilities/validation_only_selection_bnci2014_001_subject5_probabilities.npz
BNCI2014_001,5,baseline,Baseline,0.8,0.3117498801909369,validation_confidence_quantile,validation,False,validation_selected_threshold,0.7916666666666666,0.3684210526315789,0.631578947368421,0.7569444444444444,0.39908256880733944,0.6009174311926605,218,0.3819444444444444,0.34325899500839374,0.36851618795239416,results/calibration_workflow_bnci2014_001/probabilities/validation_only_selection_bnci2014_001_subject5_probabilities.npz
BNCI2014_001,5,baseline,Baseline,0.9,0.29277315735816956,validation_confidence_quantile,validation,False,validation_selected_threshold,0.8958333333333334,0.37209302325581395,0.627906976744186,0.8645833333333334,0.39357429718875503,0.606425702811245,249,0.3819444444444444,0.34325899500839374,0.36851618795239416,results/calibration_workflow_bnci2014_001/probabilities/validation_only_selection_bnci2014_001_subject5_probabilities.npz
BNCI2014_001,5,seed_ensemble,Seed ensemble,0.4,0.3803028222963635,validation_confidence_quantile,validation,False,validation_selected_threshold,0.3958333333333333,0.42105263157894735,0.5789473684210527,0.5416666666666666,0.42948717948717946,0.5705128205128205,156,0.3784722222222222,0.3820538103495806,0.4149473643991992,results/calibration_workflow_bnci2014_001/probabilities/validation_only_selection_bnci2014_001_subject5_probabilities.npz
BNCI2014_001,5,seed_ensemble,Seed ensemble,0.6,0.3705611526966095,validation_confidence_quantile,validation,False,validation_selected_threshold,0.5833333333333334,0.39285714285714285,0.6071428571428571,0.59375,0.4152046783625731,0.5847953216374269,171,0.3784722222222222,0.3820538103495806,0.4149473643991992,results/calibration_workflow_bnci2014_001/probabilities/validation_only_selection_bnci2014_001_subject5_probabilities.npz
BNCI2014_001,5,seed_ensemble,Seed ensemble,0.8,0.33710548281669617,validation_confidence_quantile,validation,False,validation_selected_threshold,0.7916666666666666,0.42105263157894735,0.5789473684210527,0.7847222222222222,0.39823008849557523,0.6017699115044248,226,0.3784722222222222,0.3820538103495806,0.4149473643991992,results/calibration_workflow_bnci2014_001/probabilities/validation_only_selection_bnci2014_001_subject5_probabilities.npz
BNCI2014_001,5,seed_ensemble,Seed ensemble,0.9,0.3202701508998871,validation_confidence_quantile,validation,False,validation_selected_threshold,0.8958333333333334,0.37209302325581395,0.627906976744186,0.8645833333333334,0.3895582329317269,0.6104417670682731,249,0.3784722222222222,0.3820538103495806,0.4149473643991992,results/calibration_workflow_bnci2014_001/probabilities/validation_only_selection_bnci2014_001_subject5_probabilities.npz
BNCI2014_001,5,teacher_student_mixture,Teacher/student,0.4,0.3163322759221155,validation_confidence_quantile,validation,False,validation_selected_threshold,0.3958333333333333,0.47368421052631576,0.5263157894736842,0.5173611111111112,0.44966442953020136,0.5503355704697986,149,0.4201388888888889,0.3218921771371844,0.3293464374423527,results/calibration_workflow_bnci2014_001/probabilities/validation_only_selection_bnci2014_001_subject5_probabilities.npz
BNCI2014_001,5,teacher_student_mixture,Teacher/student,0.6,0.3101897583930158,validation_confidence_quantile,validation,False,validation_selected_threshold,0.5833333333333334,0.39285714285714285,0.6071428571428571,0.5868055555555556,0.4437869822485207,0.5562130177514792,169,0.4201388888888889,0.3218921771371844,0.3293464374423527,results/calibration_workflow_bnci2014_001/probabilities/validation_only_selection_bnci2014_001_subject5_probabilities.npz
BNCI2014_001,5,teacher_student_mixture,Teacher/student,0.8,0.29395398059555916,validation_confidence_quantile,validation,False,validation_selected_threshold,0.7916666666666666,0.3684210526315789,0.631578947368421,0.7465277777777778,0.44651162790697674,0.5534883720930233,215,0.4201388888888889,0.3218921771371844,0.3293464374423527,results/calibration_workflow_bnci2014_001/probabilities/validation_only_selection_bnci2014_001_subject5_probabilities.npz
BNCI2014_001,5,teacher_student_mixture,Teacher/student,0.9,0.28637027740478516,validation_confidence_quantile,validation,False,validation_selected_threshold,0.8958333333333334,0.3953488372093023,0.6046511627906976,0.8333333333333334,0.4375,0.5625,240,0.4201388888888889,0.3218921771371844,0.3293464374423527,results/calibration_workflow_bnci2014_001/probabilities/validation_only_selection_bnci2014_001_subject5_probabilities.npz
BNCI2014_001,5,validation_selected_portfolio,Portfolio,0.4,0.43725344864467863,validation_confidence_quantile,validation,False,validation_selected_threshold,0.3958333333333333,0.47368421052631576,0.5263157894736842,0.3472222222222222,0.49,0.51,100,0.4201388888888889,0.4295579374809411,0.4181091809631862,results/paper_calibration_stats/validation_selected_portfolio/calibration_workflow_bnci2014_001/probabilities/validation_only_selection_bnci2014_001_subject5_probabilities.npz
BNCI2014_001,5,validation_selected_portfolio,Portfolio,0.6,0.40048447848088264,validation_confidence_quantile,validation,False,validation_selected_threshold,0.5833333333333334,0.5,0.5,0.4965277777777778,0.5174825174825175,0.4825174825174825,143,0.4201388888888889,0.4295579374809411,0.4181091809631862,results/paper_calibration_stats/validation_selected_portfolio/calibration_workflow_bnci2014_001/probabilities/validation_only_selection_bnci2014_001_subject5_probabilities.npz
BNCI2014_001,5,validation_selected_portfolio,Portfolio,0.8,0.35080500914446994,validation_confidence_quantile,validation,False,validation_selected_threshold,0.7916666666666666,0.47368421052631576,0.5263157894736842,0.7326388888888888,0.46919431279620855,0.5308056872037915,211,0.4201388888888889,0.4295579374809411,0.4181091809631862,results/paper_calibration_stats/validation_selected_portfolio/calibration_workflow_bnci2014_001/probabilities/validation_only_selection_bnci2014_001_subject5_probabilities.npz
BNCI2014_001,5,validation_selected_portfolio,Portfolio,0.9,0.3329695165157318,validation_confidence_quantile,validation,False,validation_selected_threshold,0.8958333333333334,0.46511627906976744,0.5348837209302325,0.8402777777777778,0.4380165289256198,0.5619834710743802,242,0.4201388888888889,0.4295579374809411,0.4181091809631862,results/paper_calibration_stats/validation_selected_portfolio/calibration_workflow_bnci2014_001/probabilities/validation_only_selection_bnci2014_001_subject5_probabilities.npz
BNCI2014_001,6,augmentation,Augmentation,0.4,0.4693896998556003,validation_confidence_quantile,validation,False,validation_selected_threshold,0.3958333333333333,0.6842105263157895,0.3157894736842105,0.4444444444444444,0.7109375,0.2890625,128,0.5277777777777778,0.4764841855814443,0.4648236057101525,results/calibration_workflow_bnci2014_001/probabilities/validation_only_selection_bnci2014_001_subject6_probabilities.npz
BNCI2014_001,6,augmentation,Augmentation,0.6,0.4383692741394043,validation_confidence_quantile,validation,False,validation_selected_threshold,0.5833333333333334,0.6071428571428571,0.39285714285714285,0.5243055555555556,0.6556291390728477,0.3443708609271523,151,0.5277777777777778,0.4764841855814443,0.4648236057101525,results/calibration_workflow_bnci2014_001/probabilities/validation_only_selection_bnci2014_001_subject6_probabilities.npz
BNCI2014_001,6,augmentation,Augmentation,0.8,0.3921504020690918,validation_confidence_quantile,validation,False,validation_selected_threshold,0.7916666666666666,0.6052631578947368,0.39473684210526316,0.6770833333333334,0.6205128205128205,0.37948717948717947,195,0.5277777777777778,0.4764841855814443,0.4648236057101525,results/calibration_workflow_bnci2014_001/probabilities/validation_only_selection_bnci2014_001_subject6_probabilities.npz
BNCI2014_001,6,augmentation,Augmentation,0.9,0.35470902919769287,validation_confidence_quantile,validation,False,validation_selected_threshold,0.8958333333333334,0.5813953488372093,0.4186046511627907,0.84375,0.5720164609053497,0.4279835390946502,243,0.5277777777777778,0.4764841855814443,0.4648236057101525,results/calibration_workflow_bnci2014_001/probabilities/validation_only_selection_bnci2014_001_subject6_probabilities.npz
BNCI2014_001,6,baseline,Baseline,0.4,0.46421173560777107,validation_confidence_quantile,validation,False,validation_selected_threshold,0.3958333333333333,0.631578947368421,0.3684210526315789,0.4479166666666667,0.6434108527131783,0.35658914728682173,129,0.5,0.4747337045906732,0.46430596214347414,results/calibration_workflow_bnci2014_001/probabilities/validation_only_selection_bnci2014_001_subject6_probabilities.npz
BNCI2014_001,6,baseline,Baseline,0.6,0.4330979521110959,validation_confidence_quantile,validation,False,validation_selected_threshold,0.5833333333333334,0.5714285714285714,0.42857142857142855,0.5659722222222222,0.6073619631901841,0.39263803680981596,163,0.5,0.4747337045906732,0.46430596214347414,results/calibration_workflow_bnci2014_001/probabilities/validation_only_selection_bnci2014_001_subject6_probabilities.npz
BNCI2014_001,6,baseline,Baseline,0.8,0.39906448125839233,validation_confidence_quantile,validation,False,validation_selected_threshold,0.7916666666666666,0.5789473684210527,0.42105263157894735,0.6944444444444444,0.57,0.43,200,0.5,0.4747337045906732,0.46430596214347414,results/calibration_workflow_bnci2014_001/probabilities/validation_only_selection_bnci2014_001_subject6_probabilities.npz
BNCI2014_001,6,baseline,Baseline,0.9,0.36025604337263073,validation_confidence_quantile,validation,False,validation_selected_threshold,0.8958333333333334,0.6046511627906976,0.3953488372093023,0.8125,0.5384615384615384,0.46153846153846156,234,0.5,0.4747337045906732,0.46430596214347414,results/calibration_workflow_bnci2014_001/probabilities/validation_only_selection_bnci2014_001_subject6_probabilities.npz
BNCI2014_001,6,seed_ensemble,Seed ensemble,0.4,0.5455887216033652,validation_confidence_quantile,validation,False,validation_selected_threshold,0.3958333333333333,0.7368421052631579,0.2631578947368421,0.4027777777777778,0.7327586206896551,0.2672413793103448,116,0.5381944444444444,0.5311129647396308,0.5274220683934824,results/calibration_workflow_bnci2014_001/probabilities/validation_only_selection_bnci2014_001_subject6_probabilities.npz
BNCI2014_001,6,seed_ensemble,Seed ensemble,0.6,0.489324660931992,validation_confidence_quantile,validation,False,validation_selected_threshold,0.5833333333333334,0.6428571428571429,0.35714285714285715,0.53125,0.6797385620915033,0.3202614379084967,153,0.5381944444444444,0.5311129647396308,0.5274220683934824,results/calibration_workflow_bnci2014_001/probabilities/validation_only_selection_bnci2014_001_subject6_probabilities.npz
BNCI2014_001,6,seed_ensemble,Seed ensemble,0.8,0.4180870323025656,validation_confidence_quantile,validation,False,validation_selected_threshold,0.7916666666666666,0.6052631578947368,0.39473684210526316,0.71875,0.6086956521739131,0.391304347826087,207,0.5381944444444444,0.5311129647396308,0.5274220683934824,results/calibration_workflow_bnci2014_001/probabilities/validation_only_selection_bnci2014_001_subject6_probabilities.npz
BNCI2014_001,6,seed_ensemble,Seed ensemble,0.9,0.3774710921754769,validation_confidence_quantile,validation,False,validation_selected_threshold,0.8958333333333334,0.5813953488372093,0.4186046511627907,0.875,0.5714285714285714,0.42857142857142855,252,0.5381944444444444,0.5311129647396308,0.5274220683934824,results/calibration_workflow_bnci2014_001/probabilities/validation_only_selection_bnci2014_001_subject6_probabilities.npz
BNCI2014_001,6,teacher_student_mixture,Teacher/student,0.4,0.4343740577343992,validation_confidence_quantile,validation,False,validation_selected_threshold,0.3958333333333333,0.631578947368421,0.3684210526315789,0.4131944444444444,0.6470588235294118,0.35294117647058826,119,0.5104166666666666,0.4352350382073906,0.42789025278952153,results/calibration_workflow_bnci2014_001/probabilities/validation_only_selection_bnci2014_001_subject6_probabilities.npz
BNCI2014_001,6,teacher_student_mixture,Teacher/student,0.6,0.39713030461772825,validation_confidence_quantile,validation,False,validation_selected_threshold,0.5833333333333334,0.6071428571428571,0.39285714285714285,0.5868055555555556,0.6272189349112426,0.3727810650887574,169,0.5104166666666666,0.4352350382073906,0.42789025278952153,results/calibration_workflow_bnci2014_001/probabilities/validation_only_selection_bnci2014_001_subject6_probabilities.npz
BNCI2014_001,6,teacher_student_mixture,Teacher/student,0.8,0.36731695581500295,validation_confidence_quantile,validation,False,validation_selected_threshold,0.7916666666666666,0.6052631578947368,0.39473684210526316,0.7222222222222222,0.5625,0.4375,208,0.5104166666666666,0.4352350382073906,0.42789025278952153,results/calibration_workflow_bnci2014_001/probabilities/validation_only_selection_bnci2014_001_subject6_probabilities.npz
BNCI2014_001,6,teacher_student_mixture,Teacher/student,0.9,0.36221730169330085,validation_confidence_quantile,validation,False,validation_selected_threshold,0.8958333333333334,0.627906976744186,0.37209302325581395,0.7534722222222222,0.5622119815668203,0.4377880184331797,217,0.5104166666666666,0.4352350382073906,0.42789025278952153,results/calibration_workflow_bnci2014_001/probabilities/validation_only_selection_bnci2014_001_subject6_probabilities.npz
BNCI2014_001,6,validation_selected_portfolio,Portfolio,0.4,0.5455887216033652,validation_confidence_quantile,validation,False,validation_selected_threshold,0.3958333333333333,0.7368421052631579,0.2631578947368421,0.4027777777777778,0.7327586206896551,0.2672413793103448,116,0.5381944444444444,0.5311129647396308,0.5274220683934824,results/paper_calibration_stats/validation_selected_portfolio/calibration_workflow_bnci2014_001/probabilities/validation_only_selection_bnci2014_001_subject6_probabilities.npz
BNCI2014_001,6,validation_selected_portfolio,Portfolio,0.6,0.489324660931992,validation_confidence_quantile,validation,False,validation_selected_threshold,0.5833333333333334,0.6428571428571429,0.35714285714285715,0.53125,0.6797385620915033,0.3202614379084967,153,0.5381944444444444,0.5311129647396308,0.5274220683934824,results/paper_calibration_stats/validation_selected_portfolio/calibration_workflow_bnci2014_001/probabilities/validation_only_selection_bnci2014_001_subject6_probabilities.npz
BNCI2014_001,6,validation_selected_portfolio,Portfolio,0.8,0.4180870323025656,validation_confidence_quantile,validation,False,validation_selected_threshold,0.7916666666666666,0.6052631578947368,0.39473684210526316,0.71875,0.6086956521739131,0.391304347826087,207,0.5381944444444444,0.5311129647396308,0.5274220683934824,results/paper_calibration_stats/validation_selected_portfolio/calibration_workflow_bnci2014_001/probabilities/validation_only_selection_bnci2014_001_subject6_probabilities.npz
BNCI2014_001,6,validation_selected_portfolio,Portfolio,0.9,0.3774710921754769,validation_confidence_quantile,validation,False,validation_selected_threshold,0.8958333333333334,0.5813953488372093,0.4186046511627907,0.875,0.5714285714285714,0.42857142857142855,252,0.5381944444444444,0.5311129647396308,0.5274220683934824,results/paper_calibration_stats/validation_selected_portfolio/calibration_workflow_bnci2014_001/probabilities/validation_only_selection_bnci2014_001_subject6_probabilities.npz
BNCI2014_001,7,augmentation,Augmentation,0.4,0.7909311231773011,validation_confidence_quantile,validation,False,validation_selected_threshold,0.3958333333333333,0.8421052631578947,0.15789473684210525,0.4305555555555556,0.9112903225806451,0.08870967741935484,124,0.8055555555555556,0.718232882351222,0.7471464228746589,results/calibration_workflow_bnci2014_001/probabilities/validation_only_selection_bnci2014_001_subject7_probabilities.npz
BNCI2014_001,7,augmentation,Augmentation,0.6,0.661064794673175,validation_confidence_quantile,validation,False,validation_selected_threshold,0.5833333333333334,0.7857142857142857,0.21428571428571427,0.6805555555555556,0.8928571428571429,0.10714285714285714,196,0.8055555555555556,0.718232882351222,0.7471464228746589,results/calibration_workflow_bnci2014_001/probabilities/validation_only_selection_bnci2014_001_subject7_probabilities.npz
BNCI2014_001,7,augmentation,Augmentation,0.8,0.5756919481850956,validation_confidence_quantile,validation,False,validation_selected_threshold,0.7916666666666666,0.7105263157894737,0.2894736842105263,0.8194444444444444,0.8601694915254238,0.13983050847457626,236,0.8055555555555556,0.718232882351222,0.7471464228746589,results/calibration_workflow_bnci2014_001/probabilities/validation_only_selection_bnci2014_001_subject7_probabilities.npz
BNCI2014_001,7,augmentation,Augmentation,0.9,0.5050510677692356,validation_confidence_quantile,validation,False,validation_selected_threshold,0.8958333333333334,0.6744186046511628,0.32558139534883723,0.9236111111111112,0.8421052631578947,0.15789473684210525,266,0.8055555555555556,0.718232882351222,0.7471464228746589,results/calibration_workflow_bnci2014_001/probabilities/validation_only_selection_bnci2014_001_subject7_probabilities.npz
BNCI2014_001,7,baseline,Baseline,0.4,0.7909311231773011,validation_confidence_quantile,validation,False,validation_selected_threshold,0.3958333333333333,0.8421052631578947,0.15789473684210525,0.4305555555555556,0.9112903225806451,0.08870967741935484,124,0.8055555555555556,0.718232882351222,0.7471464228746589,results/calibration_workflow_bnci2014_001/probabilities/validation_only_selection_bnci2014_001_subject7_probabilities.npz
BNCI2014_001,7,baseline,Baseline,0.6,0.661064794673175,validation_confidence_quantile,validation,False,validation_selected_threshold,0.5833333333333334,0.7857142857142857,0.21428571428571427,0.6805555555555556,0.8928571428571429,0.10714285714285714,196,0.8055555555555556,0.718232882351222,0.7471464228746589,results/calibration_workflow_bnci2014_001/probabilities/validation_only_selection_bnci2014_001_subject7_probabilities.npz
BNCI2014_001,7,baseline,Baseline,0.8,0.5756919481850956,validation_confidence_quantile,validation,False,validation_selected_threshold,0.7916666666666666,0.7105263157894737,0.2894736842105263,0.8194444444444444,0.8601694915254238,0.13983050847457626,236,0.8055555555555556,0.718232882351222,0.7471464228746589,results/calibration_workflow_bnci2014_001/probabilities/validation_only_selection_bnci2014_001_subject7_probabilities.npz
BNCI2014_001,7,baseline,Baseline,0.9,0.5050510677692356,validation_confidence_quantile,validation,False,validation_selected_threshold,0.8958333333333334,0.6744186046511628,0.32558139534883723,0.9236111111111112,0.8421052631578947,0.15789473684210525,266,0.8055555555555556,0.718232882351222,0.7471464228746589,results/calibration_workflow_bnci2014_001/probabilities/validation_only_selection_bnci2014_001_subject7_probabilities.npz
BNCI2014_001,7,seed_ensemble,Seed ensemble,0.4,0.8068217736595253,validation_confidence_quantile,validation,False,validation_selected_threshold,0.3958333333333333,0.8947368421052632,0.10526315789473684,0.3472222222222222,0.9,0.1,100,0.7465277777777778,0.71316804077771,0.7268149323626961,results/calibration_workflow_bnci2014_001/probabilities/validation_only_selection_bnci2014_001_subject7_probabilities.npz
BNCI2014_001,7,seed_ensemble,Seed ensemble,0.6,0.6429931482491498,validation_confidence_quantile,validation,False,validation_selected_threshold,0.5833333333333334,0.7857142857142857,0.21428571428571427,0.6527777777777778,0.8563829787234043,0.14361702127659576,188,0.7465277777777778,0.71316804077771,0.7268149323626961,results/calibration_workflow_bnci2014_001/probabilities/validation_only_selection_bnci2014_001_subject7_probabilities.npz
BNCI2014_001,7,seed_ensemble,Seed ensemble,0.8,0.541303995201671,validation_confidence_quantile,validation,False,validation_selected_threshold,0.7916666666666666,0.631578947368421,0.3684210526315789,0.8194444444444444,0.8220338983050848,0.17796610169491525,236,0.7465277777777778,0.71316804077771,0.7268149323626961,results/calibration_workflow_bnci2014_001/probabilities/validation_only_selection_bnci2014_001_subject7_probabilities.npz
BNCI2014_001,7,seed_ensemble,Seed ensemble,0.9,0.5063112415843549,validation_confidence_quantile,validation,False,validation_selected_threshold,0.8958333333333334,0.6511627906976745,0.3488372093023256,0.8784722222222222,0.7905138339920948,0.20948616600790515,253,0.7465277777777778,0.71316804077771,0.7268149323626961,results/calibration_workflow_bnci2014_001/probabilities/validation_only_selection_bnci2014_001_subject7_probabilities.npz
BNCI2014_001,7,teacher_student_mixture,Teacher/student,0.4,0.7375132418768363,validation_confidence_quantile,validation,False,validation_selected_threshold,0.3958333333333333,0.8947368421052632,0.10526315789473684,0.3472222222222222,0.88,0.12,100,0.6423611111111112,0.6779763043027242,0.6720959758280391,results/calibration_workflow_bnci2014_001/probabilities/validation_only_selection_bnci2014_001_subject7_probabilities.npz
BNCI2014_001,7,teacher_student_mixture,Teacher/student,0.6,0.6299847516972604,validation_confidence_quantile,validation,False,validation_selected_threshold,0.5833333333333334,0.8571428571428571,0.14285714285714285,0.5381944444444444,0.8129032258064516,0.1870967741935484,155,0.6423611111111112,0.6779763043027242,0.6720959758280391,results/calibration_workflow_bnci2014_001/probabilities/validation_only_selection_bnci2014_001_subject7_probabilities.npz
BNCI2014_001,7,teacher_student_mixture,Teacher/student,0.8,0.5368672140781897,validation_confidence_quantile,validation,False,validation_selected_threshold,0.7916666666666666,0.7894736842105263,0.21052631578947367,0.7118055555555556,0.7414634146341463,0.25853658536585367,205,0.6423611111111112,0.6779763043027242,0.6720959758280391,results/calibration_workflow_bnci2014_001/probabilities/validation_only_selection_bnci2014_001_subject7_probabilities.npz
BNCI2014_001,7,teacher_student_mixture,Teacher/student,0.9,0.5034526165728844,validation_confidence_quantile,validation,False,validation_selected_threshold,0.8958333333333334,0.7209302325581395,0.27906976744186046,0.8020833333333334,0.70995670995671,0.29004329004329005,231,0.6423611111111112,0.6779763043027242,0.6720959758280391,results/calibration_workflow_bnci2014_001/probabilities/validation_only_selection_bnci2014_001_subject7_probabilities.npz
BNCI2014_001,7,validation_selected_portfolio,Portfolio,0.4,0.7375132418768363,validation_confidence_quantile,validation,False,validation_selected_threshold,0.3958333333333333,0.8947368421052632,0.10526315789473684,0.3472222222222222,0.88,0.12,100,0.6423611111111112,0.6779763043027242,0.6720959758280391,results/paper_calibration_stats/validation_selected_portfolio/calibration_workflow_bnci2014_001/probabilities/validation_only_selection_bnci2014_001_subject7_probabilities.npz
BNCI2014_001,7,validation_selected_portfolio,Portfolio,0.6,0.6299847516972604,validation_confidence_quantile,validation,False,validation_selected_threshold,0.5833333333333334,0.8571428571428571,0.14285714285714285,0.5381944444444444,0.8129032258064516,0.1870967741935484,155,0.6423611111111112,0.6779763043027242,0.6720959758280391,results/paper_calibration_stats/validation_selected_portfolio/calibration_workflow_bnci2014_001/probabilities/validation_only_selection_bnci2014_001_subject7_probabilities.npz
BNCI2014_001,7,validation_selected_portfolio,Portfolio,0.8,0.5368672140781897,validation_confidence_quantile,validation,False,validation_selected_threshold,0.7916666666666666,0.7894736842105263,0.21052631578947367,0.7118055555555556,0.7414634146341463,0.25853658536585367,205,0.6423611111111112,0.6779763043027242,0.6720959758280391,results/paper_calibration_stats/validation_selected_portfolio/calibration_workflow_bnci2014_001/probabilities/validation_only_selection_bnci2014_001_subject7_probabilities.npz
BNCI2014_001,7,validation_selected_portfolio,Portfolio,0.9,0.5034526165728844,validation_confidence_quantile,validation,False,validation_selected_threshold,0.8958333333333334,0.7209302325581395,0.27906976744186046,0.8020833333333334,0.70995670995671,0.29004329004329005,231,0.6423611111111112,0.6779763043027242,0.6720959758280391,results/paper_calibration_stats/validation_selected_portfolio/calibration_workflow_bnci2014_001/probabilities/validation_only_selection_bnci2014_001_subject7_probabilities.npz
BNCI2014_001,8,augmentation,Augmentation,0.4,0.8400816477850387,validation_confidence_quantile,validation,False,validation_selected_threshold,0.3958333333333333,0.8947368421052632,0.10526315789473684,0.3854166666666667,0.990990990990991,0.009009009009009009,111,0.8263888888888888,0.7718989413898613,0.7475411923350792,results/calibration_workflow_bnci2014_001/probabilities/validation_only_selection_bnci2014_001_subject8_probabilities.npz
BNCI2014_001,8,augmentation,Augmentation,0.6,0.78431988985963,validation_confidence_quantile,validation,False,validation_selected_threshold,0.5833333333333334,0.9285714285714286,0.07142857142857142,0.4583333333333333,0.9848484848484849,0.015151515151515152,132,0.8263888888888888,0.7718989413898613,0.7475411923350792,results/calibration_workflow_bnci2014_001/probabilities/validation_only_selection_bnci2014_001_subject8_probabilities.npz
BNCI2014_001,8,augmentation,Augmentation,0.8,0.610096212792604,validation_confidence_quantile,validation,False,validation_selected_threshold,0.7916666666666666,0.8157894736842105,0.18421052631578946,0.7430555555555556,0.9205607476635514,0.0794392523364486,214,0.8263888888888888,0.7718989413898613,0.7475411923350792,results/calibration_workflow_bnci2014_001/probabilities/validation_only_selection_bnci2014_001_subject8_probabilities.npz
BNCI2014_001,8,augmentation,Augmentation,0.9,0.5234568194612681,validation_confidence_quantile,validation,False,validation_selected_threshold,0.8958333333333334,0.8372093023255814,0.16279069767441862,0.8888888888888888,0.87109375,0.12890625,256,0.8263888888888888,0.7718989413898613,0.7475411923350792,results/calibration_workflow_bnci2014_001/probabilities/validation_only_selection_bnci2014_001_subject8_probabilities.npz
BNCI2014_001,8,baseline,Baseline,0.4,0.8617571648511105,validation_confidence_quantile,validation,False,validation_selected_threshold,0.3958333333333333,0.9473684210526315,0.05263157894736842,0.2951388888888889,1.0,0.0,85,0.8229166666666666,0.7600344482716029,0.737967671442403,results/calibration_workflow_bnci2014_001/probabilities/validation_only_selection_bnci2014_001_subject8_probabilities.npz
BNCI2014_001,8,baseline,Baseline,0.6,0.7435073180323648,validation_confidence_quantile,validation,False,validation_selected_threshold,0.5833333333333334,0.8928571428571429,0.10714285714285714,0.5347222222222222,0.961038961038961,0.03896103896103896,154,0.8229166666666666,0.7600344482716029,0.737967671442403,results/calibration_workflow_bnci2014_001/probabilities/validation_only_selection_bnci2014_001_subject8_probabilities.npz
BNCI2014_001,8,baseline,Baseline,0.8,0.5645649506746878,validation_confidence_quantile,validation,False,validation_selected_threshold,0.7916666666666666,0.8157894736842105,0.18421052631578946,0.7986111111111112,0.9043478260869565,0.09565217391304348,230,0.8229166666666666,0.7600344482716029,0.737967671442403,results/calibration_workflow_bnci2014_001/probabilities/validation_only_selection_bnci2014_001_subject8_probabilities.npz
BNCI2014_001,8,baseline,Baseline,0.9,0.5080386286667296,validation_confidence_quantile,validation,False,validation_selected_threshold,0.8958333333333334,0.7674418604651163,0.23255813953488372,0.8888888888888888,0.8671875,0.1328125,256,0.8229166666666666,0.7600344482716029,0.737967671442403,results/calibration_workflow_bnci2014_001/probabilities/validation_only_selection_bnci2014_001_subject8_probabilities.npz
BNCI2014_001,8,seed_ensemble,Seed ensemble,0.4,0.8776497403201309,validation_confidence_quantile,validation,False,validation_selected_threshold,0.3958333333333333,1.0,0.0,0.2361111111111111,1.0,0.0,68,0.8194444444444444,0.7633499254956743,0.7283923490443182,results/calibration_workflow_bnci2014_001/probabilities/validation_only_selection_bnci2014_001_subject8_probabilities.npz
BNCI2014_001,8,seed_ensemble,Seed ensemble,0.6,0.7698277620163103,validation_confidence_quantile,validation,False,validation_selected_threshold,0.5833333333333334,0.8928571428571429,0.10714285714285714,0.4652777777777778,0.9776119402985075,0.022388059701492536,134,0.8194444444444444,0.7633499254956743,0.7283923490443182,results/calibration_workflow_bnci2014_001/probabilities/validation_only_selection_bnci2014_001_subject8_probabilities.npz
BNCI2014_001,8,seed_ensemble,Seed ensemble,0.8,0.6138247681773098,validation_confidence_quantile,validation,False,validation_selected_threshold,0.7916666666666666,0.8157894736842105,0.18421052631578946,0.7256944444444444,0.9090909090909091,0.09090909090909091,209,0.8194444444444444,0.7633499254956743,0.7283923490443182,results/calibration_workflow_bnci2014_001/probabilities/validation_only_selection_bnci2014_001_subject8_probabilities.npz
BNCI2014_001,8,seed_ensemble,Seed ensemble,0.9,0.5022234329995204,validation_confidence_quantile,validation,False,validation_selected_threshold,0.8958333333333334,0.7674418604651163,0.23255813953488372,0.8888888888888888,0.875,0.125,256,0.8194444444444444,0.7633499254956743,0.7283923490443182,results/calibration_workflow_bnci2014_001/probabilities/validation_only_selection_bnci2014_001_subject8_probabilities.npz
BNCI2014_001,8,teacher_student_mixture,Teacher/student,0.4,0.8746046791887553,validation_confidence_quantile,validation,False,validation_selected_threshold,0.3958333333333333,0.9473684210526315,0.05263157894736842,0.2847222222222222,0.9878048780487805,0.012195121951219513,82,0.7986111111111112,0.768502557936222,0.7406086058575785,results/calibration_workflow_bnci2014_001/probabilities/validation_only_selection_bnci2014_001_subject8_probabilities.npz
BNCI2014_001,8,teacher_student_mixture,Teacher/student,0.6,0.7782424360466843,validation_confidence_quantile,validation,False,validation_selected_threshold,0.5833333333333334,0.8928571428571429,0.10714285714285714,0.4861111111111111,0.95,0.05,140,0.7986111111111112,0.768502557936222,0.7406086058575785,results/calibration_workflow_bnci2014_001/probabilities/validation_only_selection_bnci2014_001_subject8_probabilities.npz
BNCI2014_001,8,teacher_student_mixture,Teacher/student,0.8,0.5711128674468118,validation_confidence_quantile,validation,False,validation_selected_threshold,0.7916666666666666,0.868421052631579,0.13157894736842105,0.7847222222222222,0.8849557522123894,0.11504424778761062,226,0.7986111111111112,0.768502557936222,0.7406086058575785,results/calibration_workflow_bnci2014_001/probabilities/validation_only_selection_bnci2014_001_subject8_probabilities.npz
BNCI2014_001,8,teacher_student_mixture,Teacher/student,0.9,0.47448379154863796,validation_confidence_quantile,validation,False,validation_selected_threshold,0.8958333333333334,0.8372093023255814,0.16279069767441862,0.9479166666666666,0.8168498168498168,0.18315018315018314,273,0.7986111111111112,0.768502557936222,0.7406086058575785,results/calibration_workflow_bnci2014_001/probabilities/validation_only_selection_bnci2014_001_subject8_probabilities.npz
BNCI2014_001,8,validation_selected_portfolio,Portfolio,0.4,0.8746046791887553,validation_confidence_quantile,validation,False,validation_selected_threshold,0.3958333333333333,0.9473684210526315,0.05263157894736842,0.2847222222222222,0.9878048780487805,0.012195121951219513,82,0.7986111111111112,0.768502557936222,0.7406086058575785,results/paper_calibration_stats/validation_selected_portfolio/calibration_workflow_bnci2014_001/probabilities/validation_only_selection_bnci2014_001_subject8_probabilities.npz
BNCI2014_001,8,validation_selected_portfolio,Portfolio,0.6,0.7782424360466843,validation_confidence_quantile,validation,False,validation_selected_threshold,0.5833333333333334,0.8928571428571429,0.10714285714285714,0.4861111111111111,0.95,0.05,140,0.7986111111111112,0.768502557936222,0.7406086058575785,results/paper_calibration_stats/validation_selected_portfolio/calibration_workflow_bnci2014_001/probabilities/validation_only_selection_bnci2014_001_subject8_probabilities.npz
BNCI2014_001,8,validation_selected_portfolio,Portfolio,0.8,0.5711128674468118,validation_confidence_quantile,validation,False,validation_selected_threshold,0.7916666666666666,0.868421052631579,0.13157894736842105,0.7847222222222222,0.8849557522123894,0.11504424778761062,226,0.7986111111111112,0.768502557936222,0.7406086058575785,results/paper_calibration_stats/validation_selected_portfolio/calibration_workflow_bnci2014_001/probabilities/validation_only_selection_bnci2014_001_subject8_probabilities.npz
BNCI2014_001,8,validation_selected_portfolio,Portfolio,0.9,0.47448379154863796,validation_confidence_quantile,validation,False,validation_selected_threshold,0.8958333333333334,0.8372093023255814,0.16279069767441862,0.9479166666666666,0.8168498168498168,0.18315018315018314,273,0.7986111111111112,0.768502557936222,0.7406086058575785,results/paper_calibration_stats/validation_selected_portfolio/calibration_workflow_bnci2014_001/probabilities/validation_only_selection_bnci2014_001_subject8_probabilities.npz
BNCI2014_001,9,augmentation,Augmentation,0.4,0.6777059536830478,validation_confidence_quantile,validation,False,validation_selected_threshold,0.3958333333333333,0.8421052631578947,0.15789473684210525,0.4618055555555556,0.9473684210526315,0.05263157894736842,133,0.7881944444444444,0.6298315767981483,0.672636088658316,results/calibration_workflow_bnci2014_001/probabilities/validation_only_selection_bnci2014_001_subject9_probabilities.npz
BNCI2014_001,9,augmentation,Augmentation,0.6,0.5447373565225292,validation_confidence_quantile,validation,False,validation_selected_threshold,0.5833333333333334,0.7142857142857143,0.2857142857142857,0.7673611111111112,0.8552036199095022,0.14479638009049775,221,0.7881944444444444,0.6298315767981483,0.672636088658316,results/calibration_workflow_bnci2014_001/probabilities/validation_only_selection_bnci2014_001_subject9_probabilities.npz
BNCI2014_001,9,augmentation,Augmentation,0.8,0.49273478984832764,validation_confidence_quantile,validation,False,validation_selected_threshold,0.7916666666666666,0.6842105263157895,0.3157894736842105,0.8680555555555556,0.832,0.168,250,0.7881944444444444,0.6298315767981483,0.672636088658316,results/calibration_workflow_bnci2014_001/probabilities/validation_only_selection_bnci2014_001_subject9_probabilities.npz
BNCI2014_001,9,augmentation,Augmentation,0.9,0.45260515809059143,validation_confidence_quantile,validation,False,validation_selected_threshold,0.8958333333333334,0.627906976744186,0.37209302325581395,0.9409722222222222,0.8118081180811808,0.1881918819188192,271,0.7881944444444444,0.6298315767981483,0.672636088658316,results/calibration_workflow_bnci2014_001/probabilities/validation_only_selection_bnci2014_001_subject9_probabilities.npz
BNCI2014_001,9,baseline,Baseline,0.4,0.6469318077882585,validation_confidence_quantile,validation,False,validation_selected_threshold,0.3958333333333333,0.7894736842105263,0.21052631578947367,0.5416666666666666,0.967948717948718,0.03205128205128205,156,0.8159722222222222,0.6253300759698511,0.6720756462589578,results/calibration_workflow_bnci2014_001/probabilities/validation_only_selection_bnci2014_001_subject9_probabilities.npz
BNCI2014_001,9,baseline,Baseline,0.6,0.5652381803426296,validation_confidence_quantile,validation,False,validation_selected_threshold,0.5833333333333334,0.7142857142857143,0.2857142857142857,0.6840277777777778,0.9137055837563451,0.08629441624365482,197,0.8159722222222222,0.6253300759698511,0.6720756462589578,results/calibration_workflow_bnci2014_001/probabilities/validation_only_selection_bnci2014_001_subject9_probabilities.npz
BNCI2014_001,9,baseline,Baseline,0.8,0.4883076498551442,validation_confidence_quantile,validation,False,validation_selected_threshold,0.7916666666666666,0.6842105263157895,0.3157894736842105,0.8611111111111112,0.8629032258064516,0.13709677419354838,248,0.8159722222222222,0.6253300759698511,0.6720756462589578,results/calibration_workflow_bnci2014_001/probabilities/validation_only_selection_bnci2014_001_subject9_probabilities.npz
BNCI2014_001,9,baseline,Baseline,0.9,0.4298278753433805,validation_confidence_quantile,validation,False,validation_selected_threshold,0.8958333333333334,0.6511627906976745,0.3488372093023256,0.9409722222222222,0.8376383763837638,0.16236162361623616,271,0.8159722222222222,0.6253300759698511,0.6720756462589578,results/calibration_workflow_bnci2014_001/probabilities/validation_only_selection_bnci2014_001_subject9_probabilities.npz
BNCI2014_001,9,seed_ensemble,Seed ensemble,0.4,0.7012967932727785,validation_confidence_quantile,validation,False,validation_selected_threshold,0.3958333333333333,0.7894736842105263,0.21052631578947367,0.5173611111111112,0.9731543624161074,0.026845637583892617,149,0.7951388888888888,0.6465937796914835,0.7089879101553644,results/calibration_workflow_bnci2014_001/probabilities/validation_only_selection_bnci2014_001_subject9_probabilities.npz
BNCI2014_001,9,seed_ensemble,Seed ensemble,0.6,0.5830404932212977,validation_confidence_quantile,validation,False,validation_selected_threshold,0.5833333333333334,0.7857142857142857,0.21428571428571427,0.7048611111111112,0.9014778325123153,0.09852216748768473,203,0.7951388888888888,0.6465937796914835,0.7089879101553644,results/calibration_workflow_bnci2014_001/probabilities/validation_only_selection_bnci2014_001_subject9_probabilities.npz
BNCI2014_001,9,seed_ensemble,Seed ensemble,0.8,0.5130008344426564,validation_confidence_quantile,validation,False,validation_selected_threshold,0.7916666666666666,0.6842105263157895,0.3157894736842105,0.8541666666666666,0.8455284552845529,0.15447154471544716,246,0.7951388888888888,0.6465937796914835,0.7089879101553644,results/calibration_workflow_bnci2014_001/probabilities/validation_only_selection_bnci2014_001_subject9_probabilities.npz
BNCI2014_001,9,seed_ensemble,Seed ensemble,0.9,0.4504013691127402,validation_confidence_quantile,validation,False,validation_selected_threshold,0.8958333333333334,0.6744186046511628,0.32558139534883723,0.9652777777777778,0.8165467625899281,0.18345323741007194,278,0.7951388888888888,0.6465937796914835,0.7089879101553644,results/calibration_workflow_bnci2014_001/probabilities/validation_only_selection_bnci2014_001_subject9_probabilities.npz
BNCI2014_001,9,teacher_student_mixture,Teacher/student,0.4,0.6266916295012853,validation_confidence_quantile,validation,False,validation_selected_threshold,0.3958333333333333,0.7368421052631579,0.2631578947368421,0.4548611111111111,0.9770992366412213,0.022900763358778626,131,0.8298611111111112,0.5891093528217751,0.6176353423152918,results/calibration_workflow_bnci2014_001/probabilities/validation_only_selection_bnci2014_001_subject9_probabilities.npz
BNCI2014_001,9,teacher_student_mixture,Teacher/student,0.6,0.4975142776966095,validation_confidence_quantile,validation,False,validation_selected_threshold,0.5833333333333334,0.7857142857142857,0.21428571428571427,0.7013888888888888,0.9455445544554455,0.054455445544554455,202,0.8298611111111112,0.5891093528217751,0.6176353423152918,results/calibration_workflow_bnci2014_001/probabilities/validation_only_selection_bnci2014_001_subject9_probabilities.npz
BNCI2014_001,9,teacher_student_mixture,Teacher/student,0.8,0.4296049177646637,validation_confidence_quantile,validation,False,validation_selected_threshold,0.7916666666666666,0.7631578947368421,0.23684210526315788,0.8715277777777778,0.8725099601593626,0.12749003984063745,251,0.8298611111111112,0.5891093528217751,0.6176353423152918,results/calibration_workflow_bnci2014_001/probabilities/validation_only_selection_bnci2014_001_subject9_probabilities.npz
BNCI2014_001,9,teacher_student_mixture,Teacher/student,0.9,0.39808031545877165,validation_confidence_quantile,validation,False,validation_selected_threshold,0.8958333333333334,0.6976744186046512,0.3023255813953488,0.9479166666666666,0.8498168498168498,0.15018315018315018,273,0.8298611111111112,0.5891093528217751,0.6176353423152918,results/calibration_workflow_bnci2014_001/probabilities/validation_only_selection_bnci2014_001_subject9_probabilities.npz
BNCI2014_001,9,validation_selected_portfolio,Portfolio,0.4,0.7012967932727785,validation_confidence_quantile,validation,False,validation_selected_threshold,0.3958333333333333,0.7894736842105263,0.21052631578947367,0.5173611111111112,0.9731543624161074,0.026845637583892617,149,0.7951388888888888,0.6465937796914835,0.7089879101553644,results/paper_calibration_stats/validation_selected_portfolio/calibration_workflow_bnci2014_001/probabilities/validation_only_selection_bnci2014_001_subject9_probabilities.npz
BNCI2014_001,9,validation_selected_portfolio,Portfolio,0.6,0.5830404932212977,validation_confidence_quantile,validation,False,validation_selected_threshold,0.5833333333333334,0.7857142857142857,0.21428571428571427,0.7048611111111112,0.9014778325123153,0.09852216748768473,203,0.7951388888888888,0.6465937796914835,0.7089879101553644,results/paper_calibration_stats/validation_selected_portfolio/calibration_workflow_bnci2014_001/probabilities/validation_only_selection_bnci2014_001_subject9_probabilities.npz
BNCI2014_001,9,validation_selected_portfolio,Portfolio,0.8,0.5130008344426564,validation_confidence_quantile,validation,False,validation_selected_threshold,0.7916666666666666,0.6842105263157895,0.3157894736842105,0.8541666666666666,0.8455284552845529,0.15447154471544716,246,0.7951388888888888,0.6465937796914835,0.7089879101553644,results/paper_calibration_stats/validation_selected_portfolio/calibration_workflow_bnci2014_001/probabilities/validation_only_selection_bnci2014_001_subject9_probabilities.npz
BNCI2014_001,9,validation_selected_portfolio,Portfolio,0.9,0.4504013691127402,validation_confidence_quantile,validation,False,validation_selected_threshold,0.8958333333333334,0.6744186046511628,0.32558139534883723,0.9652777777777778,0.8165467625899281,0.18345323741007194,278,0.7951388888888888,0.6465937796914835,0.7089879101553644,results/paper_calibration_stats/validation_selected_portfolio/calibration_workflow_bnci2014_001/probabilities/validation_only_selection_bnci2014_001_subject9_probabilities.npz
BNCI2014_004,1,augmentation,Augmentation,0.4,0.9025946922793588,validation_confidence_quantile,validation,False,validation_selected_threshold,0.4,0.9375,0.0625,0.534375,0.8128654970760234,0.1871345029239766,171,0.703125,0.8219726470446365,0.854812229635397,results/calibration_workflow_bnci2014_004/probabilities/validation_only_selection_bnci2014_004_subject1_probabilities.npz
BNCI2014_004,1,augmentation,Augmentation,0.6,0.823039126739489,validation_confidence_quantile,validation,False,validation_selected_threshold,0.6,0.9270833333333334,0.07291666666666667,0.64375,0.7718446601941747,0.22815533980582525,206,0.703125,0.8219726470446365,0.854812229635397,results/calibration_workflow_bnci2014_004/probabilities/validation_only_selection_bnci2014_004_subject1_probabilities.npz
BNCI2014_004,1,augmentation,Augmentation,0.8,0.6556176738625071,validation_confidence_quantile,validation,False,validation_selected_threshold,0.8,0.875,0.125,0.85625,0.7262773722627737,0.2737226277372263,274,0.703125,0.8219726470446365,0.854812229635397,results/calibration_workflow_bnci2014_004/probabilities/validation_only_selection_bnci2014_004_subject1_probabilities.npz
BNCI2014_004,1,augmentation,Augmentation,0.9,0.5849512393758071,validation_confidence_quantile,validation,False,validation_selected_threshold,0.9,0.8333333333333334,0.16666666666666666,0.925,0.7128378378378378,0.28716216216216217,296,0.703125,0.8219726470446365,0.854812229635397,results/calibration_workflow_bnci2014_004/probabilities/validation_only_selection_bnci2014_004_subject1_probabilities.npz
BNCI2014_004,1,baseline,Baseline,0.4,0.9025946922793588,validation_confidence_quantile,validation,False,validation_selected_threshold,0.4,0.9375,0.0625,0.534375,0.8128654970760234,0.1871345029239766,171,0.703125,0.8219726470446365,0.854812229635397,results/calibration_workflow_bnci2014_004/probabilities/validation_only_selection_bnci2014_004_subject1_probabilities.npz
BNCI2014_004,1,baseline,Baseline,0.6,0.823039126739489,validation_confidence_quantile,validation,False,validation_selected_threshold,0.6,0.9270833333333334,0.07291666666666667,0.64375,0.7718446601941747,0.22815533980582525,206,0.703125,0.8219726470446365,0.854812229635397,results/calibration_workflow_bnci2014_004/probabilities/validation_only_selection_bnci2014_004_subject1_probabilities.npz
BNCI2014_004,1,baseline,Baseline,0.8,0.6556176738625071,validation_confidence_quantile,validation,False,validation_selected_threshold,0.8,0.875,0.125,0.85625,0.7262773722627737,0.2737226277372263,274,0.703125,0.8219726470446365,0.854812229635397,results/calibration_workflow_bnci2014_004/probabilities/validation_only_selection_bnci2014_004_subject1_probabilities.npz
BNCI2014_004,1,baseline,Baseline,0.9,0.5849512393758071,validation_confidence_quantile,validation,False,validation_selected_threshold,0.9,0.8333333333333334,0.16666666666666666,0.925,0.7128378378378378,0.28716216216216217,296,0.703125,0.8219726470446365,0.854812229635397,results/calibration_workflow_bnci2014_004/probabilities/validation_only_selection_bnci2014_004_subject1_probabilities.npz
BNCI2014_004,1,seed_ensemble,Seed ensemble,0.4,0.9003478087407095,validation_confidence_quantile,validation,False,validation_selected_threshold,0.4,0.953125,0.046875,0.50625,0.8271604938271605,0.1728395061728395,162,0.721875,0.8188766511647009,0.8511788224019355,results/calibration_workflow_bnci2014_004/probabilities/validation_only_selection_bnci2014_004_subject1_probabilities.npz
BNCI2014_004,1,seed_ensemble,Seed ensemble,0.6,0.8068030356347109,validation_confidence_quantile,validation,False,validation_selected_threshold,0.6,0.9166666666666666,0.08333333333333333,0.66875,0.7757009345794392,0.22429906542056074,214,0.721875,0.8188766511647009,0.8511788224019355,results/calibration_workflow_bnci2014_004/probabilities/validation_only_selection_bnci2014_004_subject1_probabilities.npz
BNCI2014_004,1,seed_ensemble,Seed ensemble,0.8,0.6584152179484134,validation_confidence_quantile,validation,False,validation_selected_threshold,0.8,0.8828125,0.1171875,0.85625,0.7481751824817519,0.2518248175182482,274,0.721875,0.8188766511647009,0.8511788224019355,results/calibration_workflow_bnci2014_004/probabilities/validation_only_selection_bnci2014_004_subject1_probabilities.npz
BNCI2014_004,1,seed_ensemble,Seed ensemble,0.9,0.5768840312957764,validation_confidence_quantile,validation,False,validation_selected_threshold,0.9,0.8472222222222222,0.1527777777777778,0.93125,0.7348993288590604,0.2651006711409396,298,0.721875,0.8188766511647009,0.8511788224019355,results/calibration_workflow_bnci2014_004/probabilities/validation_only_selection_bnci2014_004_subject1_probabilities.npz
BNCI2014_004,1,teacher_student_mixture,Teacher/student,0.4,0.8265239000320435,validation_confidence_quantile,validation,False,validation_selected_threshold,0.4,1.0,0.0,0.584375,0.8128342245989305,0.18716577540106952,187,0.7125,0.7661013313314413,0.8217871381253901,results/calibration_workflow_bnci2014_004/probabilities/validation_only_selection_bnci2014_004_subject1_probabilities.npz
BNCI2014_004,1,teacher_student_mixture,Teacher/student,0.6,0.7210054397583008,validation_confidence_quantile,validation,False,validation_selected_threshold,0.6,0.96875,0.03125,0.74375,0.773109243697479,0.226890756302521,238,0.7125,0.7661013313314413,0.8217871381253901,results/calibration_workflow_bnci2014_004/probabilities/validation_only_selection_bnci2014_004_subject1_probabilities.npz
BNCI2014_004,1,teacher_student_mixture,Teacher/student,0.8,0.6297842672531525,validation_confidence_quantile,validation,False,validation_selected_threshold,0.8,0.9140625,0.0859375,0.85625,0.7372262773722628,0.26277372262773724,274,0.7125,0.7661013313314413,0.8217871381253901,results/calibration_workflow_bnci2014_004/probabilities/validation_only_selection_bnci2014_004_subject1_probabilities.npz
BNCI2014_004,1,teacher_student_mixture,Teacher/student,0.9,0.5723104476928711,validation_confidence_quantile,validation,False,validation_selected_threshold,0.9,0.8402777777777778,0.1597222222222222,0.921875,0.7254237288135593,0.2745762711864407,295,0.7125,0.7661013313314413,0.8217871381253901,results/calibration_workflow_bnci2014_004/probabilities/validation_only_selection_bnci2014_004_subject1_probabilities.npz
BNCI2014_004,1,validation_selected_portfolio,Portfolio,0.4,0.8265239000320435,validation_confidence_quantile,validation,False,validation_selected_threshold,0.4,1.0,0.0,0.584375,0.8128342245989305,0.18716577540106952,187,0.7125,0.7661013313314413,0.8217871381253901,results/paper_calibration_stats/validation_selected_portfolio/calibration_workflow_bnci2014_004/probabilities/validation_only_selection_bnci2014_004_subject1_probabilities.npz
BNCI2014_004,1,validation_selected_portfolio,Portfolio,0.6,0.7210054397583008,validation_confidence_quantile,validation,False,validation_selected_threshold,0.6,0.96875,0.03125,0.74375,0.773109243697479,0.226890756302521,238,0.7125,0.7661013313314413,0.8217871381253901,results/paper_calibration_stats/validation_selected_portfolio/calibration_workflow_bnci2014_004/probabilities/validation_only_selection_bnci2014_004_subject1_probabilities.npz
BNCI2014_004,1,validation_selected_portfolio,Portfolio,0.8,0.6297842672531525,validation_confidence_quantile,validation,False,validation_selected_threshold,0.8,0.9140625,0.0859375,0.85625,0.7372262773722628,0.26277372262773724,274,0.7125,0.7661013313314413,0.8217871381253901,results/paper_calibration_stats/validation_selected_portfolio/calibration_workflow_bnci2014_004/probabilities/validation_only_selection_bnci2014_004_subject1_probabilities.npz
BNCI2014_004,1,validation_selected_portfolio,Portfolio,0.9,0.5723104476928711,validation_confidence_quantile,validation,False,validation_selected_threshold,0.9,0.8402777777777778,0.1597222222222222,0.921875,0.7254237288135593,0.2745762711864407,295,0.7125,0.7661013313314413,0.8217871381253901,results/paper_calibration_stats/validation_selected_portfolio/calibration_workflow_bnci2014_004/probabilities/validation_only_selection_bnci2014_004_subject1_probabilities.npz
BNCI2014_004,2,augmentation,Augmentation,0.4,0.6161837165410434,validation_confidence_quantile,validation,False,validation_selected_threshold,0.4,0.734375,0.265625,0.3535714285714286,0.6363636363636364,0.36363636363636365,99,0.5678571428571428,0.6102098183002879,0.6016185981344975,results/calibration_workflow_bnci2014_004/probabilities/validation_only_selection_bnci2014_004_subject2_probabilities.npz
BNCI2014_004,2,augmentation,Augmentation,0.6,0.5688167810440063,validation_confidence_quantile,validation,False,validation_selected_threshold,0.6,0.6770833333333334,0.3229166666666667,0.575,0.6273291925465838,0.37267080745341613,161,0.5678571428571428,0.6102098183002879,0.6016185981344975,results/calibration_workflow_bnci2014_004/probabilities/validation_only_selection_bnci2014_004_subject2_probabilities.npz
BNCI2014_004,2,augmentation,Augmentation,0.8,0.5256922088357148,validation_confidence_quantile,validation,False,validation_selected_threshold,0.8,0.609375,0.390625,0.8464285714285714,0.5738396624472574,0.42616033755274263,237,0.5678571428571428,0.6102098183002879,0.6016185981344975,results/calibration_workflow_bnci2014_004/probabilities/validation_only_selection_bnci2014_004_subject2_probabilities.npz
BNCI2014_004,2,augmentation,Augmentation,0.9,0.5173289179801941,validation_confidence_quantile,validation,False,validation_selected_threshold,0.9,0.5972222222222222,0.4027777777777778,0.8928571428571429,0.584,0.416,250,0.5678571428571428,0.6102098183002879,0.6016185981344975,results/calibration_workflow_bnci2014_004/probabilities/validation_only_selection_bnci2014_004_subject2_probabilities.npz
BNCI2014_004,2,baseline,Baseline,0.4,0.618566632270813,validation_confidence_quantile,validation,False,validation_selected_threshold,0.4,0.671875,0.328125,0.375,0.6190476190476191,0.38095238095238093,105,0.5857142857142857,0.6108775216381375,0.6028522223654749,results/calibration_workflow_bnci2014_004/probabilities/validation_only_selection_bnci2014_004_subject2_probabilities.npz
BNCI2014_004,2,baseline,Baseline,0.6,0.5704904964712411,validation_confidence_quantile,validation,False,validation_selected_threshold,0.6,0.6875,0.3125,0.6,0.6369047619047619,0.3630952380952381,168,0.5857142857142857,0.6108775216381375,0.6028522223654749,results/calibration_workflow_bnci2014_004/probabilities/validation_only_selection_bnci2014_004_subject2_probabilities.npz
BNCI2014_004,2,baseline,Baseline,0.8,0.5301162758504234,validation_confidence_quantile,validation,False,validation_selected_threshold,0.8,0.59375,0.40625,0.8178571428571428,0.6026200873362445,0.39737991266375544,229,0.5857142857142857,0.6108775216381375,0.6028522223654749,results/calibration_workflow_bnci2014_004/probabilities/validation_only_selection_bnci2014_004_subject2_probabilities.npz
BNCI2014_004,2,baseline,Baseline,0.9,0.5183838451390312,validation_confidence_quantile,validation,False,validation_selected_threshold,0.9,0.5555555555555556,0.4444444444444444,0.9035714285714286,0.5928853754940712,0.40711462450592883,253,0.5857142857142857,0.6108775216381375,0.6028522223654749,results/calibration_workflow_bnci2014_004/probabilities/validation_only_selection_bnci2014_004_subject2_probabilities.npz
BNCI2014_004,2,seed_ensemble,Seed ensemble,0.4,0.61827741210826,validation_confidence_quantile,validation,False,validation_selected_threshold,0.4,0.671875,0.328125,0.3964285714285714,0.6396396396396397,0.36036036036036034,111,0.5821428571428572,0.6050790848038204,0.6037328765248889,results/calibration_workflow_bnci2014_004/probabilities/validation_only_selection_bnci2014_004_subject2_probabilities.npz
BNCI2014_004,2,seed_ensemble,Seed ensemble,0.6,0.5699986815452576,validation_confidence_quantile,validation,False,validation_selected_threshold,0.6,0.6979166666666666,0.3020833333333333,0.5964285714285714,0.5868263473053892,0.41317365269461076,167,0.5821428571428572,0.6050790848038204,0.6037328765248889,results/calibration_workflow_bnci2014_004/probabilities/validation_only_selection_bnci2014_004_subject2_probabilities.npz
BNCI2014_004,2,seed_ensemble,Seed ensemble,0.8,0.5279805064201355,validation_confidence_quantile,validation,False,validation_selected_threshold,0.8,0.6328125,0.3671875,0.8357142857142857,0.6153846153846154,0.38461538461538464,234,0.5821428571428572,0.6050790848038204,0.6037328765248889,results/calibration_workflow_bnci2014_004/probabilities/validation_only_selection_bnci2014_004_subject2_probabilities.npz
BNCI2014_004,2,seed_ensemble,Seed ensemble,0.9,0.5161577309323033,validation_confidence_quantile,validation,False,validation_selected_threshold,0.9,0.5972222222222222,0.4027777777777778,0.9178571428571428,0.5992217898832685,0.40077821011673154,257,0.5821428571428572,0.6050790848038204,0.6037328765248889,results/calibration_workflow_bnci2014_004/probabilities/validation_only_selection_bnci2014_004_subject2_probabilities.npz
BNCI2014_004,2,teacher_student_mixture,Teacher/student,0.4,0.618566632270813,validation_confidence_quantile,validation,False,validation_selected_threshold,0.4,0.671875,0.328125,0.375,0.6190476190476191,0.38095238095238093,105,0.5857142857142857,0.6108775216381375,0.6028522223654749,results/calibration_workflow_bnci2014_004/probabilities/validation_only_selection_bnci2014_004_subject2_probabilities.npz
BNCI2014_004,2,teacher_student_mixture,Teacher/student,0.6,0.5704904964712411,validation_confidence_quantile,validation,False,validation_selected_threshold,0.6,0.6875,0.3125,0.6,0.6369047619047619,0.3630952380952381,168,0.5857142857142857,0.6108775216381375,0.6028522223654749,results/calibration_workflow_bnci2014_004/probabilities/validation_only_selection_bnci2014_004_subject2_probabilities.npz
BNCI2014_004,2,teacher_student_mixture,Teacher/student,0.8,0.5301162758504234,validation_confidence_quantile,validation,False,validation_selected_threshold,0.8,0.59375,0.40625,0.8178571428571428,0.6026200873362445,0.39737991266375544,229,0.5857142857142857,0.6108775216381375,0.6028522223654749,results/calibration_workflow_bnci2014_004/probabilities/validation_only_selection_bnci2014_004_subject2_probabilities.npz
BNCI2014_004,2,teacher_student_mixture,Teacher/student,0.9,0.5183838451390312,validation_confidence_quantile,validation,False,validation_selected_threshold,0.9,0.5555555555555556,0.4444444444444444,0.9035714285714286,0.5928853754940712,0.40711462450592883,253,0.5857142857142857,0.6108775216381375,0.6028522223654749,results/calibration_workflow_bnci2014_004/probabilities/validation_only_selection_bnci2014_004_subject2_probabilities.npz
BNCI2014_004,2,validation_selected_portfolio,Portfolio,0.4,0.6161837165410434,validation_confidence_quantile,validation,False,validation_selected_threshold,0.4,0.734375,0.265625,0.3535714285714286,0.6363636363636364,0.36363636363636365,99,0.5678571428571428,0.6102098183002879,0.6016185981344975,results/paper_calibration_stats/validation_selected_portfolio/calibration_workflow_bnci2014_004/probabilities/validation_only_selection_bnci2014_004_subject2_probabilities.npz
BNCI2014_004,2,validation_selected_portfolio,Portfolio,0.6,0.5688167810440063,validation_confidence_quantile,validation,False,validation_selected_threshold,0.6,0.6770833333333334,0.3229166666666667,0.575,0.6273291925465838,0.37267080745341613,161,0.5678571428571428,0.6102098183002879,0.6016185981344975,results/paper_calibration_stats/validation_selected_portfolio/calibration_workflow_bnci2014_004/probabilities/validation_only_selection_bnci2014_004_subject2_probabilities.npz
BNCI2014_004,2,validation_selected_portfolio,Portfolio,0.8,0.5256922088357148,validation_confidence_quantile,validation,False,validation_selected_threshold,0.8,0.609375,0.390625,0.8464285714285714,0.5738396624472574,0.42616033755274263,237,0.5678571428571428,0.6102098183002879,0.6016185981344975,results/paper_calibration_stats/validation_selected_portfolio/calibration_workflow_bnci2014_004/probabilities/validation_only_selection_bnci2014_004_subject2_probabilities.npz
BNCI2014_004,2,validation_selected_portfolio,Portfolio,0.9,0.5173289179801941,validation_confidence_quantile,validation,False,validation_selected_threshold,0.9,0.5972222222222222,0.4027777777777778,0.8928571428571429,0.584,0.416,250,0.5678571428571428,0.6102098183002879,0.6016185981344975,results/paper_calibration_stats/validation_selected_portfolio/calibration_workflow_bnci2014_004/probabilities/validation_only_selection_bnci2014_004_subject2_probabilities.npz
BNCI2014_004,3,augmentation,Augmentation,0.4,0.5010399222373962,validation_confidence_quantile,validation,False,validation_selected_threshold,0.4,0.46875,0.53125,0.41875,0.5447761194029851,0.4552238805970149,134,0.534375,0.5011196529504561,0.501100920884194,results/calibration_workflow_bnci2014_004/probabilities/validation_only_selection_bnci2014_004_subject3_probabilities.npz
BNCI2014_004,3,augmentation,Augmentation,0.6,0.5006065368652344,validation_confidence_quantile,validation,False,validation_selected_threshold,0.6,0.46875,0.53125,0.628125,0.527363184079602,0.472636815920398,201,0.534375,0.5011196529504561,0.501100920884194,results/calibration_workflow_bnci2014_004/probabilities/validation_only_selection_bnci2014_004_subject3_probabilities.npz
BNCI2014_004,3,augmentation,Augmentation,0.8,0.5002459287643433,validation_confidence_quantile,validation,False,validation_selected_threshold,0.8,0.46875,0.53125,0.834375,0.5318352059925093,0.4681647940074906,267,0.534375,0.5011196529504561,0.501100920884194,results/calibration_workflow_bnci2014_004/probabilities/validation_only_selection_bnci2014_004_subject3_probabilities.npz
BNCI2014_004,3,augmentation,Augmentation,0.9,0.5001400113105774,validation_confidence_quantile,validation,False,validation_selected_threshold,0.9,0.4791666666666667,0.5208333333333334,0.909375,0.5326460481099656,0.46735395189003437,291,0.534375,0.5011196529504561,0.501100920884194,results/calibration_workflow_bnci2014_004/probabilities/validation_only_selection_bnci2014_004_subject3_probabilities.npz
BNCI2014_004,3,baseline,Baseline,0.4,0.5010399222373962,validation_confidence_quantile,validation,False,validation_selected_threshold,0.4,0.46875,0.53125,0.41875,0.5447761194029851,0.4552238805970149,134,0.534375,0.5011196529504561,0.501100920884194,results/calibration_workflow_bnci2014_004/probabilities/validation_only_selection_bnci2014_004_subject3_probabilities.npz
BNCI2014_004,3,baseline,Baseline,0.6,0.5006065368652344,validation_confidence_quantile,validation,False,validation_selected_threshold,0.6,0.46875,0.53125,0.628125,0.527363184079602,0.472636815920398,201,0.534375,0.5011196529504561,0.501100920884194,results/calibration_workflow_bnci2014_004/probabilities/validation_only_selection_bnci2014_004_subject3_probabilities.npz
BNCI2014_004,3,baseline,Baseline,0.8,0.5002459287643433,validation_confidence_quantile,validation,False,validation_selected_threshold,0.8,0.46875,0.53125,0.834375,0.5318352059925093,0.4681647940074906,267,0.534375,0.5011196529504561,0.501100920884194,results/calibration_workflow_bnci2014_004/probabilities/validation_only_selection_bnci2014_004_subject3_probabilities.npz
BNCI2014_004,3,baseline,Baseline,0.9,0.5001400113105774,validation_confidence_quantile,validation,False,validation_selected_threshold,0.9,0.4791666666666667,0.5208333333333334,0.909375,0.5326460481099656,0.46735395189003437,291,0.534375,0.5011196529504561,0.501100920884194,results/calibration_workflow_bnci2014_004/probabilities/validation_only_selection_bnci2014_004_subject3_probabilities.npz
BNCI2014_004,3,seed_ensemble,Seed ensemble,0.4,0.5020393878829297,validation_confidence_quantile,validation,False,validation_selected_threshold,0.4,0.484375,0.515625,0.3125,0.55,0.45,100,0.5375,0.502222417395467,0.5017477725606442,results/calibration_workflow_bnci2014_004/probabilities/validation_only_selection_bnci2014_004_subject3_probabilities.npz
BNCI2014_004,3,seed_ensemble,Seed ensemble,0.6,0.5011614561080933,validation_confidence_quantile,validation,False,validation_selected_threshold,0.6,0.4583333333333333,0.5416666666666666,0.534375,0.5614035087719298,0.43859649122807015,171,0.5375,0.502222417395467,0.5017477725606442,results/calibration_workflow_bnci2014_004/probabilities/validation_only_selection_bnci2014_004_subject3_probabilities.npz
BNCI2014_004,3,seed_ensemble,Seed ensemble,0.8,0.5006018280982971,validation_confidence_quantile,validation,False,validation_selected_threshold,0.8,0.515625,0.484375,0.734375,0.548936170212766,0.451063829787234,235,0.5375,0.502222417395467,0.5017477725606442,results/calibration_workflow_bnci2014_004/probabilities/validation_only_selection_bnci2014_004_subject3_probabilities.npz
BNCI2014_004,3,seed_ensemble,Seed ensemble,0.9,0.5002889037132263,validation_confidence_quantile,validation,False,validation_selected_threshold,0.9,0.5208333333333334,0.4791666666666667,0.884375,0.5441696113074205,0.4558303886925795,283,0.5375,0.502222417395467,0.5017477725606442,results/calibration_workflow_bnci2014_004/probabilities/validation_only_selection_bnci2014_004_subject3_probabilities.npz
BNCI2014_004,3,teacher_student_mixture,Teacher/student,0.4,0.5238292969414382,validation_confidence_quantile,validation,False,validation_selected_threshold,0.4,0.546875,0.453125,0.453125,0.5586206896551724,0.4413793103448276,145,0.525,0.521360872572721,0.5228044595735238,results/calibration_workflow_bnci2014_004/probabilities/validation_only_selection_bnci2014_004_subject3_probabilities.npz
BNCI2014_004,3,teacher_student_mixture,Teacher/student,0.6,0.51320880651474,validation_confidence_quantile,validation,False,validation_selected_threshold,0.6,0.5,0.5,0.675,0.5231481481481481,0.47685185185185186,216,0.525,0.521360872572721,0.5228044595735238,results/calibration_workflow_bnci2014_004/probabilities/validation_only_selection_bnci2014_004_subject3_probabilities.npz
BNCI2014_004,3,teacher_student_mixture,Teacher/student,0.8,0.5072508303150287,validation_confidence_quantile,validation,False,validation_selected_threshold,0.8,0.5234375,0.4765625,0.834375,0.5243445692883895,0.4756554307116105,267,0.525,0.521360872572721,0.5228044595735238,results/calibration_workflow_bnci2014_004/probabilities/validation_only_selection_bnci2014_004_subject3_probabilities.npz
BNCI2014_004,3,teacher_student_mixture,Teacher/student,0.9,0.5036370158195496,validation_confidence_quantile,validation,False,validation_selected_threshold,0.9,0.5138888888888888,0.4861111111111111,0.89375,0.5244755244755245,0.4755244755244755,286,0.525,0.521360872572721,0.5228044595735238,results/calibration_workflow_bnci2014_004/probabilities/validation_only_selection_bnci2014_004_subject3_probabilities.npz
BNCI2014_004,3,validation_selected_portfolio,Portfolio,0.4,0.5238292969414382,validation_confidence_quantile,validation,False,validation_selected_threshold,0.4,0.546875,0.453125,0.453125,0.5586206896551724,0.4413793103448276,145,0.525,0.521360872572721,0.5228044595735238,results/paper_calibration_stats/validation_selected_portfolio/calibration_workflow_bnci2014_004/probabilities/validation_only_selection_bnci2014_004_subject3_probabilities.npz
BNCI2014_004,3,validation_selected_portfolio,Portfolio,0.6,0.51320880651474,validation_confidence_quantile,validation,False,validation_selected_threshold,0.6,0.5,0.5,0.675,0.5231481481481481,0.47685185185185186,216,0.525,0.521360872572721,0.5228044595735238,results/paper_calibration_stats/validation_selected_portfolio/calibration_workflow_bnci2014_004/probabilities/validation_only_selection_bnci2014_004_subject3_probabilities.npz
BNCI2014_004,3,validation_selected_portfolio,Portfolio,0.8,0.5072508303150287,validation_confidence_quantile,validation,False,validation_selected_threshold,0.8,0.5234375,0.4765625,0.834375,0.5243445692883895,0.4756554307116105,267,0.525,0.521360872572721,0.5228044595735238,results/paper_calibration_stats/validation_selected_portfolio/calibration_workflow_bnci2014_004/probabilities/validation_only_selection_bnci2014_004_subject3_probabilities.npz
BNCI2014_004,3,validation_selected_portfolio,Portfolio,0.9,0.5036370158195496,validation_confidence_quantile,validation,False,validation_selected_threshold,0.9,0.5138888888888888,0.4861111111111111,0.89375,0.5244755244755245,0.4755244755244755,286,0.525,0.521360872572721,0.5228044595735238,results/paper_calibration_stats/validation_selected_portfolio/calibration_workflow_bnci2014_004/probabilities/validation_only_selection_bnci2014_004_subject3_probabilities.npz
BNCI2014_004,4,augmentation,Augmentation,0.4,0.9999990134108167,validation_confidence_quantile,validation,False,validation_selected_threshold,0.4,1.0,0.0,0.303125,1.0,0.0,97,0.9625,0.9913840199058512,0.9773364365858885,results/calibration_workflow_bnci2014_004/probabilities/validation_only_selection_bnci2014_004_subject4_probabilities.npz
BNCI2014_004,4,augmentation,Augmentation,0.6,0.9999848387100082,validation_confidence_quantile,validation,False,validation_selected_threshold,0.6,1.0,0.0,0.459375,1.0,0.0,147,0.9625,0.9913840199058512,0.9773364365858885,results/calibration_workflow_bnci2014_004/probabilities/validation_only_selection_bnci2014_004_subject4_probabilities.npz
BNCI2014_004,4,augmentation,Augmentation,0.8,0.9996784351235222,validation_confidence_quantile,validation,False,validation_selected_threshold,0.8,1.0,0.0,0.665625,1.0,0.0,213,0.9625,0.9913840199058512,0.9773364365858885,results/calibration_workflow_bnci2014_004/probabilities/validation_only_selection_bnci2014_004_subject4_probabilities.npz
BNCI2014_004,4,augmentation,Augmentation,0.9,0.9977765765315232,validation_confidence_quantile,validation,False,validation_selected_threshold,0.9,1.0,0.0,0.771875,0.9959514170040485,0.004048582995951417,247,0.9625,0.9913840199058512,0.9773364365858885,results/calibration_workflow_bnci2014_004/probabilities/validation_only_selection_bnci2014_004_subject4_probabilities.npz
BNCI2014_004,4,baseline,Baseline,0.4,0.9999653068044841,validation_confidence_quantile,validation,False,validation_selected_threshold,0.4,1.0,0.0,0.315625,1.0,0.0,101,0.96875,0.9895728500101477,0.9684762909416798,results/calibration_workflow_bnci2014_004/probabilities/validation_only_selection_bnci2014_004_subject4_probabilities.npz
BNCI2014_004,4,baseline,Baseline,0.6,0.9997598224220408,validation_confidence_quantile,validation,False,validation_selected_threshold,0.6,1.0,0.0,0.459375,1.0,0.0,147,0.96875,0.9895728500101477,0.9684762909416798,results/calibration_workflow_bnci2014_004/probabilities/validation_only_selection_bnci2014_004_subject4_probabilities.npz
BNCI2014_004,4,baseline,Baseline,0.8,0.9976035542339748,validation_confidence_quantile,validation,False,validation_selected_threshold,0.8,1.0,0.0,0.671875,1.0,0.0,215,0.96875,0.9895728500101477,0.9684762909416798,results/calibration_workflow_bnci2014_004/probabilities/validation_only_selection_bnci2014_004_subject4_probabilities.npz
BNCI2014_004,4,baseline,Baseline,0.9,0.98987627490366,validation_confidence_quantile,validation,False,validation_selected_threshold,0.9,1.0,0.0,0.775,0.9959677419354839,0.004032258064516129,248,0.96875,0.9895728500101477,0.9684762909416798,results/calibration_workflow_bnci2014_004/probabilities/validation_only_selection_bnci2014_004_subject4_probabilities.npz
BNCI2014_004,4,seed_ensemble,Seed ensemble,0.4,0.9999944095174433,validation_confidence_quantile,validation,False,validation_selected_threshold,0.4,1.0,0.0,0.2875,1.0,0.0,92,0.96875,0.9910434709811057,0.9737214953952791,results/calibration_workflow_bnci2014_004/probabilities/validation_only_selection_bnci2014_004_subject4_probabilities.npz
BNCI2014_004,4,seed_ensemble,Seed ensemble,0.6,0.9999487061200393,validation_confidence_quantile,validation,False,validation_selected_threshold,0.6,1.0,0.0,0.440625,1.0,0.0,141,0.96875,0.9910434709811057,0.9737214953952791,results/calibration_workflow_bnci2014_004/probabilities/validation_only_selection_bnci2014_004_subject4_probabilities.npz
BNCI2014_004,4,seed_ensemble,Seed ensemble,0.8,0.9993636791361239,validation_confidence_quantile,validation,False,validation_selected_threshold,0.8,1.0,0.0,0.6625,1.0,0.0,212,0.96875,0.9910434709811057,0.9737214953952791,results/calibration_workflow_bnci2014_004/probabilities/validation_only_selection_bnci2014_004_subject4_probabilities.npz
BNCI2014_004,4,seed_ensemble,Seed ensemble,0.9,0.9942142907853371,validation_confidence_quantile,validation,False,validation_selected_threshold,0.9,1.0,0.0,0.778125,1.0,0.0,249,0.96875,0.9910434709811057,0.9737214953952791,results/calibration_workflow_bnci2014_004/probabilities/validation_only_selection_bnci2014_004_subject4_probabilities.npz
BNCI2014_004,4,teacher_student_mixture,Teacher/student,0.4,0.9996467978291462,validation_confidence_quantile,validation,False,validation_selected_threshold,0.4,1.0,0.0,0.30625,1.0,0.0,98,0.95625,0.9850128670127661,0.9500960917106454,results/calibration_workflow_bnci2014_004/probabilities/validation_only_selection_bnci2014_004_subject4_probabilities.npz
BNCI2014_004,4,teacher_student_mixture,Teacher/student,0.6,0.9983145844467957,validation_confidence_quantile,validation,False,validation_selected_threshold,0.6,1.0,0.0,0.475,1.0,0.0,152,0.95625,0.9850128670127661,0.9500960917106454,results/calibration_workflow_bnci2014_004/probabilities/validation_only_selection_bnci2014_004_subject4_probabilities.npz
BNCI2014_004,4,teacher_student_mixture,Teacher/student,0.8,0.9905721225935628,validation_confidence_quantile,validation,False,validation_selected_threshold,0.8,1.0,0.0,0.615625,1.0,0.0,197,0.95625,0.9850128670127661,0.9500960917106454,results/calibration_workflow_bnci2014_004/probabilities/validation_only_selection_bnci2014_004_subject4_probabilities.npz
BNCI2014_004,4,teacher_student_mixture,Teacher/student,0.9,0.9637811995397776,validation_confidence_quantile,validation,False,validation_selected_threshold,0.9,1.0,0.0,0.7375,0.9957627118644068,0.00423728813559322,236,0.95625,0.9850128670127661,0.9500960917106454,results/calibration_workflow_bnci2014_004/probabilities/validation_only_selection_bnci2014_004_subject4_probabilities.npz
BNCI2014_004,4,validation_selected_portfolio,Portfolio,0.4,0.9999990134108167,validation_confidence_quantile,validation,False,validation_selected_threshold,0.4,1.0,0.0,0.303125,1.0,0.0,97,0.9625,0.9913840199058512,0.9773364365858885,results/paper_calibration_stats/validation_selected_portfolio/calibration_workflow_bnci2014_004/probabilities/validation_only_selection_bnci2014_004_subject4_probabilities.npz
BNCI2014_004,4,validation_selected_portfolio,Portfolio,0.6,0.9999848387100082,validation_confidence_quantile,validation,False,validation_selected_threshold,0.6,1.0,0.0,0.459375,1.0,0.0,147,0.9625,0.9913840199058512,0.9773364365858885,results/paper_calibration_stats/validation_selected_portfolio/calibration_workflow_bnci2014_004/probabilities/validation_only_selection_bnci2014_004_subject4_probabilities.npz
BNCI2014_004,4,validation_selected_portfolio,Portfolio,0.8,0.9996784351235222,validation_confidence_quantile,validation,False,validation_selected_threshold,0.8,1.0,0.0,0.665625,1.0,0.0,213,0.9625,0.9913840199058512,0.9773364365858885,results/paper_calibration_stats/validation_selected_portfolio/calibration_workflow_bnci2014_004/probabilities/validation_only_selection_bnci2014_004_subject4_probabilities.npz
BNCI2014_004,4,validation_selected_portfolio,Portfolio,0.9,0.9977765765315232,validation_confidence_quantile,validation,False,validation_selected_threshold,0.9,1.0,0.0,0.771875,0.9959514170040485,0.004048582995951417,247,0.9625,0.9913840199058512,0.9773364365858885,results/paper_calibration_stats/validation_selected_portfolio/calibration_workflow_bnci2014_004/probabilities/validation_only_selection_bnci2014_004_subject4_probabilities.npz
BNCI2014_004,5,augmentation,Augmentation,0.4,0.9926555683418021,validation_confidence_quantile,validation,False,validation_selected_threshold,0.4,1.0,0.0,0.4,0.96875,0.03125,128,0.853125,0.9320387202225152,0.9138065841627009,results/calibration_workflow_bnci2014_004/probabilities/validation_only_selection_bnci2014_004_subject5_probabilities.npz
BNCI2014_004,5,augmentation,Augmentation,0.6,0.9701145742816542,validation_confidence_quantile,validation,False,validation_selected_threshold,0.6,0.9895833333333334,0.010416666666666666,0.553125,0.9661016949152542,0.03389830508474576,177,0.853125,0.9320387202225152,0.9138065841627009,results/calibration_workflow_bnci2014_004/probabilities/validation_only_selection_bnci2014_004_subject5_probabilities.npz
BNCI2014_004,5,augmentation,Augmentation,0.8,0.9021572999495469,validation_confidence_quantile,validation,False,validation_selected_threshold,0.8,0.9921875,0.0078125,0.7,0.9330357142857143,0.06696428571428571,224,0.853125,0.9320387202225152,0.9138065841627009,results/calibration_workflow_bnci2014_004/probabilities/validation_only_selection_bnci2014_004_subject5_probabilities.npz
BNCI2014_004,5,augmentation,Augmentation,0.9,0.742075502872467,validation_confidence_quantile,validation,False,validation_selected_threshold,0.9,0.9583333333333334,0.041666666666666664,0.875,0.8964285714285715,0.10357142857142858,280,0.853125,0.9320387202225152,0.9138065841627009,results/calibration_workflow_bnci2014_004/probabilities/validation_only_selection_bnci2014_004_subject5_probabilities.npz
BNCI2014_004,5,baseline,Baseline,0.4,0.9895166315341207,validation_confidence_quantile,validation,False,validation_selected_threshold,0.4,1.0,0.0,0.328125,0.9904761904761905,0.009523809523809525,105,0.90625,0.9277561892578751,0.8990077687946346,results/calibration_workflow_bnci2014_004/probabilities/validation_only_selection_bnci2014_004_subject5_probabilities.npz
BNCI2014_004,5,baseline,Baseline,0.6,0.9715885195393633,validation_confidence_quantile,validation,False,validation_selected_threshold,0.6,0.9895833333333334,0.010416666666666666,0.4625,0.9797297297297297,0.02027027027027027,148,0.90625,0.9277561892578751,0.8990077687946346,results/calibration_workflow_bnci2014_004/probabilities/validation_only_selection_bnci2014_004_subject5_probabilities.npz
BNCI2014_004,5,baseline,Baseline,0.8,0.8825368153670905,validation_confidence_quantile,validation,False,validation_selected_threshold,0.8,0.984375,0.015625,0.709375,0.9647577092511013,0.03524229074889868,227,0.90625,0.9277561892578751,0.8990077687946346,results/calibration_workflow_bnci2014_004/probabilities/validation_only_selection_bnci2014_004_subject5_probabilities.npz
BNCI2014_004,5,baseline,Baseline,0.9,0.7628178114118846,validation_confidence_quantile,validation,False,validation_selected_threshold,0.9,0.9583333333333334,0.041666666666666664,0.85,0.9522058823529411,0.04779411764705882,272,0.90625,0.9277561892578751,0.8990077687946346,results/calibration_workflow_bnci2014_004/probabilities/validation_only_selection_bnci2014_004_subject5_probabilities.npz
BNCI2014_004,5,seed_ensemble,Seed ensemble,0.4,0.9896246560470979,validation_confidence_quantile,validation,False,validation_selected_threshold,0.4,0.984375,0.015625,0.378125,0.9752066115702479,0.024793388429752067,121,0.871875,0.9235783583540066,0.9069562798648455,results/calibration_workflow_bnci2014_004/probabilities/validation_only_selection_bnci2014_004_subject5_probabilities.npz
BNCI2014_004,5,seed_ensemble,Seed ensemble,0.6,0.9694723866252812,validation_confidence_quantile,validation,False,validation_selected_threshold,0.6,0.9895833333333334,0.010416666666666666,0.525,0.9702380952380952,0.02976190476190476,168,0.871875,0.9235783583540066,0.9069562798648455,results/calibration_workflow_bnci2014_004/probabilities/validation_only_selection_bnci2014_004_subject5_probabilities.npz
BNCI2014_004,5,seed_ensemble,Seed ensemble,0.8,0.8630533814430237,validation_confidence_quantile,validation,False,validation_selected_threshold,0.8,0.984375,0.015625,0.746875,0.9456066945606695,0.05439330543933055,239,0.871875,0.9235783583540066,0.9069562798648455,results/calibration_workflow_bnci2014_004/probabilities/validation_only_selection_bnci2014_004_subject5_probabilities.npz
BNCI2014_004,5,seed_ensemble,Seed ensemble,0.9,0.7309726694516143,validation_confidence_quantile,validation,False,validation_selected_threshold,0.9,0.9583333333333334,0.041666666666666664,0.85625,0.9233576642335767,0.07664233576642336,274,0.871875,0.9235783583540066,0.9069562798648455,results/calibration_workflow_bnci2014_004/probabilities/validation_only_selection_bnci2014_004_subject5_probabilities.npz
BNCI2014_004,5,teacher_student_mixture,Teacher/student,0.4,0.9636275983667582,validation_confidence_quantile,validation,False,validation_selected_threshold,0.4,1.0,0.0,0.31875,1.0,0.0,102,0.91875,0.9065369703761952,0.8751533592418855,results/calibration_workflow_bnci2014_004/probabilities/validation_only_selection_bnci2014_004_subject5_probabilities.npz
BNCI2014_004,5,teacher_student_mixture,Teacher/student,0.6,0.9403155340964101,validation_confidence_quantile,validation,False,validation_selected_threshold,0.6,1.0,0.0,0.43125,0.9782608695652174,0.021739130434782608,138,0.91875,0.9065369703761952,0.8751533592418855,results/calibration_workflow_bnci2014_004/probabilities/validation_only_selection_bnci2014_004_subject5_probabilities.npz
BNCI2014_004,5,teacher_student_mixture,Teacher/student,0.8,0.8596341013908386,validation_confidence_quantile,validation,False,validation_selected_threshold,0.8,0.984375,0.015625,0.68125,0.963302752293578,0.03669724770642202,218,0.91875,0.9065369703761952,0.8751533592418855,results/calibration_workflow_bnci2014_004/probabilities/validation_only_selection_bnci2014_004_subject5_probabilities.npz
BNCI2014_004,5,teacher_student_mixture,Teacher/student,0.9,0.757287703671685,validation_confidence_quantile,validation,False,validation_selected_threshold,0.9,0.9652777777777778,0.034722222222222224,0.840625,0.9553903345724907,0.04460966542750929,269,0.91875,0.9065369703761952,0.8751533592418855,results/calibration_workflow_bnci2014_004/probabilities/validation_only_selection_bnci2014_004_subject5_probabilities.npz
BNCI2014_004,5,validation_selected_portfolio,Portfolio,0.4,0.9926555683418021,validation_confidence_quantile,validation,False,validation_selected_threshold,0.4,1.0,0.0,0.4,0.96875,0.03125,128,0.853125,0.9320387202225152,0.9138065841627009,results/paper_calibration_stats/validation_selected_portfolio/calibration_workflow_bnci2014_004/probabilities/validation_only_selection_bnci2014_004_subject5_probabilities.npz
BNCI2014_004,5,validation_selected_portfolio,Portfolio,0.6,0.9701145742816542,validation_confidence_quantile,validation,False,validation_selected_threshold,0.6,0.9895833333333334,0.010416666666666666,0.553125,0.9661016949152542,0.03389830508474576,177,0.853125,0.9320387202225152,0.9138065841627009,results/paper_calibration_stats/validation_selected_portfolio/calibration_workflow_bnci2014_004/probabilities/validation_only_selection_bnci2014_004_subject5_probabilities.npz
BNCI2014_004,5,validation_selected_portfolio,Portfolio,0.8,0.9021572999495469,validation_confidence_quantile,validation,False,validation_selected_threshold,0.8,0.9921875,0.0078125,0.7,0.9330357142857143,0.06696428571428571,224,0.853125,0.9320387202225152,0.9138065841627009,results/paper_calibration_stats/validation_selected_portfolio/calibration_workflow_bnci2014_004/probabilities/validation_only_selection_bnci2014_004_subject5_probabilities.npz
BNCI2014_004,5,validation_selected_portfolio,Portfolio,0.9,0.742075502872467,validation_confidence_quantile,validation,False,validation_selected_threshold,0.9,0.9583333333333334,0.041666666666666664,0.875,0.8964285714285715,0.10357142857142858,280,0.853125,0.9320387202225152,0.9138065841627009,results/paper_calibration_stats/validation_selected_portfolio/calibration_workflow_bnci2014_004/probabilities/validation_only_selection_bnci2014_004_subject5_probabilities.npz
BNCI2014_004,6,augmentation,Augmentation,0.4,0.8453205571973158,validation_confidence_quantile,validation,False,validation_selected_threshold,0.4,0.90625,0.09375,0.509375,0.9631901840490797,0.03680981595092025,163,0.859375,0.7822280508054862,0.8111778126319742,results/calibration_workflow_bnci2014_004/probabilities/validation_only_selection_bnci2014_004_subject6_probabilities.npz
BNCI2014_004,6,augmentation,Augmentation,0.6,0.7551372051239014,validation_confidence_quantile,validation,False,validation_selected_threshold,0.6,0.875,0.125,0.65625,0.9428571428571428,0.05714285714285714,210,0.859375,0.7822280508054862,0.8111778126319742,results/calibration_workflow_bnci2014_004/probabilities/validation_only_selection_bnci2014_004_subject6_probabilities.npz
BNCI2014_004,6,augmentation,Augmentation,0.8,0.6418822599018293,validation_confidence_quantile,validation,False,validation_selected_threshold,0.8,0.8515625,0.1484375,0.8375,0.9029850746268657,0.09701492537313433,268,0.859375,0.7822280508054862,0.8111778126319742,results/calibration_workflow_bnci2014_004/probabilities/validation_only_selection_bnci2014_004_subject6_probabilities.npz
BNCI2014_004,6,augmentation,Augmentation,0.9,0.570635199546814,validation_confidence_quantile,validation,False,validation_selected_threshold,0.9,0.8055555555555556,0.19444444444444445,0.921875,0.8711864406779661,0.1288135593220339,295,0.859375,0.7822280508054862,0.8111778126319742,results/calibration_workflow_bnci2014_004/probabilities/validation_only_selection_bnci2014_004_subject6_probabilities.npz
BNCI2014_004,6,baseline,Baseline,0.4,0.8125963089973285,validation_confidence_quantile,validation,False,validation_selected_threshold,0.4,0.890625,0.109375,0.49375,0.9620253164556962,0.0379746835443038,158,0.821875,0.7589842118071102,0.7798966067971655,results/calibration_workflow_bnci2014_004/probabilities/validation_only_selection_bnci2014_004_subject6_probabilities.npz
BNCI2014_004,6,baseline,Baseline,0.6,0.7201053118737135,validation_confidence_quantile,validation,False,validation_selected_threshold,0.6,0.8541666666666666,0.14583333333333334,0.6375,0.9215686274509803,0.0784313725490196,204,0.821875,0.7589842118071102,0.7798966067971655,results/calibration_workflow_bnci2014_004/probabilities/validation_only_selection_bnci2014_004_subject6_probabilities.npz
BNCI2014_004,6,baseline,Baseline,0.8,0.6115052103996277,validation_confidence_quantile,validation,False,validation_selected_threshold,0.8,0.78125,0.21875,0.796875,0.8627450980392157,0.13725490196078433,255,0.821875,0.7589842118071102,0.7798966067971655,results/calibration_workflow_bnci2014_004/probabilities/validation_only_selection_bnci2014_004_subject6_probabilities.npz
BNCI2014_004,6,baseline,Baseline,0.9,0.565658075640855,validation_confidence_quantile,validation,False,validation_selected_threshold,0.9,0.7708333333333334,0.22916666666666666,0.890625,0.8456140350877193,0.1543859649122807,285,0.821875,0.7589842118071102,0.7798966067971655,results/calibration_workflow_bnci2014_004/probabilities/validation_only_selection_bnci2014_004_subject6_probabilities.npz
BNCI2014_004,6,seed_ensemble,Seed ensemble,0.4,0.8318676476458855,validation_confidence_quantile,validation,False,validation_selected_threshold,0.4,0.921875,0.078125,0.51875,0.963855421686747,0.03614457831325301,166,0.825,0.767573828472105,0.8024214199241122,results/calibration_workflow_bnci2014_004/probabilities/validation_only_selection_bnci2014_004_subject6_probabilities.npz
BNCI2014_004,6,seed_ensemble,Seed ensemble,0.6,0.7441874742507935,validation_confidence_quantile,validation,False,validation_selected_threshold,0.6,0.875,0.125,0.646875,0.9371980676328503,0.06280193236714976,207,0.825,0.767573828472105,0.8024214199241122,results/calibration_workflow_bnci2014_004/probabilities/validation_only_selection_bnci2014_004_subject6_probabilities.npz
BNCI2014_004,6,seed_ensemble,Seed ensemble,0.8,0.6043815612792969,validation_confidence_quantile,validation,False,validation_selected_threshold,0.8,0.8125,0.1875,0.84375,0.8629629629629629,0.13703703703703704,270,0.825,0.767573828472105,0.8024214199241122,results/calibration_workflow_bnci2014_004/probabilities/validation_only_selection_bnci2014_004_subject6_probabilities.npz
BNCI2014_004,6,seed_ensemble,Seed ensemble,0.9,0.5541593432426453,validation_confidence_quantile,validation,False,validation_selected_threshold,0.9,0.7916666666666666,0.20833333333333334,0.93125,0.8389261744966443,0.1610738255033557,298,0.825,0.767573828472105,0.8024214199241122,results/calibration_workflow_bnci2014_004/probabilities/validation_only_selection_bnci2014_004_subject6_probabilities.npz
BNCI2014_004,6,teacher_student_mixture,Teacher/student,0.4,0.8125963089973285,validation_confidence_quantile,validation,False,validation_selected_threshold,0.4,0.890625,0.109375,0.49375,0.9620253164556962,0.0379746835443038,158,0.821875,0.7589842118071102,0.7798966067971655,results/calibration_workflow_bnci2014_004/probabilities/validation_only_selection_bnci2014_004_subject6_probabilities.npz
BNCI2014_004,6,teacher_student_mixture,Teacher/student,0.6,0.7201053118737135,validation_confidence_quantile,validation,False,validation_selected_threshold,0.6,0.8541666666666666,0.14583333333333334,0.6375,0.9215686274509803,0.0784313725490196,204,0.821875,0.7589842118071102,0.7798966067971655,results/calibration_workflow_bnci2014_004/probabilities/validation_only_selection_bnci2014_004_subject6_probabilities.npz
BNCI2014_004,6,teacher_student_mixture,Teacher/student,0.8,0.6115052103996277,validation_confidence_quantile,validation,False,validation_selected_threshold,0.8,0.78125,0.21875,0.796875,0.8627450980392157,0.13725490196078433,255,0.821875,0.7589842118071102,0.7798966067971655,results/calibration_workflow_bnci2014_004/probabilities/validation_only_selection_bnci2014_004_subject6_probabilities.npz
BNCI2014_004,6,teacher_student_mixture,Teacher/student,0.9,0.565658075640855,validation_confidence_quantile,validation,False,validation_selected_threshold,0.9,0.7708333333333334,0.22916666666666666,0.890625,0.8456140350877193,0.1543859649122807,285,0.821875,0.7589842118071102,0.7798966067971655,results/calibration_workflow_bnci2014_004/probabilities/validation_only_selection_bnci2014_004_subject6_probabilities.npz
BNCI2014_004,6,validation_selected_portfolio,Portfolio,0.4,0.8453205571973158,validation_confidence_quantile,validation,False,validation_selected_threshold,0.4,0.90625,0.09375,0.509375,0.9631901840490797,0.03680981595092025,163,0.859375,0.7822280508054862,0.8111778126319742,results/paper_calibration_stats/validation_selected_portfolio/calibration_workflow_bnci2014_004/probabilities/validation_only_selection_bnci2014_004_subject6_probabilities.npz
BNCI2014_004,6,validation_selected_portfolio,Portfolio,0.6,0.7551372051239014,validation_confidence_quantile,validation,False,validation_selected_threshold,0.6,0.875,0.125,0.65625,0.9428571428571428,0.05714285714285714,210,0.859375,0.7822280508054862,0.8111778126319742,results/paper_calibration_stats/validation_selected_portfolio/calibration_workflow_bnci2014_004/probabilities/validation_only_selection_bnci2014_004_subject6_probabilities.npz
BNCI2014_004,6,validation_selected_portfolio,Portfolio,0.8,0.6418822599018293,validation_confidence_quantile,validation,False,validation_selected_threshold,0.8,0.8515625,0.1484375,0.8375,0.9029850746268657,0.09701492537313433,268,0.859375,0.7822280508054862,0.8111778126319742,results/paper_calibration_stats/validation_selected_portfolio/calibration_workflow_bnci2014_004/probabilities/validation_only_selection_bnci2014_004_subject6_probabilities.npz
BNCI2014_004,6,validation_selected_portfolio,Portfolio,0.9,0.570635199546814,validation_confidence_quantile,validation,False,validation_selected_threshold,0.9,0.8055555555555556,0.19444444444444445,0.921875,0.8711864406779661,0.1288135593220339,295,0.859375,0.7822280508054862,0.8111778126319742,results/paper_calibration_stats/validation_selected_portfolio/calibration_workflow_bnci2014_004/probabilities/validation_only_selection_bnci2014_004_subject6_probabilities.npz
BNCI2014_004,7,augmentation,Augmentation,0.4,0.9459802053269775,validation_confidence_quantile,validation,False,validation_selected_threshold,0.4,0.953125,0.046875,0.275,0.9545454545454546,0.045454545454545456,88,0.76875,0.8585653223428569,0.8088682787787779,results/calibration_workflow_bnci2014_004/probabilities/validation_only_selection_bnci2014_004_subject7_probabilities.npz
BNCI2014_004,7,augmentation,Augmentation,0.6,0.8527868986129761,validation_confidence_quantile,validation,False,validation_selected_threshold,0.6,0.9375,0.0625,0.471875,0.9006622516556292,0.09933774834437085,151,0.76875,0.8585653223428569,0.8088682787787779,results/calibration_workflow_bnci2014_004/probabilities/validation_only_selection_bnci2014_004_subject7_probabilities.npz
BNCI2014_004,7,augmentation,Augmentation,0.8,0.7390433329628905,validation_confidence_quantile,validation,False,validation_selected_threshold,0.8,0.9140625,0.0859375,0.65625,0.8714285714285714,0.12857142857142856,210,0.76875,0.8585653223428569,0.8088682787787779,results/calibration_workflow_bnci2014_004/probabilities/validation_only_selection_bnci2014_004_subject7_probabilities.npz
BNCI2014_004,7,augmentation,Augmentation,0.9,0.6447779728406063,validation_confidence_quantile,validation,False,validation_selected_threshold,0.9,0.9097222222222222,0.09027777777777778,0.809375,0.8262548262548263,0.17374517374517376,259,0.76875,0.8585653223428569,0.8088682787787779,results/calibration_workflow_bnci2014_004/probabilities/validation_only_selection_bnci2014_004_subject7_probabilities.npz
BNCI2014_004,7,baseline,Baseline,0.4,0.9459802053269775,validation_confidence_quantile,validation,False,validation_selected_threshold,0.4,0.953125,0.046875,0.275,0.9545454545454546,0.045454545454545456,88,0.76875,0.8585653223428569,0.8088682787787779,results/calibration_workflow_bnci2014_004/probabilities/validation_only_selection_bnci2014_004_subject7_probabilities.npz
BNCI2014_004,7,baseline,Baseline,0.6,0.8527868986129761,validation_confidence_quantile,validation,False,validation_selected_threshold,0.6,0.9375,0.0625,0.471875,0.9006622516556292,0.09933774834437085,151,0.76875,0.8585653223428569,0.8088682787787779,results/calibration_workflow_bnci2014_004/probabilities/validation_only_selection_bnci2014_004_subject7_probabilities.npz
BNCI2014_004,7,baseline,Baseline,0.8,0.7390433329628905,validation_confidence_quantile,validation,False,validation_selected_threshold,0.8,0.9140625,0.0859375,0.65625,0.8714285714285714,0.12857142857142856,210,0.76875,0.8585653223428569,0.8088682787787779,results/calibration_workflow_bnci2014_004/probabilities/validation_only_selection_bnci2014_004_subject7_probabilities.npz
BNCI2014_004,7,baseline,Baseline,0.9,0.6447779728406063,validation_confidence_quantile,validation,False,validation_selected_threshold,0.9,0.9097222222222222,0.09027777777777778,0.809375,0.8262548262548263,0.17374517374517376,259,0.76875,0.8585653223428569,0.8088682787787779,results/calibration_workflow_bnci2014_004/probabilities/validation_only_selection_bnci2014_004_subject7_probabilities.npz
BNCI2014_004,7,seed_ensemble,Seed ensemble,0.4,0.9360870439980314,validation_confidence_quantile,validation,False,validation_selected_threshold,0.4,0.9375,0.0625,0.30625,0.9387755102040817,0.061224489795918366,98,0.7875,0.8534165724193482,0.8060612996089723,results/calibration_workflow_bnci2014_004/probabilities/validation_only_selection_bnci2014_004_subject7_probabilities.npz
BNCI2014_004,7,seed_ensemble,Seed ensemble,0.6,0.8558425903320312,validation_confidence_quantile,validation,False,validation_selected_threshold,0.6,0.9375,0.0625,0.446875,0.916083916083916,0.08391608391608392,143,0.7875,0.8534165724193482,0.8060612996089723,results/calibration_workflow_bnci2014_004/probabilities/validation_only_selection_bnci2014_004_subject7_probabilities.npz
BNCI2014_004,7,seed_ensemble,Seed ensemble,0.8,0.7189503693893442,validation_confidence_quantile,validation,False,validation_selected_threshold,0.8,0.9140625,0.0859375,0.69375,0.8603603603603603,0.13963963963963963,222,0.7875,0.8534165724193482,0.8060612996089723,results/calibration_workflow_bnci2014_004/probabilities/validation_only_selection_bnci2014_004_subject7_probabilities.npz
BNCI2014_004,7,seed_ensemble,Seed ensemble,0.9,0.6539210081100464,validation_confidence_quantile,validation,False,validation_selected_threshold,0.9,0.9027777777777778,0.09722222222222222,0.775,0.8467741935483871,0.1532258064516129,248,0.7875,0.8534165724193482,0.8060612996089723,results/calibration_workflow_bnci2014_004/probabilities/validation_only_selection_bnci2014_004_subject7_probabilities.npz
BNCI2014_004,7,teacher_student_mixture,Teacher/student,0.4,0.9459802053269775,validation_confidence_quantile,validation,False,validation_selected_threshold,0.4,0.953125,0.046875,0.275,0.9545454545454546,0.045454545454545456,88,0.76875,0.8585653223428569,0.8088682787787779,results/calibration_workflow_bnci2014_004/probabilities/validation_only_selection_bnci2014_004_subject7_probabilities.npz
BNCI2014_004,7,teacher_student_mixture,Teacher/student,0.6,0.8527868986129761,validation_confidence_quantile,validation,False,validation_selected_threshold,0.6,0.9375,0.0625,0.471875,0.9006622516556292,0.09933774834437085,151,0.76875,0.8585653223428569,0.8088682787787779,results/calibration_workflow_bnci2014_004/probabilities/validation_only_selection_bnci2014_004_subject7_probabilities.npz
BNCI2014_004,7,teacher_student_mixture,Teacher/student,0.8,0.7390433329628905,validation_confidence_quantile,validation,False,validation_selected_threshold,0.8,0.9140625,0.0859375,0.65625,0.8714285714285714,0.12857142857142856,210,0.76875,0.8585653223428569,0.8088682787787779,results/calibration_workflow_bnci2014_004/probabilities/validation_only_selection_bnci2014_004_subject7_probabilities.npz
BNCI2014_004,7,teacher_student_mixture,Teacher/student,0.9,0.6447779728406063,validation_confidence_quantile,validation,False,validation_selected_threshold,0.9,0.9097222222222222,0.09027777777777778,0.809375,0.8262548262548263,0.17374517374517376,259,0.76875,0.8585653223428569,0.8088682787787779,results/calibration_workflow_bnci2014_004/probabilities/validation_only_selection_bnci2014_004_subject7_probabilities.npz
BNCI2014_004,7,validation_selected_portfolio,Portfolio,0.4,0.9459802053269775,validation_confidence_quantile,validation,False,validation_selected_threshold,0.4,0.953125,0.046875,0.275,0.9545454545454546,0.045454545454545456,88,0.76875,0.8585653223428569,0.8088682787787779,results/paper_calibration_stats/validation_selected_portfolio/calibration_workflow_bnci2014_004/probabilities/validation_only_selection_bnci2014_004_subject7_probabilities.npz
BNCI2014_004,7,validation_selected_portfolio,Portfolio,0.6,0.8527868986129761,validation_confidence_quantile,validation,False,validation_selected_threshold,0.6,0.9375,0.0625,0.471875,0.9006622516556292,0.09933774834437085,151,0.76875,0.8585653223428569,0.8088682787787779,results/paper_calibration_stats/validation_selected_portfolio/calibration_workflow_bnci2014_004/probabilities/validation_only_selection_bnci2014_004_subject7_probabilities.npz
BNCI2014_004,7,validation_selected_portfolio,Portfolio,0.8,0.7390433329628905,validation_confidence_quantile,validation,False,validation_selected_threshold,0.8,0.9140625,0.0859375,0.65625,0.8714285714285714,0.12857142857142856,210,0.76875,0.8585653223428569,0.8088682787787779,results/paper_calibration_stats/validation_selected_portfolio/calibration_workflow_bnci2014_004/probabilities/validation_only_selection_bnci2014_004_subject7_probabilities.npz
BNCI2014_004,7,validation_selected_portfolio,Portfolio,0.9,0.6447779728406063,validation_confidence_quantile,validation,False,validation_selected_threshold,0.9,0.9097222222222222,0.09027777777777778,0.809375,0.8262548262548263,0.17374517374517376,259,0.76875,0.8585653223428569,0.8088682787787779,results/paper_calibration_stats/validation_selected_portfolio/calibration_workflow_bnci2014_004/probabilities/validation_only_selection_bnci2014_004_subject7_probabilities.npz
BNCI2014_004,8,augmentation,Augmentation,0.4,0.9636590732098129,validation_confidence_quantile,validation,False,validation_selected_threshold,0.4,1.0,0.0,0.5375,0.9883720930232558,0.011627906976744186,172,0.890625,0.889534999667088,0.9060932932296751,results/calibration_workflow_bnci2014_004/probabilities/validation_only_selection_bnci2014_004_subject8_probabilities.npz
BNCI2014_004,8,augmentation,Augmentation,0.6,0.8944062127829524,validation_confidence_quantile,validation,False,validation_selected_threshold,0.6,0.9895833333333334,0.010416666666666666,0.703125,0.9822222222222222,0.017777777777777778,225,0.890625,0.889534999667088,0.9060932932296751,results/calibration_workflow_bnci2014_004/probabilities/validation_only_selection_bnci2014_004_subject8_probabilities.npz
BNCI2014_004,8,augmentation,Augmentation,0.8,0.8115009665489197,validation_confidence_quantile,validation,False,validation_selected_threshold,0.8,0.9375,0.0625,0.825,0.946969696969697,0.05303030303030303,264,0.890625,0.889534999667088,0.9060932932296751,results/calibration_workflow_bnci2014_004/probabilities/validation_only_selection_bnci2014_004_subject8_probabilities.npz
BNCI2014_004,8,augmentation,Augmentation,0.9,0.6972078292729804,validation_confidence_quantile,validation,False,validation_selected_threshold,0.9,0.8958333333333334,0.10416666666666667,0.896875,0.9372822299651568,0.0627177700348432,287,0.890625,0.889534999667088,0.9060932932296751,results/calibration_workflow_bnci2014_004/probabilities/validation_only_selection_bnci2014_004_subject8_probabilities.npz
BNCI2014_004,8,baseline,Baseline,0.4,0.9636590732098129,validation_confidence_quantile,validation,False,validation_selected_threshold,0.4,1.0,0.0,0.5375,0.9883720930232558,0.011627906976744186,172,0.890625,0.889534999667088,0.9060932932296751,results/calibration_workflow_bnci2014_004/probabilities/validation_only_selection_bnci2014_004_subject8_probabilities.npz
BNCI2014_004,8,baseline,Baseline,0.6,0.8944062127829524,validation_confidence_quantile,validation,False,validation_selected_threshold,0.6,0.9895833333333334,0.010416666666666666,0.703125,0.9822222222222222,0.017777777777777778,225,0.890625,0.889534999667088,0.9060932932296751,results/calibration_workflow_bnci2014_004/probabilities/validation_only_selection_bnci2014_004_subject8_probabilities.npz
BNCI2014_004,8,baseline,Baseline,0.8,0.8115009665489197,validation_confidence_quantile,validation,False,validation_selected_threshold,0.8,0.9375,0.0625,0.825,0.946969696969697,0.05303030303030303,264,0.890625,0.889534999667088,0.9060932932296751,results/calibration_workflow_bnci2014_004/probabilities/validation_only_selection_bnci2014_004_subject8_probabilities.npz
BNCI2014_004,8,baseline,Baseline,0.9,0.6972078292729804,validation_confidence_quantile,validation,False,validation_selected_threshold,0.9,0.8958333333333334,0.10416666666666667,0.896875,0.9372822299651568,0.0627177700348432,287,0.890625,0.889534999667088,0.9060932932296751,results/calibration_workflow_bnci2014_004/probabilities/validation_only_selection_bnci2014_004_subject8_probabilities.npz
BNCI2014_004,8,seed_ensemble,Seed ensemble,0.4,0.9649551367021332,validation_confidence_quantile,validation,False,validation_selected_threshold,0.4,1.0,0.0,0.553125,0.9887005649717514,0.011299435028248588,177,0.8875,0.8869139143792548,0.9065729920972434,results/calibration_workflow_bnci2014_004/probabilities/validation_only_selection_bnci2014_004_subject8_probabilities.npz
BNCI2014_004,8,seed_ensemble,Seed ensemble,0.6,0.9009721740935419,validation_confidence_quantile,validation,False,validation_selected_threshold,0.6,0.9791666666666666,0.020833333333333332,0.69375,0.972972972972973,0.02702702702702703,222,0.8875,0.8869139143792548,0.9065729920972434,results/calibration_workflow_bnci2014_004/probabilities/validation_only_selection_bnci2014_004_subject8_probabilities.npz
BNCI2014_004,8,seed_ensemble,Seed ensemble,0.8,0.7909311416467684,validation_confidence_quantile,validation,False,validation_selected_threshold,0.8,0.9296875,0.0703125,0.834375,0.9438202247191011,0.056179775280898875,267,0.8875,0.8869139143792548,0.9065729920972434,results/calibration_workflow_bnci2014_004/probabilities/validation_only_selection_bnci2014_004_subject8_probabilities.npz
BNCI2014_004,8,seed_ensemble,Seed ensemble,0.9,0.7047930149795707,validation_confidence_quantile,validation,False,validation_selected_threshold,0.9,0.9027777777777778,0.09722222222222222,0.878125,0.9395017793594306,0.060498220640569395,281,0.8875,0.8869139143792548,0.9065729920972434,results/calibration_workflow_bnci2014_004/probabilities/validation_only_selection_bnci2014_004_subject8_probabilities.npz
BNCI2014_004,8,teacher_student_mixture,Teacher/student,0.4,0.9636590732098129,validation_confidence_quantile,validation,False,validation_selected_threshold,0.4,1.0,0.0,0.5375,0.9883720930232558,0.011627906976744186,172,0.890625,0.889534999667088,0.9060932932296751,results/calibration_workflow_bnci2014_004/probabilities/validation_only_selection_bnci2014_004_subject8_probabilities.npz
BNCI2014_004,8,teacher_student_mixture,Teacher/student,0.6,0.8944062127829524,validation_confidence_quantile,validation,False,validation_selected_threshold,0.6,0.9895833333333334,0.010416666666666666,0.703125,0.9822222222222222,0.017777777777777778,225,0.890625,0.889534999667088,0.9060932932296751,results/calibration_workflow_bnci2014_004/probabilities/validation_only_selection_bnci2014_004_subject8_probabilities.npz
BNCI2014_004,8,teacher_student_mixture,Teacher/student,0.8,0.8115009665489197,validation_confidence_quantile,validation,False,validation_selected_threshold,0.8,0.9375,0.0625,0.825,0.946969696969697,0.05303030303030303,264,0.890625,0.889534999667088,0.9060932932296751,results/calibration_workflow_bnci2014_004/probabilities/validation_only_selection_bnci2014_004_subject8_probabilities.npz
BNCI2014_004,8,teacher_student_mixture,Teacher/student,0.9,0.6972078292729804,validation_confidence_quantile,validation,False,validation_selected_threshold,0.9,0.8958333333333334,0.10416666666666667,0.896875,0.9372822299651568,0.0627177700348432,287,0.890625,0.889534999667088,0.9060932932296751,results/calibration_workflow_bnci2014_004/probabilities/validation_only_selection_bnci2014_004_subject8_probabilities.npz
BNCI2014_004,8,validation_selected_portfolio,Portfolio,0.4,0.9649551367021332,validation_confidence_quantile,validation,False,validation_selected_threshold,0.4,1.0,0.0,0.553125,0.9887005649717514,0.011299435028248588,177,0.8875,0.8869139143792548,0.9065729920972434,results/paper_calibration_stats/validation_selected_portfolio/calibration_workflow_bnci2014_004/probabilities/validation_only_selection_bnci2014_004_subject8_probabilities.npz
BNCI2014_004,8,validation_selected_portfolio,Portfolio,0.6,0.9009721740935419,validation_confidence_quantile,validation,False,validation_selected_threshold,0.6,0.9791666666666666,0.020833333333333332,0.69375,0.972972972972973,0.02702702702702703,222,0.8875,0.8869139143792548,0.9065729920972434,results/paper_calibration_stats/validation_selected_portfolio/calibration_workflow_bnci2014_004/probabilities/validation_only_selection_bnci2014_004_subject8_probabilities.npz
BNCI2014_004,8,validation_selected_portfolio,Portfolio,0.8,0.7909311416467684,validation_confidence_quantile,validation,False,validation_selected_threshold,0.8,0.9296875,0.0703125,0.834375,0.9438202247191011,0.056179775280898875,267,0.8875,0.8869139143792548,0.9065729920972434,results/paper_calibration_stats/validation_selected_portfolio/calibration_workflow_bnci2014_004/probabilities/validation_only_selection_bnci2014_004_subject8_probabilities.npz
BNCI2014_004,8,validation_selected_portfolio,Portfolio,0.9,0.7047930149795707,validation_confidence_quantile,validation,False,validation_selected_threshold,0.9,0.9027777777777778,0.09722222222222222,0.878125,0.9395017793594306,0.060498220640569395,281,0.8875,0.8869139143792548,0.9065729920972434,results/paper_calibration_stats/validation_selected_portfolio/calibration_workflow_bnci2014_004/probabilities/validation_only_selection_bnci2014_004_subject8_probabilities.npz
BNCI2014_004,9,augmentation,Augmentation,0.4,0.9818367921492577,validation_confidence_quantile,validation,False,validation_selected_threshold,0.4,0.984375,0.015625,0.328125,0.9904761904761905,0.009523809523809525,105,0.9,0.8816132511124429,0.8785110709303536,results/calibration_workflow_bnci2014_004/probabilities/validation_only_selection_bnci2014_004_subject9_probabilities.npz
BNCI2014_004,9,augmentation,Augmentation,0.6,0.9003923468262527,validation_confidence_quantile,validation,False,validation_selected_threshold,0.6,0.9791666666666666,0.020833333333333332,0.60625,0.9845360824742269,0.015463917525773196,194,0.9,0.8816132511124429,0.8785110709303536,results/calibration_workflow_bnci2014_004/probabilities/validation_only_selection_bnci2014_004_subject9_probabilities.npz
BNCI2014_004,9,augmentation,Augmentation,0.8,0.7584405767452889,validation_confidence_quantile,validation,False,validation_selected_threshold,0.8,0.9375,0.0625,0.79375,0.9448818897637795,0.05511811023622047,254,0.9,0.8816132511124429,0.8785110709303536,results/calibration_workflow_bnci2014_004/probabilities/validation_only_selection_bnci2014_004_subject9_probabilities.npz
BNCI2014_004,9,augmentation,Augmentation,0.9,0.6546990871429443,validation_confidence_quantile,validation,False,validation_selected_threshold,0.9,0.9236111111111112,0.0763888888888889,0.878125,0.9217081850533808,0.07829181494661921,281,0.9,0.8816132511124429,0.8785110709303536,results/calibration_workflow_bnci2014_004/probabilities/validation_only_selection_bnci2014_004_subject9_probabilities.npz
BNCI2014_004,9,baseline,Baseline,0.4,0.9818367921492577,validation_confidence_quantile,validation,False,validation_selected_threshold,0.4,0.984375,0.015625,0.328125,0.9904761904761905,0.009523809523809525,105,0.9,0.8816132511124429,0.8785110709303536,results/calibration_workflow_bnci2014_004/probabilities/validation_only_selection_bnci2014_004_subject9_probabilities.npz
BNCI2014_004,9,baseline,Baseline,0.6,0.9003923468262527,validation_confidence_quantile,validation,False,validation_selected_threshold,0.6,0.9791666666666666,0.020833333333333332,0.60625,0.9845360824742269,0.015463917525773196,194,0.9,0.8816132511124429,0.8785110709303536,results/calibration_workflow_bnci2014_004/probabilities/validation_only_selection_bnci2014_004_subject9_probabilities.npz
BNCI2014_004,9,baseline,Baseline,0.8,0.7584405767452889,validation_confidence_quantile,validation,False,validation_selected_threshold,0.8,0.9375,0.0625,0.79375,0.9448818897637795,0.05511811023622047,254,0.9,0.8816132511124429,0.8785110709303536,results/calibration_workflow_bnci2014_004/probabilities/validation_only_selection_bnci2014_004_subject9_probabilities.npz
BNCI2014_004,9,baseline,Baseline,0.9,0.6546990871429443,validation_confidence_quantile,validation,False,validation_selected_threshold,0.9,0.9236111111111112,0.0763888888888889,0.878125,0.9217081850533808,0.07829181494661921,281,0.9,0.8816132511124429,0.8785110709303536,results/calibration_workflow_bnci2014_004/probabilities/validation_only_selection_bnci2014_004_subject9_probabilities.npz
BNCI2014_004,9,seed_ensemble,Seed ensemble,0.4,0.981550179009516,validation_confidence_quantile,validation,False,validation_selected_threshold,0.4,0.984375,0.015625,0.35625,0.9912280701754386,0.008771929824561403,114,0.896875,0.8835068422349492,0.880320833039635,results/calibration_workflow_bnci2014_004/probabilities/validation_only_selection_bnci2014_004_subject9_probabilities.npz
BNCI2014_004,9,seed_ensemble,Seed ensemble,0.6,0.9079682691698034,validation_confidence_quantile,validation,False,validation_selected_threshold,0.6,0.9895833333333334,0.010416666666666666,0.578125,0.9837837837837838,0.016216216216216217,185,0.896875,0.8835068422349492,0.880320833039635,results/calibration_workflow_bnci2014_004/probabilities/validation_only_selection_bnci2014_004_subject9_probabilities.npz
BNCI2014_004,9,seed_ensemble,Seed ensemble,0.8,0.7753524549200399,validation_confidence_quantile,validation,False,validation_selected_threshold,0.8,0.9453125,0.0546875,0.78125,0.96,0.04,250,0.896875,0.8835068422349492,0.880320833039635,results/calibration_workflow_bnci2014_004/probabilities/validation_only_selection_bnci2014_004_subject9_probabilities.npz
BNCI2014_004,9,seed_ensemble,Seed ensemble,0.9,0.6466673016548157,validation_confidence_quantile,validation,False,validation_selected_threshold,0.9,0.9236111111111112,0.0763888888888889,0.890625,0.9368421052631579,0.06315789473684211,285,0.896875,0.8835068422349492,0.880320833039635,results/calibration_workflow_bnci2014_004/probabilities/validation_only_selection_bnci2014_004_subject9_probabilities.npz
BNCI2014_004,9,teacher_student_mixture,Teacher/student,0.4,0.9818367921492577,validation_confidence_quantile,validation,False,validation_selected_threshold,0.4,0.984375,0.015625,0.328125,0.9904761904761905,0.009523809523809525,105,0.9,0.8816132511124429,0.8785110709303536,results/calibration_workflow_bnci2014_004/probabilities/validation_only_selection_bnci2014_004_subject9_probabilities.npz
BNCI2014_004,9,teacher_student_mixture,Teacher/student,0.6,0.9003923468262527,validation_confidence_quantile,validation,False,validation_selected_threshold,0.6,0.9791666666666666,0.020833333333333332,0.60625,0.9845360824742269,0.015463917525773196,194,0.9,0.8816132511124429,0.8785110709303536,results/calibration_workflow_bnci2014_004/probabilities/validation_only_selection_bnci2014_004_subject9_probabilities.npz
BNCI2014_004,9,teacher_student_mixture,Teacher/student,0.8,0.7584405767452889,validation_confidence_quantile,validation,False,validation_selected_threshold,0.8,0.9375,0.0625,0.79375,0.9448818897637795,0.05511811023622047,254,0.9,0.8816132511124429,0.8785110709303536,results/calibration_workflow_bnci2014_004/probabilities/validation_only_selection_bnci2014_004_subject9_probabilities.npz
BNCI2014_004,9,teacher_student_mixture,Teacher/student,0.9,0.6546990871429443,validation_confidence_quantile,validation,False,validation_selected_threshold,0.9,0.9236111111111112,0.0763888888888889,0.878125,0.9217081850533808,0.07829181494661921,281,0.9,0.8816132511124429,0.8785110709303536,results/calibration_workflow_bnci2014_004/probabilities/validation_only_selection_bnci2014_004_subject9_probabilities.npz
BNCI2014_004,9,validation_selected_portfolio,Portfolio,0.4,0.981550179009516,validation_confidence_quantile,validation,False,validation_selected_threshold,0.4,0.984375,0.015625,0.35625,0.9912280701754386,0.008771929824561403,114,0.896875,0.8835068422349492,0.880320833039635,results/paper_calibration_stats/validation_selected_portfolio/calibration_workflow_bnci2014_004/probabilities/validation_only_selection_bnci2014_004_subject9_probabilities.npz
BNCI2014_004,9,validation_selected_portfolio,Portfolio,0.6,0.9079682691698034,validation_confidence_quantile,validation,False,validation_selected_threshold,0.6,0.9895833333333334,0.010416666666666666,0.578125,0.9837837837837838,0.016216216216216217,185,0.896875,0.8835068422349492,0.880320833039635,results/paper_calibration_stats/validation_selected_portfolio/calibration_workflow_bnci2014_004/probabilities/validation_only_selection_bnci2014_004_subject9_probabilities.npz
BNCI2014_004,9,validation_selected_portfolio,Portfolio,0.8,0.7753524549200399,validation_confidence_quantile,validation,False,validation_selected_threshold,0.8,0.9453125,0.0546875,0.78125,0.96,0.04,250,0.896875,0.8835068422349492,0.880320833039635,results/paper_calibration_stats/validation_selected_portfolio/calibration_workflow_bnci2014_004/probabilities/validation_only_selection_bnci2014_004_subject9_probabilities.npz
BNCI2014_004,9,validation_selected_portfolio,Portfolio,0.9,0.6466673016548157,validation_confidence_quantile,validation,False,validation_selected_threshold,0.9,0.9236111111111112,0.0763888888888889,0.890625,0.9368421052631579,0.06315789473684211,285,0.896875,0.8835068422349492,0.880320833039635,results/paper_calibration_stats/validation_selected_portfolio/calibration_workflow_bnci2014_004/probabilities/validation_only_selection_bnci2014_004_subject9_probabilities.npz
